{"type":"FeatureCollection","features":[{"type":"Feature","properties":{"name":"Yemen","aliases":["Yemen","Republic of Yemen"],"kind":"country"},"geometry":{"type":"MultiLineString","coordinates":[[[42.5697,15.4073],[42.549,15.3201],[42.5587,15.2812],[42.6245,15.368],[42.6023,15.4325],[42.5697,15.4073]],[[54.1874,12.664],[53.8248,12.6248],[53.535,12.7158],[53.431,12.6636],[53.3158,12.5332],[53.5983,12.3423],[53.7188,12.319],[54.1295,12.3606],[54.5111,12.5528],[54.1874,12.664]],[[42.6897,13.6736],[42.7559,13.7043],[42.7941,13.7661],[42.735,13.753],[42.6897,13.6736]],[[42.694,14.0079],[42.7742,13.9502],[42.7983,14.0123],[42.7621,14.0675],[42.694,14.0079]],[[42.7992,16.3729],[42.8396,16.032],[42.7172,15.6546],[42.799,15.3263],[42.7885,15.2657],[42.6979,15.3263],[42.6578,15.2328],[42.8557,15.133],[42.9364,14.9386],[42.9222,14.8174],[43.0934,14.2037],[43.0891,14.011],[43.2341,13.8589],[43.2824,13.6925],[43.2319,13.2671],[43.4753,12.839],[43.4876,12.6988],[43.6344,12.7445],[44.0059,12.6077],[44.3585,12.6691],[44.6178,12.8172],[44.7553,12.7638],[45.0387,12.8159],[45.1639,12.9983],[45.3936,13.067],[45.6573,13.3387],[45.9197,13.3943],[46.502,13.4156],[46.7889,13.4656],[47.4077,13.6616],[47.6334,13.8584],[47.9899,14.0481],[48.2778,13.9977],[48.6684,14.0501],[48.9287,14.2675],[49.048,14.4564],[49.3499,14.6378],[49.9063,14.8281],[50.1669,14.851],[50.5271,15.0382],[51.0151,15.1408],[51.6037,15.3368],[52.2175,15.6555],[52.174,15.9568],[52.2373,16.1714],[52.3277,16.2936],[52.5814,16.4704],[53.0866,16.6487]]]}},{"type":"Feature","properties":{"name":"Vietnam","aliases":["Vietnam","Socialist Republic of Vietnam"],"kind":"country"},"geometry":{"type":"MultiLineString","coordinates":[[[107.4763,21.2689],[107.4525,21.2353],[107.4035,21.0937],[107.4587,21.0917],[107.6027,21.2168],[107.4763,21.2689]],[[107.4786,20.9523],[107.3992,20.9035],[107.5213,20.9266],[107.5513,21.034],[107.4786,20.9523]],[[107.0438,20.8368],[106.9534,20.867],[106.9106,20.8242],[106.99,20.7431],[107.0423,20.761],[107.0438,20.8368]],[[106.7953,20.9279],[106.7694,20.8642],[106.8541,20.7964],[106.8551,20.8583],[106.7953,20.9279]],[[106.568,8.7009],[106.6525,8.7011],[106.6586,8.7664],[106.568,8.7009]],[[104.0277,10.4284],[103.8495,10.3711],[103.9521,10.2429],[104.0185,10.0292],[104.083,10.3411],[104.0277,10.4284]],[[107.0779,10.3875],[107.0838,10.3366],[107.1949,10.4457],[107.1766,10.4462],[107.0779,10.3875]],[[104.4256,10.4119],[104.6635,10.1699],[104.802,10.2027],[104.8732,10.1148],[105.0278,10.0674],[105.0845,9.9957],[105.0926,9.901],[104.9032,9.8163],[104.8452,9.6062],[104.8186,8.8019],[104.8963,8.7466],[104.7704,8.5977],[104.8919,8.5833],[105.1144,8.6292],[105.3223,8.8011],[105.501,9.0932],[106.1684,9.3967],[106.2062,9.5023],[106.1586,9.5941],[105.831,10.0007],[105.9257,9.9617],[106.204,9.6754],[106.378,9.5561],[106.4841,9.5594],[106.5725,9.6411],[106.5644,9.7156],[106.1364,10.2217],[106.4491,9.9396],[106.5956,9.8599],[106.6568,9.9011],[106.6592,9.9914],[106.7853,10.1165],[106.729,10.1933],[106.4641,10.2983],[106.7574,10.2958],[106.7775,10.3761],[106.7412,10.4444],[106.6059,10.4649],[106.7273,10.5356],[106.8127,10.4333],[106.9021,10.3828],[106.9475,10.4003],[107.0066,10.6605],[107.0878,10.4983],[107.1941,10.4716],[107.2615,10.3984],[107.8451,10.7001],[108.0014,10.7204],[108.0949,10.8973],[108.2717,10.9343],[108.5513,11.156],[108.7003,11.1993],[108.8208,11.3154],[108.9867,11.3364],[109.0396,11.5927],[109.1325,11.6011],[109.1986,11.7249],[109.1673,11.912],[109.2146,12.0104],[109.2473,11.9087],[109.2592,11.9545],[109.2157,12.0729],[109.2068,12.4154],[109.3047,12.3912],[109.2189,12.6458],[109.3355,12.7519],[109.4449,12.5996],[109.4239,12.956],[109.2719,13.2793],[109.2471,13.8547],[109.2881,13.765],[109.3033,13.8564],[109.087,14.5526],[109.0849,14.7162],[108.9399,15.0015],[108.8213,15.3779],[108.5778,15.5847],[108.286,15.9891],[108.2674,16.0898],[108.209,16.0911],[108.0294,16.3311],[107.8338,16.3225],[107.8031,16.4031],[107.5408,16.6086],[107.5493,16.6426],[107.1804,16.8979],[107.1199,17.0555],[106.7357,17.3672],[106.5168,17.6628],[106.3705,17.7469],[106.4789,17.7196],[106.4594,17.8737],[106.499,17.9464],[106.2396,18.2207],[106.0656,18.3164],[105.8883,18.5025],[105.6218,18.9663],[105.6391,19.0572],[105.7164,19.1278],[105.7911,19.2942],[105.814,19.5875],[105.9841,19.9391],[106.1657,19.992],[106.518,20.2889],[106.5729,20.3922],[106.5508,20.5266],[106.7534,20.7351],[106.6834,21.0003],[106.8862,20.95],[107.0752,20.9993],[107.1647,20.9487],[107.3543,21.0552],[107.41,21.2848],[107.6367,21.3681],[107.8091,21.4971],[107.9736,21.5081]]]}},{"type":"Feature","properties":{"name":"Venezuela","aliases":["Venezuela","Bolivarian Republic of Venezuela"],"kind":"country"},"geometry":{"type":"MultiLineString","coordinates":[[[-65.3832,10.9738],[-65.4146,10.9379],[-65.3652,10.9064],[-65.2125,10.9064],[-65.3023,10.9738],[-65.3832,10.9738]],[[-64.0073,11.0685],[-64.0283,11.0019],[-64.1128,11.0057],[-64.2498,11.0803],[-64.3486,11.0519],[-64.4023,10.9816],[-64.1609,10.9588],[-64.1012,10.9014],[-63.9936,10.8812],[-63.9176,10.8875],[-63.8271,10.9758],[-63.8494,11.131],[-63.8931,11.1672],[-64.0073,11.0685]],[[-60.9979,8.8673],[-60.8614,8.9496],[-60.8492,8.9957],[-60.9158,9.0703],[-61.0692,8.9473],[-61.06,8.847],[-60.9979,8.8673]],[[-60.7904,9.1772],[-60.7358,9.2033],[-60.9073,9.1787],[-60.9414,9.1056],[-60.7904,9.1772]],[[-60.0156,8.5484],[-60.1675,8.617],[-60.3402,8.6288],[-60.4815,8.5473],[-60.801,8.5921],[-61.036,8.4931],[-61.1938,8.4876],[-61.304,8.4104],[-61.6187,8.5975],[-61.2473,8.6003],[-61.0231,9.1546],[-60.971,9.2152],[-60.841,9.2637],[-60.7925,9.3607],[-61.0134,9.5564],[-61.3094,9.6331],[-61.5889,9.8945],[-61.6254,9.8165],[-61.7659,9.8138],[-61.7359,9.6312],[-61.9086,9.8699],[-62.0771,9.975],[-62.1553,9.9792],[-62.1534,9.8218],[-62.2211,9.8826],[-62.3204,9.7831],[-62.5503,10.2004],[-62.6005,10.2173],[-62.6005,10.1169],[-62.7406,10.0562],[-62.6616,10.1986],[-62.6858,10.2898],[-62.843,10.4179],[-62.843,10.5072],[-62.9136,10.5315],[-62.6936,10.563],[-62.38,10.5469],[-62.2329,10.634],[-61.9214,10.6814],[-61.8795,10.741],[-62.2423,10.6996],[-62.7023,10.7498],[-63.4968,10.6433],[-64.2982,10.6352],[-64.2475,10.5426],[-64.1579,10.5792],[-63.8627,10.5582],[-63.7319,10.5034],[-63.8337,10.4485],[-64.1883,10.4578],[-64.8505,10.0981],[-65.1291,10.0701],[-65.8518,10.2578],[-66.0905,10.4729],[-66.1059,10.5746],[-66.2472,10.6322],[-66.9891,10.6106],[-67.8716,10.4721],[-68.1399,10.4927],[-68.2341,10.5691],[-68.2963,10.6894],[-68.3247,10.8087],[-68.2721,10.88],[-68.3986,11.161],[-68.828,11.4317],[-69.2326,11.5185],[-69.6316,11.4799],[-69.7624,11.676],[-69.8601,12.0542],[-70.004,12.1779],[-70.2028,12.0984],[-70.2865,11.886],[-70.1926,11.6246],[-69.8173,11.6721],[-69.7729,11.5413],[-69.8048,11.4742],[-69.8854,11.4443],[-70.0485,11.5303],[-70.0971,11.5198],[-70.2325,11.373],[-70.8205,11.2084],[-71.2644,10.9995],[-71.4695,10.9642],[-71.4611,10.8356],[-71.5446,10.7787],[-71.4942,10.5332],[-71.3866,10.2638],[-71.2622,10.1436],[-71.0817,9.8332],[-71.0527,9.7058],[-71.0858,9.3482],[-71.2414,9.1604],[-71.6195,9.0479],[-71.7401,9.1339],[-71.7813,9.25],[-71.7607,9.3357],[-71.9763,9.5532],[-71.9933,9.6415],[-72.1128,9.8156],[-71.9557,10.1081],[-71.6648,10.4437],[-71.5943,10.6574],[-71.7309,10.9947],[-71.6416,11.0135],[-71.8351,11.1903],[-71.947,11.4145],[-71.9569,11.5699],[-71.8687,11.6273],[-71.4884,11.7188],[-71.3192,11.8628]]]}},{"type":"Feature","properties":{"name":"Vanuatu","aliases":["Vanuatu","Republic of Vanuatu"],"kind":"country"},"geometry":{"type":"MultiLineString","coordinates":[[[168.3228,-16.7878],[168.4602,-16.8351],[168.4766,-16.7937],[168.366,-16.7588],[168.1992,-16.5938],[168.1354,-16.6369],[168.1814,-16.804],[168.3228,-16.7878]],[[168.2967,-16.3365],[168.1639,-16.0816],[168.0643,-16.1812],[167.929,-16.2287],[168.0217,-16.3156],[168.2967,-16.3365]],[[168.4458,-17.5422],[168.2731,-17.5522],[168.1582,-17.7105],[168.2778,-17.7061],[168.3059,-17.7457],[168.2517,-17.7808],[168.5246,-17.798],[168.585,-17.6959],[168.4458,-17.5422]],[[168.0025,-15.2832],[167.8263,-15.312],[167.6742,-15.4516],[167.8442,-15.4818],[168.0025,-15.2832]],[[167.182,-15.3897],[167.1316,-15.1354],[167.0686,-15.0718],[167.0756,-14.9356],[166.9873,-14.94],[166.9234,-15.1392],[166.8102,-15.1574],[166.7458,-14.8269],[166.6078,-14.6365],[166.5674,-14.6418],[166.5272,-14.8501],[166.6479,-15.2115],[166.6311,-15.4061],[166.759,-15.5668],[166.7583,-15.6312],[166.9366,-15.578],[167.0939,-15.5809],[167.1996,-15.4857],[167.182,-15.3897]],[[168.16,-15.4618],[168.1229,-15.6809],[168.2129,-15.9704],[168.2563,-15.9552],[168.2678,-15.8923],[168.16,-15.4618]],[[168.1305,-15.3189],[168.1719,-15.3906],[168.1869,-15.1969],[168.1364,-14.9864],[168.1042,-15.0166],[168.1305,-15.3189]],[[167.7926,-16.3946],[167.6813,-16.2605],[167.4125,-16.0959],[167.3357,-15.9167],[167.1995,-15.8851],[167.1515,-16.0805],[167.2181,-16.1553],[167.3156,-16.1155],[167.3492,-16.1545],[167.4493,-16.555],[167.5264,-16.5743],[167.6114,-16.4986],[167.7598,-16.5164],[167.8366,-16.4497],[167.7926,-16.3946]],[[167.2344,-15.645],[167.119,-15.6226],[167.0947,-15.6853],[167.2008,-15.7501],[167.2344,-15.645]],[[167.4391,-14.1685],[167.4035,-14.2815],[167.5433,-14.3116],[167.5989,-14.1838],[167.5064,-14.1422],[167.4391,-14.1685]],[[167.4986,-13.8846],[167.5429,-13.8731],[167.5535,-13.814],[167.4811,-13.7095],[167.3918,-13.7884],[167.4511,-13.9094],[167.4986,-13.8846]],[[169.7507,-20.1533],[169.7375,-20.2021],[169.807,-20.2411],[169.8611,-20.2418],[169.8963,-20.1866],[169.8523,-20.1479],[169.7507,-20.1533]],[[169.36,-19.4578],[169.3367,-19.3293],[169.2475,-19.3447],[169.2175,-19.4764],[169.3473,-19.6235],[169.4385,-19.6488],[169.4913,-19.5401],[169.36,-19.4578]],[[169.2962,-18.8668],[169.2012,-18.7957],[169.2558,-18.7634],[169.178,-18.7251],[169.1438,-18.6311],[169.0158,-18.6438],[168.9869,-18.8713],[169.2883,-18.9886],[169.3344,-18.9402],[169.2962,-18.8668]]]}},{"type":"Feature","properties":{"name":"Uruguay","aliases":["Uruguay","Oriental Republic of Uruguay"],"kind":"country"},"geometry":{"type":"MultiLineString","coordinates":[[[-58.2015,-32.4734],[-58.0823,-32.8937],[-58.1536,-33.0646],[-58.3635,-33.1823],[-58.4381,-33.7191],[-58.4002,-33.9124],[-57.9612,-34.3069],[-57.8291,-34.4773],[-57.1707,-34.4523],[-56.8552,-34.6767],[-56.4631,-34.7754],[-56.3878,-34.861],[-56.25,-34.9013],[-56.1179,-34.9079],[-55.6731,-34.7757],[-55.3706,-34.8076],[-55.2379,-34.8958],[-54.9023,-34.9328],[-54.2721,-34.6669],[-54.1686,-34.6707],[-54.0103,-34.517],[-53.7853,-34.3804],[-53.7429,-34.2495],[-53.5345,-34.0175],[-53.4725,-33.8493],[-53.3698,-33.7416]]]}},{"type":"Feature","properties":{"name":"Federated States of Micronesia","aliases":["Federated States of Micronesia","Micronesia"],"kind":"country"},"geometry":{"type":"MultiLineString","coordinates":[[[138.0851,9.4946],[138.0671,9.419],[138.2136,9.5472],[138.1858,9.5933],[138.0851,9.4946]],[[162.9211,5.3179],[162.9299,5.3008],[162.9935,5.2772],[162.9832,5.3257],[162.9211,5.3179]],[[158.1861,6.9777],[158.1276,6.9046],[158.1834,6.8013],[158.3148,6.8137],[158.335,6.8932],[158.2946,6.9511],[158.1861,6.9777]],[[151.5929,7.3792],[151.5697,7.3455],[151.6395,7.333],[151.6433,7.3792],[151.5929,7.3792]],[[151.8818,7.4671],[151.86,7.4574],[151.8643,7.4268],[151.9126,7.4539],[151.8818,7.4671]]]}},{"type":"Feature","properties":{"name":"Marshall Islands","aliases":["Marshall Islands","Marshall Is.","Republic of the Marshall Islands"],"kind":"country"},"geometry":{"type":"MultiLineString","coordinates":[[[169.5905,5.8019],[169.6154,5.7998],[169.7346,6.0142],[169.6511,5.9451],[169.5905,5.8019]],[[168.6793,7.3362],[168.7192,7.3027],[168.8303,7.309],[168.7555,7.3225],[168.6793,7.3362]],[[171.7568,6.9731],[171.6142,7.0072],[171.5773,7.0482],[171.6884,7.0283],[171.7568,6.9731]],[[171.3938,7.1109],[171.2354,7.0687],[171.0357,7.1561],[171.227,7.087],[171.3938,7.1109]],[[166.8881,11.1687],[166.8589,11.1663],[166.8447,11.1534],[166.8903,11.1531],[166.8881,11.1687]]]}},{"type":"Feature","properties":{"name":"Northern Mariana Islands","aliases":["Northern Mariana Islands","N. Mariana Is.","Commonwealth of the Northern Mariana Islands"],"kind":"country"},"geometry":{"type":"MultiLineString","coordinates":[[[145.6781,18.7252],[145.7066,18.7905],[145.6455,18.8068],[145.6525,18.7526],[145.6781,18.7252]],[[145.6311,16.378],[145.6583,16.3358],[145.7195,16.3598],[145.6955,16.3796],[145.6311,16.378]],[[145.1521,14.1636],[145.2153,14.1113],[145.2654,14.1802],[145.2324,14.1895],[145.1521,14.1636]],[[145.7291,18.0569],[145.8354,18.1368],[145.8074,18.1727],[145.7893,18.1554],[145.7291,18.0569]],[[145.7132,15.2153],[145.6843,15.1251],[145.7492,15.1072],[145.8219,15.2654],[145.7132,15.2153]],[[145.5867,15.0308],[145.5916,14.9988],[145.621,14.9195],[145.6623,14.9705],[145.6474,15.0595],[145.5867,15.0308]]]}},{"type":"Feature","properties":{"name":"United States Virgin Islands","aliases":["United States Virgin Islands","U.S. Virgin Is.","Virgin Islands of the United States"],"kind":"country"},"geometry":{"type":"MultiLineString","coordinates":[[[-64.845,18.3301],[-64.8891,18.3742],[-65.0236,18.3676],[-64.92,18.3213],[-64.845,18.3301]],[[-64.7877,18.3411],[-64.726,18.3279],[-64.6598,18.3543],[-64.7524,18.372],[-64.7877,18.3411]],[[-64.8891,17.7017],[-64.6863,17.7061],[-64.5805,17.7502],[-64.7656,17.7943],[-64.8847,17.7723],[-64.8891,17.7017]]]}},{"type":"Feature","properties":{"name":"Guam","aliases":["Guam","Territory of Guam"],"kind":"country"},"geometry":{"type":"MultiLineString","coordinates":[[[144.7903,13.5269],[144.6493,13.4287],[144.65,13.3135],[144.6995,13.2575],[144.7418,13.2593],[144.7799,13.4111],[144.9408,13.5703],[144.8367,13.6224],[144.7903,13.5269]]]}},{"type":"Feature","properties":{"name":"American Samoa","aliases":["American Samoa"],"kind":"country"},"geometry":{"type":"MultiLineString","coordinates":[[[-170.6892,-14.2574],[-170.7209,-14.276],[-170.8205,-14.3121],[-170.7692,-14.3598],[-170.5681,-14.2668],[-170.6892,-14.2574]]]}},{"type":"Feature","properties":{"name":"Puerto Rico","aliases":["Puerto Rico","Commonwealth of Puerto Rico"],"kind":"country"},"geometry":{"type":"MultiLineString","coordinates":[[[-65.6288,18.3814],[-66.0704,18.469],[-66.0985,18.4252],[-66.1886,18.4758],[-67.0596,18.5222],[-67.1586,18.4992],[-67.1718,18.4358],[-67.2641,18.3646],[-67.1725,18.2242],[-67.1969,17.9942],[-67.1424,17.9667],[-66.9,17.9479],[-66.7724,17.9866],[-66.5108,17.987],[-66.245,17.9473],[-65.9708,17.9744],[-65.8341,18.0573],[-65.6209,18.2423],[-65.6288,18.3814]],[[-65.5722,18.1373],[-65.504,18.0995],[-65.2949,18.1334],[-65.4771,18.165],[-65.5722,18.1373]]]}},{"type":"Feature","properties":{"name":"United States of America","aliases":["United States of America","United States"],"kind":"country"},"geometry":{"type":"MultiLineString","coordinates":[[[-81.3223,24.6851],[-81.4201,24.75],[-81.3791,24.6363],[-81.3223,24.6851]],[[-80.7994,24.8463],[-80.8389,24.8179],[-80.8483,24.8037],[-80.7868,24.821],[-80.7994,24.8463]],[[-80.6257,24.9411],[-80.6651,24.8984],[-80.6383,24.9032],[-80.6257,24.9411]],[[-168.996,63.3473],[-169.5545,63.3735],[-169.6241,63.4306],[-170.0174,63.4917],[-170.1218,63.6175],[-170.4304,63.6988],[-171.0349,63.5855],[-171.4479,63.6157],[-171.6465,63.727],[-171.7464,63.7031],[-171.8179,63.5298],[-171.791,63.4247],[-171.5191,63.332],[-170.9541,63.4529],[-170.5271,63.3793],[-170.2727,63.2843],[-170.1896,63.1963],[-169.8186,63.1224],[-169.6764,62.9561],[-169.5713,62.9968],[-169.5593,63.0582],[-169.3647,63.1711],[-168.8524,63.1712],[-168.7613,63.2138],[-168.716,63.3106],[-168.996,63.3473]],[[-165.6306,60.0284],[-165.7124,60.0693],[-165.6894,60.2241],[-165.7297,60.3142],[-166.0437,60.3339],[-166.185,60.3968],[-166.4757,60.3828],[-166.731,60.3163],[-166.8363,60.217],[-167.4364,60.2066],[-167.1389,60.0085],[-166.1487,59.7641],[-166.1067,59.7754],[-166.1312,59.8198],[-166.0999,59.8496],[-165.5918,59.9131],[-165.6306,60.0284]],[[-163.2745,54.7656],[-163.379,54.8155],[-163.476,54.9807],[-163.553,55.0378],[-163.8071,55.0491],[-164.2737,54.9],[-164.4786,54.9068],[-164.7062,54.692],[-164.8876,54.6078],[-164.904,54.5448],[-164.8234,54.4191],[-164.5908,54.4043],[-164.4035,54.4479],[-164.2346,54.5713],[-164.0733,54.621],[-163.583,54.6257],[-163.3581,54.7357],[-163.0833,54.669],[-163.1351,54.7233],[-163.2745,54.7656]],[[-152.4115,57.6461],[-152.4826,57.7033],[-152.4191,57.7823],[-152.4288,57.8257],[-152.616,57.8489],[-152.8908,57.769],[-152.8504,57.8968],[-153.1604,57.972],[-153.2259,57.9576],[-153.1688,57.9106],[-153.2175,57.7958],[-153.3904,57.7984],[-153.4879,57.731],[-153.6956,57.8712],[-153.8058,57.8751],[-153.9044,57.8199],[-153.8794,57.7572],[-153.6932,57.6634],[-153.8381,57.6358],[-153.7978,57.4433],[-153.6877,57.3051],[-153.8054,57.3582],[-154.0079,57.5562],[-154.0298,57.6307],[-154.1162,57.6512],[-154.5353,57.5594],[-154.6732,57.4461],[-154.7122,57.3663],[-154.5693,57.2059],[-154.4988,57.0366],[-154.339,56.9209],[-154.2609,56.9118],[-154.1843,57.0053],[-154.2392,57.0869],[-154.3811,57.0965],[-154.2438,57.143],[-154.0351,57.1218],[-154.103,57.0212],[-153.9994,57.05],[-153.7932,56.9895],[-154.0709,56.8207],[-153.9727,56.7742],[-153.7572,56.8584],[-153.6433,56.9607],[-153.6465,57.0296],[-153.7326,57.0523],[-153.5883,57.0777],[-153.2744,57.2264],[-153.0516,57.2376],[-152.8791,57.3208],[-152.6791,57.3451],[-152.7813,57.4534],[-152.9975,57.4689],[-152.9408,57.4981],[-152.4122,57.4548],[-152.2162,57.577],[-152.2365,57.6149],[-152.4115,57.6461]],[[-152.1655,58.1783],[-152.0689,58.1779],[-151.9825,58.2443],[-151.9744,58.3099],[-152.0785,58.3124],[-152.1252,58.3743],[-152.1979,58.3631],[-152.3163,58.4135],[-152.3808,58.3521],[-152.6747,58.4506],[-152.8411,58.4164],[-152.7687,58.3456],[-152.7719,58.2786],[-152.9761,58.297],[-153.3813,58.0872],[-152.9284,57.9937],[-152.6831,58.0633],[-152.5982,58.1626],[-152.5376,58.101],[-152.3092,58.1339],[-152.3344,58.2081],[-152.2684,58.2517],[-152.1655,58.1783]],[[-130.9978,55.7276],[-131.2692,55.9554],[-131.625,55.8317],[-131.6476,55.5855],[-131.8461,55.4163],[-131.811,55.2231],[-131.7625,55.1658],[-131.6413,55.2989],[-131.4476,55.4088],[-131.4207,55.2759],[-131.1879,55.2063],[-131.0828,55.2668],[-130.9792,55.4892],[-130.966,55.6695],[-130.9978,55.7276]],[[-132.4687,54.9379],[-132.3413,54.9072],[-132.1893,54.7349],[-132.0217,54.7263],[-131.9809,54.8048],[-131.9764,55.2086],[-132.2067,55.2244],[-132.1603,55.323],[-132.4179,55.4829],[-132.6313,55.4732],[-132.5113,55.5939],[-132.1727,55.4806],[-132.4302,55.687],[-132.5976,55.895],[-132.7576,55.995],[-133.0966,56.09],[-133.0817,56.1942],[-133.203,56.3198],[-133.5986,56.3163],[-133.5944,56.2164],[-133.5309,56.1457],[-133.7552,55.9995],[-133.7425,55.9648],[-133.6842,55.9428],[-133.3712,56.0359],[-133.2892,56.0187],[-133.2415,55.9208],[-133.4117,55.7983],[-133.5841,55.8365],[-133.6802,55.7852],[-133.5533,55.6912],[-133.369,55.689],[-133.2982,55.6069],[-133.0334,55.5897],[-133.0825,55.5041],[-132.9589,55.3956],[-133.1186,55.3276],[-132.7823,55.0485],[-132.7041,55.0301],[-132.7018,55.1305],[-132.6222,55.1359],[-132.5938,54.9958],[-132.4687,54.9379]],[[-133.9794,57.0096],[-133.681,56.7975],[-133.6493,56.5168],[-133.6028,56.4641],[-133.2126,56.4646],[-133.1582,56.4952],[-133.1566,56.6111],[-133.329,56.8301],[-133.0349,56.6208],[-132.9592,56.6771],[-132.9541,56.8803],[-133.0708,56.9743],[-133.2635,57.005],[-133.2997,56.9722],[-133.7077,57.0628],[-133.866,57.0687],[-133.9794,57.0096]],[[-134.8849,57.2417],[-135.0652,57.4167],[-135.3463,57.5331],[-135.4487,57.5344],[-135.6245,57.3544],[-135.8228,57.2804],[-135.7677,57.1004],[-135.8123,57.0095],[-135.6619,57.0337],[-135.502,57.2438],[-135.4549,57.2494],[-135.3753,57.1884],[-135.3414,57.0816],[-135.1996,57.0273],[-135.3151,56.9318],[-135.3306,56.8219],[-135.1631,56.8241],[-135.159,56.7254],[-135.0178,56.6602],[-134.8834,56.6791],[-134.9666,56.5961],[-134.9806,56.5189],[-134.8064,56.2812],[-134.6819,56.2162],[-134.63,56.3024],[-134.6571,56.5232],[-134.6105,56.6034],[-134.6207,56.7183],[-134.8849,57.2417]],[[-134.1,57.3001],[-133.9111,57.3525],[-133.9737,57.4514],[-133.9209,57.492],[-133.937,57.5816],[-134.2671,57.8845],[-134.3069,58.0344],[-134.1803,58.0111],[-133.925,57.6708],[-133.8269,57.6176],[-133.9655,57.8738],[-134.2401,58.144],[-134.6803,58.1617],[-134.837,58.3202],[-134.9235,58.3546],[-134.9077,58.2628],[-134.7815,58.0778],[-134.6599,57.6381],[-134.4868,57.482],[-134.6195,57.1955],[-134.5915,57.092],[-134.516,57.0426],[-134.4353,57.057],[-134.2602,57.1468],[-134.1,57.3001]],[[-135.6919,57.4199],[-135.6178,57.4804],[-135.6085,57.6507],[-135.5642,57.6664],[-134.9315,57.4812],[-134.8731,57.5892],[-134.9789,57.7244],[-135.3385,57.7687],[-135.2312,57.8158],[-134.9707,57.8172],[-134.928,57.9528],[-134.9547,58.0153],[-135.3466,58.1241],[-135.6132,57.9918],[-135.6931,58.0385],[-135.6154,58.0575],[-135.5875,58.1468],[-135.7871,58.2685],[-135.9474,58.2058],[-136.0944,58.1981],[-136.1438,58.0985],[-136.322,58.2189],[-136.3695,58.1431],[-136.5123,58.096],[-136.5686,57.9722],[-136.4599,57.8731],[-136.0766,57.6746],[-135.9108,57.4466],[-135.6919,57.4199]],[[-72.1019,41.015],[-72.1839,41.0468],[-72.5166,40.9148],[-72.5809,40.9213],[-72.2741,41.153],[-72.6251,40.9918],[-73.5738,40.9196],[-73.6522,40.838],[-73.6952,40.87],[-73.8792,40.7916],[-74.032,40.6387],[-74.0149,40.5812],[-73.8752,40.6516],[-73.7992,40.641],[-73.8996,40.5705],[-73.1943,40.6542],[-72.5556,40.8258],[-71.9032,41.0607],[-72.1019,41.015]],[[178.5706,51.9775],[178.5094,51.9947],[178.4777,51.9425],[178.5118,51.8991],[178.5755,51.9163],[178.6073,51.953],[178.5706,51.9775]],[[-120.3533,34.0606],[-120.3677,34.0733],[-120.4416,34.0329],[-120.3066,34.0249],[-120.3533,34.0606]],[[-119.5251,33.282],[-119.5752,33.2783],[-119.5437,33.2246],[-119.438,33.2172],[-119.5251,33.282]],[[-96.8397,28.0888],[-96.8574,28.1329],[-96.8993,28.1175],[-97.036,27.8992],[-96.8397,28.0888]],[[-88.9411,29.6802],[-88.9436,29.6603],[-88.8727,29.753],[-88.9012,29.7326],[-88.9411,29.6802]],[[-88.7229,30.2643],[-88.6592,30.2256],[-88.5581,30.2159],[-88.574,30.2292],[-88.7229,30.2643]],[[-88.1094,30.2737],[-88.2639,30.2547],[-88.3163,30.2404],[-88.0713,30.2523],[-88.1094,30.2737]],[[-81.0853,24.7342],[-81.1374,24.7105],[-81.09,24.6931],[-80.9305,24.7595],[-81.0853,24.7342]],[[-76.6223,34.6945],[-76.5462,34.6549],[-76.6739,34.7001],[-76.6223,34.6945]],[[-122.8531,47.2047],[-122.8768,47.1861],[-122.9119,47.2543],[-122.8851,47.2747],[-122.8531,47.2047]],[[-68.6908,44.2487],[-68.7017,44.1827],[-68.6232,44.196],[-68.656,44.2423],[-68.6908,44.2487]],[[-68.2994,44.4565],[-68.4095,44.3643],[-68.4117,44.2943],[-68.3151,44.2497],[-68.3093,44.3215],[-68.1873,44.3325],[-68.238,44.4384],[-68.2994,44.4565]],[[-154.9526,19.6446],[-154.989,19.732],[-155.0659,19.7482],[-155.0861,19.8756],[-155.1988,19.9944],[-155.8316,20.2758],[-155.8743,20.2598],[-155.8928,20.1674],[-155.8203,20.0142],[-156.0487,19.75],[-155.8907,19.3825],[-155.8813,19.0705],[-155.6256,18.9639],[-155.5353,19.1091],[-155.3096,19.2602],[-155.0535,19.3192],[-154.8503,19.4541],[-154.8042,19.5245],[-154.9526,19.6446]],[[-156.9172,21.1773],[-157.25,21.2298],[-157.2903,21.1126],[-156.8599,21.0563],[-156.7122,21.1551],[-156.9172,21.1773]],[[-156.1035,20.8403],[-156.2775,20.9513],[-156.4608,20.9147],[-156.5854,21.0343],[-156.6569,21.0245],[-156.6978,20.9491],[-156.6154,20.8218],[-156.4801,20.8012],[-156.4088,20.6052],[-156.1071,20.6448],[-156.0136,20.7148],[-155.9898,20.7571],[-156.1035,20.8403]],[[-160.2209,21.8973],[-160.2435,21.8431],[-160.2002,21.7969],[-160.1534,21.8788],[-160.08,21.9074],[-160.0487,22.0046],[-160.1006,22.0152],[-160.2209,21.8973]],[[-157.8296,21.4714],[-157.9625,21.7014],[-158.1231,21.6002],[-158.2731,21.5853],[-158.1104,21.3186],[-157.981,21.3161],[-158.0173,21.3677],[-157.9784,21.3785],[-157.9584,21.3269],[-157.9018,21.3406],[-157.7988,21.2686],[-157.6354,21.3076],[-157.7055,21.3781],[-157.7209,21.4577],[-157.8296,21.4714]],[[-159.5792,22.2231],[-159.7266,22.1402],[-159.7892,22.0418],[-159.6088,21.9095],[-159.4607,21.8761],[-159.3438,21.9736],[-159.3048,22.1541],[-159.3521,22.2196],[-159.5792,22.2231]],[[-156.9418,20.93],[-157.0506,20.9125],[-156.9734,20.7575],[-156.9089,20.7445],[-156.8094,20.8312],[-156.9418,20.93]],[[179.1817,51.4699],[178.908,51.6156],[178.6479,51.6439],[179.2781,51.3722],[179.4516,51.3726],[179.1817,51.4699]],[[179.6271,52.0304],[179.5039,51.9796],[179.4977,51.9328],[179.6452,51.8802],[179.78,51.9668],[179.6271,52.0304]],[[177.5638,52.1105],[177.5205,52.0182],[177.3807,51.9758],[177.2606,51.8837],[177.3285,51.8411],[177.5941,51.9476],[177.6696,52.103],[177.5638,52.1105]],[[173.6576,52.5041],[173.4245,52.4376],[173.4023,52.4048],[173.7228,52.3596],[173.7761,52.4951],[173.6576,52.5041]],[[173.436,52.8521],[173.1021,52.9956],[172.6779,53.0076],[172.4948,52.9379],[172.7218,52.8855],[172.7756,52.7969],[172.9352,52.7521],[173.0803,52.8145],[173.436,52.8521]],[[-172.3875,60.3985],[-172.5261,60.3917],[-172.7422,60.4574],[-172.8602,60.5057],[-172.9239,60.6068],[-173.0477,60.5683],[-173.074,60.4932],[-172.6357,60.3289],[-172.2321,60.2991],[-172.3875,60.3985]],[[-170.3866,57.203],[-170.358,57.1542],[-170.264,57.1368],[-170.1162,57.2418],[-170.3866,57.203]],[[-160.4929,55.3523],[-160.5175,55.3338],[-160.3433,55.2588],[-160.3293,55.3377],[-160.4929,55.3523]],[[-160.5832,55.3076],[-160.5528,55.3808],[-160.6697,55.3143],[-160.6957,55.3983],[-160.7892,55.3831],[-160.8465,55.3113],[-160.8255,55.174],[-160.7951,55.1452],[-160.4875,55.1849],[-160.5832,55.3076]],[[-162.4339,54.9315],[-162.3219,54.8424],[-162.2337,54.932],[-162.2646,54.9835],[-162.4339,54.9315]],[[-162.8206,54.4945],[-162.8117,54.4444],[-162.7331,54.4023],[-162.5544,54.4014],[-162.6454,54.4621],[-162.8206,54.4945]],[[-159.4619,55.0588],[-159.4213,54.9781],[-159.362,54.9724],[-159.3904,55.0409],[-159.4619,55.0588]],[[-159.8982,55.2213],[-159.8874,55.273],[-160.1721,55.123],[-160.1536,55.0383],[-160.2271,54.9227],[-159.8541,55.1447],[-159.8394,55.1824],[-159.8982,55.2213]],[[-159.5151,55.1519],[-159.5451,55.226],[-159.5748,55.2177],[-159.6485,55.0746],[-159.535,55.0596],[-159.5151,55.1519]],[[-169.9826,52.851],[-169.9806,52.806],[-169.7228,52.7923],[-169.6919,52.8474],[-169.7549,52.8836],[-169.9826,52.851]],[[-170.6821,52.6976],[-170.8271,52.6007],[-170.8161,52.5615],[-170.6493,52.5931],[-170.5866,52.6424],[-170.6081,52.6851],[-170.6821,52.6976]],[[-165.7645,54.1521],[-165.9664,54.211],[-166.1058,54.1448],[-166.0566,54.0543],[-165.9099,54.0492],[-165.6929,54.0999],[-165.7645,54.1521]],[[-165.4417,54.208],[-165.5506,54.2845],[-165.6541,54.2533],[-165.6048,54.1292],[-165.4079,54.1968],[-165.4417,54.208]],[[-167.8047,53.485],[-167.9857,53.5582],[-168.2877,53.5001],[-168.3964,53.4088],[-168.3804,53.2834],[-168.6898,53.2272],[-168.7778,53.1488],[-168.7959,53.0449],[-169.0889,52.832],[-168.5056,53.0432],[-168.2707,53.238],[-167.8651,53.3873],[-167.8047,53.485]],[[-166.522,53.6097],[-166.3095,53.6975],[-166.5492,53.701],[-166.4888,53.7855],[-166.2309,53.9326],[-166.3723,53.999],[-166.5722,53.8535],[-166.6274,53.9957],[-166.9781,53.9629],[-167.0905,53.9057],[-167.1056,53.8134],[-166.7413,53.7129],[-166.809,53.6461],[-166.8941,53.6971],[-167.0157,53.6984],[-167.0923,53.6359],[-167.1361,53.5265],[-167.8088,53.3238],[-167.6694,53.26],[-167.5225,53.2762],[-167.1537,53.4079],[-166.7704,53.476],[-166.522,53.6097]],[[-166.2344,53.7842],[-166.2494,53.7452],[-166.2098,53.7233],[-166.1027,53.8328],[-166.2344,53.7842]],[[-172.4704,52.388],[-172.5822,52.3256],[-172.6198,52.2729],[-172.5391,52.2575],[-172.3136,52.3296],[-172.4704,52.388]],[[-173.3572,52.0957],[-173.6568,52.1437],[-173.7941,52.1043],[-173.9925,52.1233],[-173.8358,52.0482],[-173.0229,52.0791],[-173.3572,52.0957]],[[-174.1689,52.4202],[-174.4355,52.3172],[-174.2588,52.269],[-174.3062,52.2162],[-175.2956,52.0222],[-175.2139,51.9939],[-174.6774,52.035],[-174.1207,52.1352],[-174.1794,52.2003],[-174.0549,52.246],[-174.0184,52.3318],[-174.1689,52.4202]],[[-176.1937,51.8863],[-176.2044,51.8348],[-176.0934,51.7905],[-176.009,51.8124],[-176.1937,51.8863]],[[-176.2867,51.792],[-176.3786,51.8611],[-176.4137,51.8406],[-176.3961,51.7599],[-176.3497,51.7333],[-176.2867,51.792]],[[-176.5879,51.8332],[-176.5499,51.944],[-176.6983,51.986],[-176.7364,51.8399],[-176.8744,51.7905],[-176.9616,51.6037],[-176.8371,51.6759],[-176.7709,51.6299],[-176.4374,51.7543],[-176.4375,51.8201],[-176.5879,51.8332]],[[-176.0451,51.973],[-175.9881,52.0495],[-176.1557,52.0994],[-176.1775,52.0298],[-176.0451,51.973]],[[-177.2098,51.8413],[-177.3347,51.7762],[-177.6702,51.7011],[-177.177,51.7037],[-177.063,51.9019],[-177.1315,51.9298],[-177.2098,51.8413]],[[-177.6445,51.8263],[-177.7996,51.84],[-177.9538,51.9185],[-178.1945,51.8822],[-177.9864,51.7643],[-178.0,51.7175],[-178.0785,51.6913],[-177.9253,51.6174],[-177.7707,51.7779],[-177.6445,51.8263]],[[-122.5068,47.4217],[-122.5099,47.358],[-122.4686,47.3902],[-122.457,47.3593],[-122.3987,47.3725],[-122.4686,47.49],[-122.5068,47.4217]],[[-122.5172,47.6906],[-122.5601,47.6978],[-122.5759,47.6195],[-122.5026,47.5754],[-122.5172,47.6906]],[[-122.918,48.707],[-123.0028,48.6522],[-122.9856,48.6267],[-122.8925,48.5945],[-122.903,48.6647],[-122.8376,48.6266],[-122.7688,48.651],[-122.918,48.707]],[[-122.8689,48.5486],[-122.9323,48.4848],[-122.8366,48.4215],[-122.8146,48.4523],[-122.8689,48.5486]],[[-123.1142,48.6133],[-123.1696,48.5867],[-123.1399,48.508],[-122.9868,48.468],[-123.1142,48.6133]],[[-122.5028,48.0801],[-122.5238,48.0254],[-122.5976,48.2004],[-122.697,48.2287],[-122.5424,48.294],[-122.6286,48.3842],[-122.7415,48.2253],[-122.6227,48.1514],[-122.5575,47.9925],[-122.3832,47.9232],[-122.3667,47.9854],[-122.5028,48.0801]],[[-118.5075,32.9599],[-118.5571,33.0327],[-118.5902,33.0112],[-118.4732,32.8389],[-118.3504,32.8276],[-118.5075,32.9599]],[[-120.2519,34.0139],[-120.1139,33.9049],[-119.9839,33.9733],[-120.0718,34.0265],[-120.2519,34.0139]],[[-119.6789,34.0285],[-119.8824,34.0797],[-119.9181,34.0678],[-119.8855,33.9949],[-119.8096,33.9678],[-119.5493,34.0282],[-119.6789,34.0285]],[[-118.4693,33.3571],[-118.4463,33.3171],[-118.2975,33.3121],[-118.3917,33.4151],[-118.5548,33.4771],[-118.5633,33.4371],[-118.5073,33.427],[-118.4693,33.3571]],[[-71.3931,41.4667],[-71.3653,41.4853],[-71.3643,41.5718],[-71.4034,41.515],[-71.3931,41.4667]],[[-74.2505,39.5294],[-74.1332,39.6808],[-74.1067,39.7464],[-74.2532,39.5585],[-74.2505,39.5294]],[[-74.1882,40.6146],[-74.2359,40.5187],[-74.0797,40.5865],[-74.0687,40.6493],[-74.1882,40.6146]],[[-70.6737,41.4485],[-70.7605,41.3736],[-70.8292,41.359],[-70.7853,41.3274],[-70.5099,41.3763],[-70.616,41.4572],[-70.6737,41.4485]],[[-71.3462,41.4694],[-71.2414,41.4919],[-71.232,41.6543],[-71.2802,41.62],[-71.3462,41.4694]],[[-70.0627,41.3285],[-70.0866,41.3176],[-70.2331,41.2863],[-69.9779,41.2656],[-70.0412,41.3975],[-70.0627,41.3285]],[[-75.7819,35.1902],[-75.8649,35.1741],[-75.9842,35.1231],[-75.9637,35.1188],[-75.7819,35.1902]],[[-75.6508,35.8356],[-75.6489,35.9104],[-75.7172,35.9461],[-75.6508,35.8356]],[[-75.226,38.0723],[-75.3785,37.8721],[-75.2032,38.0724],[-75.0979,38.2981],[-75.226,38.0723]],[[-75.5035,35.7691],[-75.4813,35.5721],[-75.5364,35.2786],[-75.6783,35.2128],[-75.5093,35.2803],[-75.4564,35.5642],[-75.5035,35.7691]],[[-76.437,34.7563],[-76.5286,34.6315],[-76.2074,34.9389],[-76.2562,34.9147],[-76.437,34.7563]],[[-96.5193,28.3334],[-96.7556,28.2024],[-96.8011,28.1484],[-96.4133,28.3378],[-96.4036,28.3816],[-96.5193,28.3334]],[[-97.295,27.5231],[-97.3848,27.2425],[-97.2509,27.5412],[-97.0605,27.822],[-97.13,27.7792],[-97.295,27.5231]],[[-95.0896,29.1363],[-94.8649,29.2529],[-94.7676,29.3391],[-94.826,29.3413],[-95.0896,29.1363]],[[-97.386,27.1965],[-97.4021,26.8205],[-97.1845,26.1129],[-97.2022,26.2998],[-97.3512,26.8015],[-97.386,27.1965]],[[-85.0493,29.6378],[-85.1167,29.6328],[-85.0083,29.6066],[-84.7372,29.7324],[-85.0493,29.6378]],[[-81.4635,30.7278],[-81.419,30.9714],[-81.4846,30.8979],[-81.4635,30.7278]],[[-89.1847,30.1687],[-89.3101,30.0787],[-89.342,30.0628],[-89.2205,30.0376],[-89.1847,30.1687]],[[-91.7965,29.597],[-91.8752,29.641],[-92.0066,29.6103],[-91.8309,29.4865],[-91.7619,29.539],[-91.7965,29.597]],[[-88.828,29.9284],[-88.8557,29.7759],[-88.8126,29.9334],[-88.8669,30.0567],[-88.828,29.9284]],[[-82.2014,26.548],[-82.145,26.4467],[-82.0372,26.4536],[-82.1161,26.4609],[-82.2014,26.548]],[[-81.5623,24.6892],[-81.5792,24.6294],[-81.6315,24.59],[-81.5322,24.6142],[-81.5623,24.6892]],[[-80.2625,27.3756],[-80.1705,27.2048],[-80.4369,27.8505],[-80.3761,27.6434],[-80.2625,27.3756]],[[-82.0852,26.4936],[-82.1211,26.6655],[-82.1691,26.7007],[-82.1356,26.592],[-82.0852,26.4936]],[[-80.2571,25.3476],[-80.3513,25.297],[-80.3549,25.2336],[-80.456,25.1493],[-80.5806,24.9542],[-80.3818,25.1423],[-80.2571,25.3476]],[[-161.0846,58.6713],[-161.1315,58.6682],[-161.0703,58.5691],[-160.919,58.5771],[-160.7151,58.7952],[-160.9862,58.7364],[-161.0846,58.6713]],[[-153.1568,57.0939],[-152.9334,57.1292],[-152.9084,57.1524],[-153.2852,57.1851],[-153.3543,57.1319],[-153.3746,57.0519],[-153.2954,57.0004],[-153.1568,57.0939]],[[-151.9597,60.5038],[-152.0045,60.4074],[-152.069,60.3581],[-151.9869,60.374],[-151.8873,60.4727],[-151.9597,60.5038]],[[-152.5155,58.4786],[-152.3928,58.5409],[-152.3679,58.6111],[-152.4632,58.6185],[-152.6366,58.5417],[-152.5155,58.4786]],[[-153.2406,57.8501],[-153.347,57.9328],[-153.5201,57.9558],[-153.295,57.8295],[-153.2406,57.8501]],[[-155.7374,55.8298],[-155.6049,55.7896],[-155.566,55.8212],[-155.5732,55.9211],[-155.7374,55.8298]],[[-154.5175,56.6005],[-154.7293,56.5021],[-154.7739,56.4203],[-154.4449,56.5732],[-154.5175,56.6005]],[[-154.2167,56.6087],[-154.3222,56.5706],[-154.3321,56.539],[-154.2086,56.5149],[-154.1072,56.5578],[-154.1104,56.6029],[-154.2167,56.6087]],[[-146.3717,60.4222],[-146.5603,60.4806],[-146.7029,60.3956],[-146.5953,60.2685],[-146.1022,60.4112],[-146.3717,60.4222]],[[-145.2843,60.3368],[-145.1505,60.3126],[-145.1024,60.3882],[-145.1281,60.4011],[-145.2843,60.3368]],[[-144.5416,59.8782],[-144.6136,59.8126],[-144.2357,60.0152],[-144.354,59.9962],[-144.5416,59.8782]],[[-147.0199,60.3322],[-147.1809,60.3583],[-147.3365,60.1854],[-147.7681,59.9438],[-147.8725,59.8284],[-147.8463,59.7988],[-147.7359,59.8132],[-147.4993,59.8902],[-147.3185,60.0753],[-146.9867,60.2543],[-146.9579,60.2889],[-147.0199,60.3322]],[[-147.9142,60.0923],[-148.0796,60.1517],[-148.2307,60.1135],[-148.2719,60.0533],[-148.0742,60.0347],[-147.9142,60.0923]],[[-147.8417,60.3513],[-147.8915,60.2994],[-147.8713,60.2298],[-147.8053,60.2307],[-147.7878,60.1779],[-147.66,60.3525],[-147.69,60.3989],[-147.6583,60.4505],[-147.6886,60.4914],[-147.7602,60.4388],[-147.7945,60.4599],[-147.8417,60.3513]],[[-147.9307,60.8262],[-147.9644,60.9001],[-148.0377,60.9241],[-148.1017,60.9161],[-148.1238,60.8443],[-147.9307,60.8262]],[[-132.6767,54.7262],[-132.6172,54.8924],[-132.7723,54.9261],[-132.8377,54.881],[-133.0974,55.2137],[-133.2966,55.3257],[-133.4291,55.3038],[-133.4538,55.2604],[-133.418,55.2107],[-133.2512,55.1751],[-133.1227,54.9698],[-132.8896,54.7626],[-132.7058,54.6842],[-132.6767,54.7262]],[[-133.8553,56.5822],[-133.7673,56.6001],[-133.7384,56.6504],[-133.7781,56.7289],[-133.8309,56.7813],[-133.9248,56.7757],[-134.0518,56.8983],[-134.1433,56.9323],[-134.2744,56.9182],[-134.3737,56.8387],[-134.3844,56.724],[-134.2784,56.6171],[-134.2902,56.58],[-134.0844,56.4563],[-134.1955,56.4135],[-134.2451,56.2033],[-134.1896,56.077],[-134.1224,56.0774],[-134.0675,56.133],[-133.994,56.1011],[-133.9497,56.1277],[-133.8846,56.2921],[-133.8553,56.5822]],[[-133.6342,55.5393],[-133.7371,55.4969],[-133.635,55.4133],[-133.6502,55.2693],[-133.2817,55.4979],[-133.3456,55.5591],[-133.4548,55.5223],[-133.6342,55.5393]],[[-131.4313,54.9965],[-131.4457,54.9093],[-131.232,54.9038],[-131.4046,55.2133],[-131.5654,55.2641],[-131.5922,55.0257],[-131.54,55.0485],[-131.4313,54.9965]],[[-132.9065,56.6374],[-132.948,56.5672],[-132.8847,56.5125],[-132.7576,56.511],[-132.568,56.5758],[-132.6559,56.6847],[-132.8425,56.7948],[-132.9065,56.6374]],[[-132.3798,56.4988],[-132.5987,56.2416],[-132.699,56.1982],[-132.6914,56.1301],[-132.6599,56.0782],[-132.4512,56.0563],[-132.3686,55.9397],[-132.133,55.9433],[-132.0669,56.2442],[-132.3165,56.4875],[-132.3798,56.4988]],[[-132.9355,56.4418],[-133.035,56.3409],[-132.8915,56.2594],[-132.7799,56.2473],[-132.6466,56.3132],[-132.6434,56.4352],[-132.9355,56.4418]],[[-134.3127,58.2289],[-134.52,58.3325],[-134.6616,58.2909],[-134.4563,58.2065],[-134.3127,58.2289]],[[-141.0011,69.6507],[-141.4079,69.6534],[-141.6992,69.7704],[-142.297,69.8699],[-142.7079,70.0338],[-143.2183,70.1163],[-144.4169,70.039],[-144.6192,69.9821],[-145.1974,70.0087],[-145.8231,70.1601],[-147.0629,70.1704],[-147.7054,70.2172],[-147.8695,70.3033],[-148.1427,70.3555],[-148.4792,70.3179],[-148.6884,70.4163],[-149.2694,70.5008],[-149.8701,70.5097],[-150.2736,70.4343],[-150.6626,70.5099],[-151.2248,70.4188],[-151.9447,70.4521],[-151.769,70.5602],[-152.1729,70.5566],[-152.2534,70.5683],[-152.2697,70.6147],[-152.4706,70.6536],[-152.4373,70.7333],[-152.2329,70.8104],[-152.3004,70.8468],[-153.2329,70.9326],[-153.9182,70.8773],[-154.1952,70.8011],[-154.7852,70.8943],[-154.6737,70.9871],[-154.9438,71.0831],[-155.1668,71.0992],[-155.5794,70.8943],[-155.9735,70.842],[-156.1466,70.9278],[-155.8043,70.9954],[-155.6346,71.0616],[-155.5794,71.1211],[-155.6456,71.1828],[-156.47,71.2916],[-156.5672,71.3416],[-156.3953,71.3967],[-156.4702,71.4077],[-156.7833,71.3189],[-157.3248,71.0396],[-157.9094,70.8601],[-158.9963,70.8016],[-159.2512,70.7484],[-159.3398,70.7812],[-159.1832,70.8319],[-159.1917,70.8597],[-159.3145,70.8785],[-159.6809,70.7868],[-160.0816,70.6349],[-159.9618,70.6341],[-159.7462,70.5305],[-159.3868,70.5245],[-159.6833,70.4771],[-159.815,70.4971],[-159.8657,70.2789],[-159.9076,70.3314],[-160.0951,70.3333],[-160.0056,70.4476],[-160.1064,70.4726],[-159.9631,70.5682],[-160.1171,70.5912],[-160.9963,70.3046],[-162.0739,70.162],[-161.7611,70.2577],[-161.881,70.3317],[-162.9521,69.7581],[-163.0936,69.6107],[-163.1615,69.3879],[-163.2052,69.3925],[-163.5357,69.1701],[-163.8679,69.0367],[-164.3023,68.9365],[-165.5095,68.8676],[-166.2091,68.8854],[-166.182,68.7972],[-166.3805,68.4251],[-166.5704,68.3611],[-166.6479,68.3738],[-166.5459,68.4244],[-166.7863,68.3596],[-166.2359,68.2779],[-165.9596,68.1559],[-165.386,68.0456],[-164.1252,67.6067],[-163.9427,67.4776],[-163.7206,67.1956],[-163.5318,67.1026],[-163.0017,67.0273],[-162.5831,67.0185],[-162.4094,67.104],[-162.3916,67.0199],[-161.9654,67.0496],[-161.7199,67.0206],[-161.6222,66.9793],[-161.8788,66.804],[-161.8567,66.7003],[-161.398,66.5519],[-160.864,66.6709],[-160.6438,66.605],[-160.3609,66.6125],[-160.2625,66.5725],[-160.2317,66.4203],[-160.6505,66.3731],[-161.1558,66.4953],[-161.591,66.4595],[-161.9096,66.5596],[-162.0507,66.6673],[-162.0176,66.7841],[-162.1314,66.8014],[-162.2536,66.9187],[-162.3616,66.9473],[-162.6074,66.8944],[-162.4674,66.7356],[-162.1912,66.6931],[-161.8876,66.4931],[-161.9169,66.4118],[-161.8282,66.3709],[-161.5444,66.407],[-161.1203,66.3343],[-161.0343,66.1888],[-161.1092,66.2395],[-161.2011,66.2194],[-161.4554,66.2814],[-161.5568,66.2505],[-161.8163,66.0537],[-161.9337,66.0429],[-162.5869,66.0508],[-162.8865,66.0992],[-163.6954,66.0838],[-164.0337,66.2155],[-163.8939,66.2869],[-163.9029,66.3784],[-163.7755,66.5311],[-163.8939,66.5759],[-163.6382,66.5747],[-163.7277,66.6165],[-164.4605,66.5884],[-165.064,66.4378],[-165.4494,66.4099],[-165.8119,66.2885],[-165.8402,66.2451],[-165.5602,66.1671],[-165.6299,66.1312],[-166.0089,66.1213],[-166.2146,66.1703],[-166.3987,66.1444],[-166.7477,66.0519],[-167.0742,65.8771],[-167.4053,65.8593],[-167.58,65.7583],[-167.9144,65.6812],[-167.9306,65.7481],[-168.0884,65.6578],[-167.9873,65.5678],[-167.404,65.4221],[-166.157,65.2858],[-166.1215,65.2607],[-166.4517,65.2473],[-166.531,65.1547],[-166.9284,65.1571],[-166.5509,64.953],[-166.4152,64.9265],[-166.4087,64.827],[-166.4781,64.7976],[-166.4814,64.7281],[-166.3251,64.6257],[-166.1428,64.5828],[-164.9788,64.4537],[-164.7649,64.5296],[-164.6918,64.5074],[-164.304,64.5839],[-163.7131,64.5882],[-163.4862,64.5498],[-163.1443,64.4238],[-163.0518,64.5197],[-163.1741,64.533],[-163.3028,64.6059],[-163.2039,64.652],[-162.8764,64.5164],[-162.807,64.3742],[-162.7111,64.3775],[-162.3346,64.6128],[-161.8683,64.7427],[-161.7594,64.8163],[-161.4664,64.7949],[-161.1302,64.9254],[-160.887,64.7956],[-160.836,64.6819],[-160.9319,64.5791],[-161.1931,64.5164],[-161.4146,64.5264],[-161.4907,64.4338],[-161.2201,64.3966],[-160.9875,64.2513],[-160.7786,63.8189],[-160.8265,63.7293],[-160.9267,63.6605],[-161.266,63.497],[-161.5054,63.4682],[-161.974,63.4529],[-162.0563,63.4713],[-162.1125,63.5342],[-162.2828,63.5292],[-162.6215,63.2658],[-162.9477,63.115],[-163.2878,63.0464],[-163.5043,63.1059],[-163.7378,63.0164],[-163.6163,63.1251],[-163.9429,63.2472],[-164.1076,63.2617],[-164.409,63.215],[-164.5252,63.1276],[-164.3842,63.0305],[-164.6774,63.0205],[-164.7997,62.9181],[-164.8454,62.801],[-164.7927,62.6232],[-164.5895,62.7094],[-164.688,62.6083],[-164.8444,62.5811],[-164.7579,62.4967],[-164.9997,62.5338],[-165.1945,62.4735],[-165.7073,62.1004],[-165.7439,62.0117],[-165.7252,61.9594],[-165.6128,61.8693],[-166.0788,61.8031],[-166.0199,61.7483],[-165.8089,61.6961],[-166.1681,61.6508],[-166.1527,61.5459],[-166.094,61.5067],[-165.9613,61.5509],[-165.8453,61.5362],[-165.7971,61.4912],[-165.9063,61.4038],[-165.864,61.3357],[-165.6914,61.2999],[-165.5659,61.1023],[-165.3808,61.1063],[-165.392,61.2123],[-165.2736,61.2749],[-165.2439,61.2687],[-165.3449,61.1977],[-165.2038,61.1528],[-165.1278,61.1924],[-165.1377,61.1301],[-165.0771,61.0942],[-164.869,61.1118],[-165.1755,60.9657],[-165.1148,60.9328],[-163.9946,60.8647],[-163.749,60.9697],[-163.5869,60.903],[-163.9065,60.8538],[-163.4209,60.7574],[-163.5287,60.6646],[-163.73,60.59],[-163.8949,60.7452],[-163.9996,60.7661],[-164.3724,60.5918],[-164.2657,60.7247],[-164.3185,60.7713],[-164.8052,60.892],[-164.8998,60.8731],[-165.016,60.74],[-165.3538,60.5412],[-165.0265,60.5006],[-165.0611,60.4125],[-164.8,60.3072],[-164.6623,60.3038],[-164.4705,60.1493],[-164.1315,59.9942],[-164.1428,59.8968],[-163.9069,59.8068],[-163.2194,59.8456],[-162.8778,59.9228],[-162.7326,59.9937],[-162.5708,59.9897],[-162.5005,60.1266],[-162.527,60.1991],[-162.685,60.2689],[-162.4687,60.3947],[-162.138,60.6855],[-161.9466,60.6848],[-162.1389,60.6144],[-162.4213,60.284],[-162.2425,60.1783],[-162.1381,59.98],[-161.8287,59.5886],[-161.8722,59.4283],[-162.0233,59.284],[-161.9811,59.1461],[-161.8908,59.0761],[-161.6444,59.1097],[-161.7887,59.0164],[-161.7805,58.8974],[-161.7244,58.7943],[-161.8565,58.7171],[-162.1449,58.6442],[-161.7555,58.612],[-161.3613,58.6695],[-161.2468,58.7995],[-160.8171,58.8717],[-160.3631,59.0512],[-160.1526,58.9059],[-159.9202,58.8199],[-159.6703,58.9111],[-159.4542,58.7929],[-159.0827,58.4698],[-158.9507,58.4045],[-158.7886,58.441],[-158.7721,58.5203],[-158.8614,58.7188],[-158.7755,58.9025],[-158.8095,58.9739],[-158.6783,58.9294],[-158.5144,59.0729],[-158.4228,59.0898],[-158.0805,58.9774],[-158.4256,58.9993],[-158.5032,58.8503],[-158.3026,58.6418],[-158.1909,58.6143],[-157.142,58.8776],[-156.8089,59.1343],[-157.0405,58.7726],[-156.9747,58.7363],[-157.2289,58.6409],[-157.4609,58.503],[-157.5236,58.4213],[-157.4884,58.2537],[-157.1937,58.1942],[-157.555,58.1399],[-157.6109,58.0508],[-157.6212,57.8952],[-157.6972,57.6794],[-157.5716,57.5407],[-157.4619,57.5062],[-157.5353,57.4834],[-157.7372,57.5481],[-157.8458,57.5281],[-158.3209,57.2979],[-158.6608,57.0394],[-158.6751,56.7949],[-158.8949,56.8164],[-158.918,56.8822],[-159.2831,56.6886],[-159.7851,56.5616],[-160.3021,56.3141],[-160.5391,56.0063],[-160.4799,55.9354],[-160.3085,55.8645],[-160.2701,55.8322],[-160.2917,55.8051],[-160.7063,55.8705],[-160.7584,55.8546],[-160.7455,55.7715],[-160.8028,55.7544],[-161.0054,55.8872],[-160.9024,55.9413],[-160.8986,55.9937],[-161.1925,55.9543],[-161.2226,55.9774],[-161.1786,56.0145],[-161.2156,56.0214],[-161.6973,55.9072],[-162.1571,55.7194],[-162.9066,55.1956],[-163.1145,55.1939],[-163.2788,55.1218],[-163.3353,54.8392],[-163.1311,54.9166],[-163.1002,54.9736],[-163.1196,55.0647],[-162.9959,55.0465],[-162.865,54.9545],[-162.6744,54.9966],[-162.6189,55.0384],[-162.6304,55.2467],[-162.4953,55.2084],[-162.4125,55.1069],[-162.4575,55.0777],[-162.3864,55.0523],[-162.1666,55.1437],[-162.074,55.1393],[-161.7416,55.3912],[-161.6543,55.5634],[-161.5169,55.6184],[-161.3575,55.6122],[-161.2021,55.5436],[-161.4133,55.5361],[-161.4767,55.4649],[-161.4639,55.3825],[-161.178,55.3889],[-160.8967,55.5136],[-160.7708,55.4835],[-160.6252,55.5524],[-160.4993,55.5373],[-160.3732,55.6351],[-159.7714,55.8411],[-159.6785,55.8247],[-159.6597,55.6259],[-159.5676,55.6952],[-159.5232,55.81],[-158.7898,55.9869],[-158.5912,56.1845],[-158.5427,56.1668],[-158.5233,56.0725],[-158.4761,56.0755],[-158.2756,56.1962],[-158.3861,56.3016],[-158.5521,56.3127],[-158.4144,56.4358],[-157.93,56.5205],[-158.0783,56.5521],[-157.8691,56.6452],[-157.5784,56.6345],[-157.4406,56.7903],[-157.1392,56.8266],[-156.7799,57.0056],[-156.629,57.01],[-156.592,57.0651],[-156.4751,57.1052],[-156.4005,57.2048],[-156.4784,57.3279],[-156.4359,57.36],[-156.2422,57.4492],[-156.0554,57.4476],[-156.0002,57.545],[-155.778,57.5682],[-155.5902,57.7336],[-155.1474,57.8818],[-155.0069,58.0161],[-154.5849,58.0557],[-154.5706,58.1181],[-154.247,58.1594],[-154.2081,58.2888],[-154.289,58.3043],[-154.0859,58.3658],[-154.0199,58.493],[-153.862,58.5878],[-153.6173,58.6547],[-153.4376,58.7548],[-153.3271,58.8843],[-153.4183,58.96],[-154.1783,59.1556],[-154.0675,59.3364],[-154.0883,59.3633],[-153.7526,59.5099],[-153.6094,59.615],[-153.6525,59.647],[-153.4144,59.7401],[-153.3665,59.7298],[-153.364,59.6599],[-153.0936,59.7091],[-153.0246,59.794],[-153.2112,59.8427],[-152.7595,59.9209],[-152.6601,59.9972],[-152.6286,60.0411],[-152.6647,60.1253],[-153.025,60.2957],[-152.654,60.2384],[-152.3688,60.3363],[-152.2603,60.4094],[-152.3051,60.453],[-152.2707,60.5281],[-151.9962,60.6822],[-151.7505,60.7549],[-151.7844,60.8332],[-151.734,60.9107],[-151.5935,60.9796],[-151.1501,61.0858],[-150.9455,61.1982],[-150.5672,61.3068],[-150.4718,61.26],[-149.9757,61.2793],[-149.8237,61.4134],[-149.6953,61.4707],[-149.4335,61.5008],[-149.3291,61.4974],[-149.7369,61.3633],[-149.8953,61.2317],[-150.0533,61.1711],[-149.5925,60.9938],[-149.1422,60.9357],[-149.0751,60.8764],[-149.6325,60.952],[-150.113,60.9328],[-150.4413,61.0236],[-151.3218,60.7429],[-151.355,60.6599],[-151.3127,60.4665],[-151.396,60.2745],[-151.7345,59.9883],[-151.8532,59.7821],[-151.7638,59.7],[-151.4501,59.6504],[-151.0895,59.7894],[-151.0465,59.7718],[-151.3996,59.5163],[-151.85,59.4063],[-151.9317,59.3427],[-151.9495,59.2651],[-151.7382,59.1885],[-151.3664,59.2456],[-151.1707,59.2369],[-151.1828,59.3008],[-150.9345,59.2491],[-150.8528,59.3418],[-150.6774,59.427],[-150.6074,59.5634],[-150.4854,59.5353],[-150.3381,59.5813],[-150.198,59.5666],[-149.9665,59.69],[-150.0053,59.7844],[-149.7825,59.7503],[-149.7948,59.8558],[-149.7139,59.9196],[-149.598,59.7705],[-149.3953,60.1058],[-149.2666,59.9983],[-149.1216,60.0335],[-149.0042,59.98],[-148.7509,59.9478],[-148.4307,59.9891],[-148.3331,60.122],[-148.1976,60.1678],[-148.2159,60.3231],[-148.1817,60.3931],[-147.9641,60.4849],[-148.0507,60.5672],[-148.1192,60.5751],[-148.6401,60.4895],[-148.5096,60.5652],[-148.305,60.5834],[-148.2567,60.6753],[-148.5562,60.827],[-148.3444,60.8536],[-148.2087,61.0299],[-148.4107,61.0115],[-148.3419,61.0604],[-148.0494,61.0827],[-147.7519,61.2189],[-147.9712,61.019],[-147.9908,60.9483],[-147.8076,60.8854],[-147.6557,60.9095],[-147.5673,60.9949],[-147.3614,60.9145],[-147.195,60.9968],[-146.874,61.0049],[-146.5827,61.1278],[-146.2849,61.1126],[-146.5991,61.0535],[-146.6384,60.8973],[-146.392,60.8108],[-146.5705,60.7291],[-146.503,60.7008],[-146.251,60.7491],[-146.1823,60.7348],[-146.149,60.6607],[-145.6749,60.6511],[-145.8989,60.4782],[-145.2483,60.3801],[-144.6911,60.6691],[-144.8244,60.5336],[-144.9013,60.3352],[-144.643,60.2247],[-144.1855,60.1507],[-144.0885,60.0843],[-144.1609,60.0458],[-144.1472,60.0164],[-143.8051,60.0129],[-142.9457,60.097],[-142.5486,60.086],[-141.6702,59.9699],[-141.4471,60.0194],[-141.4097,60.0423],[-141.4087,60.1177],[-141.3295,60.0828],[-141.2899,60.0042],[-141.4083,59.9028],[-140.8432,59.7489],[-140.4198,59.7107],[-139.9169,59.8057],[-139.5189,60.0171],[-139.4314,60.0123],[-139.2425,59.8928],[-138.9881,59.835],[-139.2208,59.8199],[-139.2867,59.6109],[-139.331,59.877],[-139.4469,59.9568],[-139.5123,59.9536],[-139.5822,59.8483],[-139.513,59.6981],[-139.6116,59.6103],[-139.7991,59.5462],[-138.8843,59.2369],[-138.5149,59.1659],[-138.5603,59.1292],[-138.3525,59.0873],[-138.0269,58.9415],[-137.8637,58.7855],[-137.5646,58.6259],[-137.544,58.5812],[-136.6074,58.244],[-136.4624,58.328],[-136.0813,58.3642],[-136.0615,58.4527],[-136.2246,58.6022],[-136.4837,58.6177],[-136.4101,58.7006],[-136.6139,58.8093],[-136.8791,58.8815],[-137.059,58.8737],[-136.948,58.9349],[-136.989,59.0345],[-136.5662,58.9409],[-136.4512,58.8463],[-136.2258,58.7655],[-136.1242,58.8196],[-136.15,59.0481],[-136.0166,58.874],[-135.8264,58.8979],[-136.0431,58.8216],[-135.8617,58.5771],[-135.8976,58.4002],[-135.5718,58.4121],[-135.45,58.3761],[-135.3025,58.2559],[-135.0902,58.2458],[-135.062,58.3409],[-135.3861,59.0875],[-135.5023,59.2023],[-135.4001,59.2079],[-135.4841,59.3087],[-135.4127,59.3185],[-135.3637,59.4194],[-135.3303,59.2391],[-135.2174,59.0766],[-135.1318,58.8429],[-134.9861,58.7656],[-134.9425,58.6463],[-134.7761,58.4539],[-134.2088,58.233],[-133.9438,58.4983],[-133.8768,58.5182],[-134.0453,58.2893],[-134.0311,58.0722],[-133.7223,57.8442],[-133.6573,57.841],[-133.5594,57.9245],[-133.1943,57.8777],[-133.5111,57.8801],[-133.5352,57.833],[-133.5155,57.7751],[-133.117,57.5662],[-133.5542,57.6951],[-133.6487,57.6423],[-133.539,57.5541],[-133.4367,57.3369],[-133.4659,57.1722],[-132.8246,57.0558],[-132.8388,56.9602],[-132.8022,56.8952],[-132.6395,56.7964],[-132.4871,56.7664],[-132.4759,56.6497],[-132.3577,56.6259],[-132.305,56.5199],[-132.182,56.4207],[-132.0219,56.3801],[-131.8879,56.2416],[-131.5514,56.2068],[-131.8438,56.1601],[-132.0057,55.9301],[-132.2075,55.7534],[-132.2234,55.721],[-132.119,55.5698],[-131.945,55.5541],[-131.8033,55.766],[-131.8262,55.8354],[-131.7842,55.8766],[-131.0328,56.0881],[-131.1404,55.9975],[-131.1277,55.9602],[-130.9186,55.736],[-130.856,55.3551],[-130.7482,55.318],[-130.9839,55.2439],[-131.0479,55.1577],[-130.8496,54.8076],[-130.5744,54.7692]],[[-130.2139,55.0247],[-130.1718,55.137],[-130.0366,55.2979],[-130.1465,55.6545],[-130.112,55.7798],[-130.0245,55.8874]],[[-122.7895,48.9937],[-122.6859,48.7943],[-122.653,48.7639],[-122.562,48.778],[-122.5127,48.6694],[-122.4968,48.5056],[-122.669,48.4652],[-122.4085,48.2939],[-122.5203,48.2291],[-122.517,48.1597],[-122.3948,48.0841],[-122.4158,48.1839],[-122.242,48.0107],[-122.4018,47.7843],[-122.3538,47.3716],[-122.5422,47.2756],[-122.6042,47.167],[-122.702,47.1109],[-122.812,47.146],[-123.0276,47.1389],[-122.9195,47.2896],[-122.8285,47.3366],[-122.7678,47.2184],[-122.7077,47.3164],[-122.5779,47.2932],[-122.5574,47.4632],[-122.6755,47.6124],[-122.6136,47.6156],[-122.6302,47.6928],[-122.5239,47.7693],[-122.5328,47.9197],[-122.5857,47.9279],[-122.6082,47.8355],[-122.9825,47.5594],[-123.0602,47.4537],[-123.0668,47.3997],[-122.9222,47.4077],[-123.1042,47.3484],[-123.1391,47.3861],[-123.0506,47.552],[-122.8214,47.7932],[-122.7784,47.7384],[-122.6566,47.8812],[-122.7786,48.1376],[-122.9739,48.0733],[-123.1619,48.1545],[-123.2944,48.1195],[-123.9758,48.1685],[-124.71,48.3804],[-124.6631,47.9741],[-124.376,47.6586],[-124.1393,46.9547],[-124.1117,47.0352],[-123.8429,46.9632],[-124.1125,46.8627],[-124.0717,46.7448],[-123.8892,46.66],[-123.9461,46.4326],[-124.0443,46.6051],[-124.0728,46.2794],[-123.6884,46.2999],[-123.6503,46.2677],[-123.4648,46.2711],[-123.2206,46.1536],[-123.4023,46.155],[-123.5216,46.2227],[-123.6736,46.1826],[-123.9117,46.1822],[-123.9893,46.2194],[-123.9471,46.1406],[-123.9293,45.577],[-124.0592,44.7777],[-124.0475,44.4255],[-124.0992,44.3338],[-124.1487,43.6917],[-124.288,43.4097],[-124.1969,43.4233],[-124.3466,43.3417],[-124.5396,42.8129],[-124.4062,42.5837],[-124.4205,42.381],[-124.3553,42.1229],[-124.2117,41.9846],[-124.2446,41.7879],[-124.1632,41.719],[-124.0719,41.4595],[-124.14,41.1559],[-124.1331,40.9698],[-124.2225,40.775],[-124.1902,40.7717],[-124.22,40.6965],[-124.2539,40.7403],[-124.2837,40.7105],[-124.3717,40.4912],[-124.324,40.252],[-124.1085,40.0945],[-123.8329,39.7755],[-123.7778,39.5149],[-123.8203,39.3684],[-123.7195,39.111],[-123.7011,38.9073],[-123.2897,38.5358],[-123.1211,38.4493],[-123.0462,38.3051],[-122.9082,38.1966],[-122.8768,38.1233],[-122.9776,38.2273],[-122.9988,37.9886],[-122.932,38.0555],[-122.5213,37.8264],[-122.4669,37.8382],[-122.4839,38.1088],[-122.3934,38.1448],[-122.1538,38.0655],[-122.0315,38.1235],[-121.8808,38.075],[-121.5253,38.0559],[-122.0867,38.0496],[-122.3143,38.0073],[-122.3854,37.9606],[-122.0705,37.4783],[-122.2976,37.5918],[-122.3697,37.6559],[-122.3841,37.7885],[-122.4456,37.798],[-122.5142,37.772],[-122.4992,37.5426],[-122.4084,37.3731],[-122.3949,37.2075],[-122.1642,36.991],[-121.8807,36.9389],[-121.8074,36.8512],[-121.79,36.7323],[-121.9187,36.5724],[-121.8774,36.3311],[-121.6644,36.1541],[-121.3438,35.7922],[-121.2838,35.6763],[-120.8996,35.4251],[-120.8603,35.3654],[-120.8849,35.275],[-120.8574,35.2097],[-120.6591,35.1224],[-120.6249,34.812],[-120.6447,34.58],[-120.4812,34.4716],[-119.6061,34.418],[-119.2677,34.2574],[-119.2358,34.1641],[-119.1437,34.112],[-118.832,34.0245],[-118.5062,34.0174],[-118.393,33.8583],[-118.4104,33.7439],[-118.0805,33.7222],[-117.4674,33.2955],[-117.3188,33.1],[-117.263,32.9389],[-117.2435,32.664],[-117.1837,32.6879],[-117.1374,32.6492],[-117.1279,32.5324]],[[-97.1463,25.9605],[-97.1504,26.0653],[-97.2139,26.0679],[-97.4351,26.4858],[-97.5547,26.9673],[-97.4757,27.1179],[-97.4851,27.2374],[-97.6924,27.2872],[-97.7685,27.4575],[-97.5239,27.314],[-97.4391,27.3283],[-97.2887,27.6706],[-97.4315,27.8372],[-97.1714,27.8796],[-97.0731,27.9861],[-97.0343,28.0938],[-97.1413,28.0607],[-97.1565,28.1443],[-97.0155,28.1635],[-96.9333,28.2243],[-96.8916,28.1576],[-96.8395,28.1944],[-96.7735,28.4216],[-96.6764,28.3413],[-96.4211,28.4573],[-96.5247,28.4887],[-96.64,28.7088],[-96.5757,28.7157],[-96.4487,28.5945],[-96.3734,28.657],[-96.011,28.6319],[-96.2345,28.489],[-95.8534,28.6403],[-95.2735,28.9639],[-95.1521,29.0792],[-95.1391,29.1678],[-94.8883,29.3706],[-94.9928,29.531],[-95.0229,29.7023],[-94.8899,29.677],[-94.8323,29.7526],[-94.7419,29.75],[-94.7244,29.6553],[-94.7783,29.5479],[-94.5263,29.5479],[-94.7596,29.3843],[-94.0997,29.6704],[-93.8905,29.6894],[-93.9463,29.815],[-93.8415,29.9797],[-93.769,29.9523],[-93.8088,29.8508],[-93.8839,29.81],[-93.8265,29.7251],[-93.6948,29.7699],[-93.1757,29.779],[-92.6713,29.5971],[-92.2608,29.5568],[-92.084,29.5928],[-92.0589,29.6172],[-92.1355,29.6995],[-92.0173,29.8003],[-91.8932,29.836],[-91.8244,29.7507],[-91.6725,29.7461],[-91.5142,29.5554],[-91.331,29.5136],[-91.2488,29.5642],[-91.244,29.4573],[-91.1508,29.3179],[-91.2375,29.331],[-91.2901,29.289],[-90.751,29.1309],[-90.6775,29.1506],[-90.5862,29.2715],[-90.3792,29.2951],[-90.3016,29.2558],[-90.2128,29.1049],[-90.1014,29.1818],[-90.0528,29.3368],[-90.0523,29.4314],[-90.1413,29.4797],[-90.1591,29.5372],[-89.8772,29.458],[-89.8183,29.4161],[-89.7924,29.3332],[-89.6203,29.3024],[-89.4432,29.1941],[-89.3535,29.0702],[-89.3761,28.9813],[-89.2361,29.0811],[-89.1555,29.0166],[-89.1095,29.0987],[-89.0214,29.1427],[-89.0157,29.2029],[-89.1168,29.2482],[-89.1808,29.3357],[-89.5137,29.4201],[-89.6748,29.5387],[-89.7209,29.6193],[-89.683,29.6749],[-89.5593,29.698],[-89.5909,29.7253],[-89.5307,29.7722],[-89.3544,29.8202],[-89.4007,30.046],[-89.4944,30.0582],[-89.6317,29.9038],[-89.7438,29.9298],[-89.8152,30.0073],[-89.665,30.117],[-89.7375,30.172],[-89.9942,30.0593],[-90.1753,30.0291],[-90.413,30.1403],[-90.332,30.2776],[-90.2253,30.3793],[-90.126,30.3691],[-90.0452,30.3514],[-89.9542,30.2688],[-89.5885,30.166],[-89.4435,30.2231],[-89.3206,30.3453],[-89.2236,30.3324],[-88.9052,30.4151],[-88.6921,30.3554],[-88.1354,30.3666],[-88.0113,30.6942],[-87.923,30.5615],[-87.9243,30.4497],[-87.7903,30.2918],[-88.006,30.2309],[-87.6223,30.2647],[-87.4483,30.3941],[-87.5007,30.3093],[-87.4758,30.2943],[-87.2811,30.3393],[-87.1847,30.4537],[-87.1706,30.5388],[-87.072,30.5004],[-86.9976,30.5703],[-86.9651,30.5019],[-86.9858,30.4309],[-87.2012,30.3393],[-86.6796,30.4029],[-86.4479,30.4956],[-86.2574,30.493],[-86.1657,30.4643],[-86.1238,30.4058],[-86.2401,30.4291],[-86.4544,30.3991],[-85.7558,30.167],[-85.7408,30.2444],[-85.6035,30.2868],[-85.6634,30.1895],[-85.6103,30.1484],[-85.6235,30.1171],[-85.6758,30.1219],[-85.3536,29.8757],[-85.3149,29.7581],[-85.3364,29.7401],[-85.4138,29.8425],[-85.4138,29.7676],[-85.3764,29.6952],[-85.3189,29.6802],[-84.8005,29.773],[-84.55,29.8979],[-84.3828,29.9074],[-84.3556,30.029],[-84.3097,30.0647],[-84.0442,30.1038],[-83.6944,29.926],[-83.2905,29.4519],[-82.7693,29.0516],[-82.6515,28.8875],[-82.6606,28.4858],[-82.8435,27.846],[-82.7429,27.7094],[-82.6609,27.7184],[-82.611,27.7772],[-82.5966,27.8732],[-82.6752,27.9638],[-82.6359,27.9812],[-82.5206,27.8779],[-82.4457,27.9028],[-82.4058,27.8629],[-82.4305,27.7711],[-82.6358,27.5246],[-82.7146,27.4996],[-82.29,26.8708],[-82.1807,26.8401],[-82.1811,26.9368],[-82.0133,26.9616],[-82.0669,26.8916],[-82.0779,26.7043],[-82.0396,26.5521],[-81.9702,26.5521],[-81.8287,26.6871],[-81.9589,26.4899],[-81.8666,26.435],[-81.8115,26.1461],[-81.7155,25.9832],[-81.5683,25.8916],[-81.3649,25.8311],[-81.3451,25.7318],[-81.1133,25.3672],[-80.9404,25.2642],[-80.9654,25.2243],[-81.0977,25.3191],[-81.136,25.3097],[-81.1674,25.2285],[-81.1105,25.138],[-80.8622,25.1762],[-80.7365,25.1563],[-80.4847,25.2298],[-80.3669,25.3313],[-80.3008,25.6186],[-80.1589,25.8783],[-80.1264,25.8335],[-80.0413,26.5686],[-80.05,26.8077],[-80.1258,27.083],[-80.2261,27.207],[-80.7486,28.381],[-80.8382,28.7577],[-80.771,28.7325],[-80.7659,28.6328],[-80.6885,28.5785],[-80.7317,28.4629],[-80.6935,28.345],[-80.6069,28.5229],[-80.61,28.1776],[-80.4569,27.9007],[-80.585,28.2716],[-80.5678,28.4265],[-80.5241,28.4861],[-80.9,29.0499],[-81.2495,29.7938],[-81.5162,30.8018],[-81.4604,31.1271],[-81.4417,31.1997],[-81.3649,31.1719],[-81.2885,31.2639],[-81.381,31.3533],[-81.295,31.3712],[-81.1754,31.5313],[-81.2594,31.5389],[-81.1699,31.6103],[-81.1979,31.7042],[-81.0661,31.788],[-81.1133,31.8786],[-80.9234,31.9449],[-80.8492,32.1139],[-80.758,32.1422],[-80.6942,32.2157],[-80.7979,32.3634],[-80.8025,32.448],[-80.7093,32.3371],[-80.6472,32.3959],[-80.5793,32.2873],[-80.4857,32.3518],[-80.4743,32.4228],[-80.6342,32.5117],[-80.3628,32.5007],[-79.9407,32.6671],[-79.8937,32.7287],[-79.9331,32.8101],[-79.805,32.7874],[-79.6149,32.9093],[-79.5871,33.0009],[-79.4199,33.0425],[-79.276,33.1354],[-79.2292,33.1852],[-79.2813,33.3154],[-79.2265,33.4049],[-79.2384,33.3122],[-79.1938,33.2441],[-79.1382,33.4059],[-78.8415,33.7241],[-78.5777,33.8732],[-78.4059,33.9176],[-78.0133,33.9118],[-77.9533,34.169],[-77.9278,33.9397],[-77.8608,34.1492],[-77.7507,34.285],[-77.3798,34.5266],[-77.4123,34.7308],[-77.3584,34.6203],[-77.2962,34.6029],[-77.1339,34.7079],[-76.7332,34.707],[-76.7071,34.7521],[-76.5169,34.7772],[-76.4398,34.8429],[-76.3622,34.9365],[-76.4567,34.9894],[-76.745,34.941],[-76.8986,34.9703],[-76.975,35.0252],[-77.0703,35.1546],[-76.861,35.005],[-76.7792,34.9903],[-76.628,35.0733],[-76.5129,35.2704],[-76.9745,35.4584],[-77.04,35.5274],[-76.7414,35.4315],[-76.6341,35.4532],[-76.611,35.5297],[-76.5772,35.5323],[-76.4895,35.397],[-76.1738,35.3541],[-75.7739,35.647],[-75.7588,35.8433],[-75.812,35.9558],[-75.8539,35.9602],[-75.9789,35.8959],[-76.0012,35.7222],[-76.0836,35.6905],[-76.0698,35.9703],[-76.7262,35.9576],[-76.7336,36.2291],[-76.6789,36.0753],[-76.5594,36.0153],[-76.4788,36.0282],[-76.3837,36.1335],[-76.2274,36.116],[-76.2706,36.1899],[-76.15,36.1458],[-76.1479,36.2793],[-75.883,36.1757],[-75.8201,36.1128],[-75.9928,36.4738],[-75.9465,36.6591],[-75.7282,36.1037],[-75.5342,35.8191],[-75.7579,36.2292],[-75.9994,36.9126],[-76.2442,36.9526],[-76.3996,36.8898],[-76.4878,36.897],[-76.5046,36.961],[-76.6339,37.0474],[-76.6719,37.1729],[-77.2509,37.3292],[-77.007,37.3177],[-76.6309,37.2217],[-76.6023,37.1429],[-76.4009,36.9913],[-76.2833,37.0527],[-76.327,37.1493],[-76.6109,37.3226],[-76.7577,37.5054],[-76.4539,37.2735],[-76.3932,37.3],[-76.401,37.3861],[-76.2635,37.357],[-76.2686,37.4952],[-76.3676,37.5303],[-76.3056,37.5715],[-76.5495,37.6691],[-77.1111,38.1657],[-76.94,38.0955],[-76.4925,37.6822],[-76.3441,37.6757],[-76.2643,37.8936],[-76.5495,38.0945],[-76.9063,38.1971],[-77.0468,38.3567],[-77.2732,38.3518],[-77.3137,38.3966],[-77.2604,38.6],[-77.0456,38.7758],[-77.0304,38.8893],[-77.0182,38.7777],[-77.2209,38.541],[-77.2325,38.4077],[-77.0012,38.4453],[-76.8897,38.2921],[-76.8681,38.3903],[-76.7691,38.2629],[-76.4544,38.1735],[-76.3412,38.087],[-76.3329,38.1408],[-76.4088,38.2683],[-76.642,38.4543],[-76.6686,38.5375],[-76.6773,38.612],[-76.5724,38.4358],[-76.3941,38.369],[-76.5013,38.5322],[-76.5369,38.7426],[-76.4938,38.9452],[-76.5585,39.0652],[-76.4731,39.0306],[-76.4201,39.0739],[-76.4276,39.126],[-76.5704,39.2693],[-76.4209,39.225],[-76.3308,39.4039],[-76.2764,39.3228],[-76.2477,39.4386],[-76.2158,39.3799],[-76.0973,39.4331],[-76.063,39.5611],[-75.9589,39.5851],[-75.9704,39.5046],[-75.8729,39.5109],[-76.0031,39.4108],[-75.876,39.376],[-76.0744,39.3688],[-76.2357,39.1916],[-76.2168,39.0636],[-76.133,39.1229],[-76.1352,39.0821],[-76.1857,38.9907],[-76.3127,39.0094],[-76.3307,38.9086],[-76.2408,38.9431],[-76.1682,38.8527],[-76.3003,38.8182],[-76.3412,38.7097],[-76.2783,38.7725],[-76.213,38.7583],[-76.0569,38.6212],[-76.0169,38.6251],[-76.0009,38.6017],[-76.2642,38.6],[-76.2949,38.4946],[-76.2646,38.4364],[-76.2117,38.3613],[-76.0512,38.2795],[-75.8587,38.3621],[-75.8639,38.2612],[-75.9281,38.1692],[-75.7953,38.0867],[-75.8508,37.9716],[-75.6593,37.954],[-75.7193,37.8214],[-75.8881,37.6191],[-75.975,37.3984],[-75.9974,37.2638],[-75.9344,37.1519],[-75.8121,37.4252],[-75.5871,37.5587],[-75.5964,37.6312],[-75.3535,38.065],[-75.2254,38.2423],[-75.16,38.2551],[-75.1167,38.4062],[-75.0734,38.41],[-75.0744,38.3657],[-75.0388,38.4264],[-75.0729,38.5787],[-75.1871,38.5911],[-75.1285,38.6324],[-75.0887,38.7775],[-75.1851,38.8194],[-75.3922,39.0928],[-75.4126,39.2814],[-75.5739,39.477],[-75.5876,39.6408],[-75.4006,39.8316],[-75.1729,39.8948],[-75.0742,39.9835],[-75.1538,39.8705],[-75.4219,39.7897],[-75.5235,39.6019],[-75.5242,39.4902],[-75.1361,39.2079],[-74.897,39.1455],[-74.9543,38.95],[-74.7945,39.0019],[-74.603,39.2926],[-74.4288,39.3872],[-74.3898,39.4868],[-74.407,39.5488],[-74.3306,39.5359],[-74.2565,39.6139],[-74.0646,39.9931],[-74.0799,39.7881],[-73.9576,40.3284],[-73.9723,40.4003],[-73.9984,40.4521],[-74.2415,40.4562],[-74.2642,40.5286],[-74.1872,40.648],[-74.0255,40.7564],[-73.9272,40.9143],[-73.9177,41.1358],[-73.9699,41.2497],[-73.8822,41.1706],[-73.872,41.0552],[-73.9871,40.7514],[-73.583,41.0219],[-73.0237,41.2165],[-72.9247,41.2852],[-72.4794,41.2758],[-71.5229,41.379],[-71.4438,41.4537],[-71.4266,41.6333],[-71.3637,41.7027],[-71.3901,41.7953],[-71.2711,41.6812],[-71.1487,41.7457],[-71.2043,41.6411],[-71.1686,41.4894],[-70.9742,41.5485],[-70.7011,41.7148],[-70.6665,41.7101],[-70.6571,41.5342],[-70.4047,41.6269],[-69.9486,41.6771],[-69.9779,41.9613],[-70.1089,42.0783],[-70.2411,42.0912],[-70.1962,42.0351],[-70.1726,42.0628],[-70.1103,42.0301],[-70.0014,41.8262],[-70.2955,41.729],[-70.4267,41.7573],[-70.5147,41.8033],[-70.5489,41.9386],[-70.6562,41.9871],[-70.6177,42.0404],[-70.7383,42.2289],[-71.0462,42.3311],[-70.8312,42.5526],[-70.6129,42.6232],[-70.624,42.6718],[-70.7357,42.6693],[-70.8291,42.8253],[-70.7331,43.07],[-70.6423,43.1344],[-70.5207,43.3488],[-70.2026,43.6261],[-70.2692,43.6719],[-70.0624,43.8346],[-69.9652,43.8551],[-69.9743,43.7879],[-69.8725,43.8195],[-69.8084,43.7723],[-69.7953,43.9106],[-69.7298,43.852],[-69.6529,43.9939],[-69.6239,43.8806],[-69.59,43.8866],[-69.5567,43.9828],[-69.5208,43.8974],[-69.3445,44.0009],[-69.2261,43.9865],[-69.1373,44.0378],[-69.0684,44.0976],[-69.0636,44.1724],[-68.9562,44.3481],[-68.9615,44.4338],[-68.7627,44.5708],[-68.7949,44.4545],[-68.7101,44.4426],[-68.8119,44.3394],[-68.612,44.3105],[-68.5325,44.2586],[-68.5214,44.3802],[-68.4506,44.5076],[-68.3737,44.4451],[-68.2774,44.5074],[-68.1521,44.502],[-68.0566,44.3843],[-67.9627,44.4643],[-67.907,44.4536],[-67.8391,44.5763],[-67.653,44.5624],[-67.556,44.6448],[-67.3641,44.6969],[-67.1913,44.6756],[-66.987,44.8277],[-67.1067,44.8851],[-67.0805,44.9892],[-67.1239,45.1689]],[[-169.6239,56.6151],[-169.7552,56.6351],[-169.7662,56.608],[-169.5869,56.5424],[-169.4743,56.594],[-169.6239,56.6151]],[[-81.7838,24.5446],[-81.7397,24.5545],[-81.7387,24.5754],[-81.8114,24.5578],[-81.7838,24.5446]],[[-165.8222,66.3281],[-166.0325,66.2777],[-166.1486,66.2218],[-165.9423,66.2782],[-165.8222,66.3281]]]}},{"type":"Feature","properties":{"name":"South Georgia and the Islands","aliases":["South Georgia and the Islands","S. Geo. and the Is.","South Georgia and the South Sandwich Islands"],"kind":"country"},"geometry":{"type":"MultiLineString","coordinates":[[[-35.8953,-54.5548],[-36.0731,-54.5541],[-36.1726,-54.3822],[-36.3265,-54.2512],[-36.4486,-54.3084],[-36.541,-54.248],[-36.6474,-54.2623],[-36.6069,-54.1898],[-36.7038,-54.1081],[-36.9289,-54.0812],[-37.0061,-54.1143],[-37.3822,-53.9841],[-38.0174,-54.008],[-37.6188,-54.0421],[-37.689,-54.0768],[-37.6923,-54.1348],[-37.6309,-54.1675],[-37.4977,-54.1559],[-37.0067,-54.3409],[-36.886,-54.3395],[-36.735,-54.4666],[-36.5065,-54.5112],[-36.2517,-54.7799],[-36.0855,-54.8668],[-35.7986,-54.7635],[-35.9133,-54.7108],[-35.8953,-54.5548]],[[-26.3035,-58.3822],[-26.4012,-58.3832],[-26.451,-58.4153],[-26.2599,-58.4923],[-26.3035,-58.3822]]]}},{"type":"Feature","properties":{"name":"British Indian Ocean Territory","aliases":["British Indian Ocean Territory","Br. Indian Ocean Ter."],"kind":"country"},"geometry":{"type":"MultiLineString","coordinates":[[[72.4936,-7.2617],[72.4357,-7.2303],[72.4737,-7.3097],[72.4473,-7.3957],[72.4274,-7.2998],[72.3497,-7.2634],[72.4291,-7.4354],[72.492,-7.3774],[72.4936,-7.2617]]]}},{"type":"Feature","properties":{"name":"Saint Helena","aliases":["Saint Helena"],"kind":"country"},"geometry":{"type":"MultiLineString","coordinates":[[[-5.775,-15.9567],[-5.7825,-16.004],[-5.6921,-15.9978],[-5.6625,-15.9128],[-5.775,-15.9567]],[[-14.3836,-7.8826],[-14.4087,-7.9675],[-14.3168,-7.9562],[-14.3025,-7.9354],[-14.3836,-7.8826]]]}},{"type":"Feature","properties":{"name":"Pitcairn Islands","aliases":["Pitcairn Islands","Pitcairn Is.","Pitcairn, Henderson, Ducie and Oeno Islands"],"kind":"country"},"geometry":{"type":"MultiLineString","coordinates":[[[-128.3301,-24.3232],[-128.3422,-24.3707],[-128.3,-24.4126],[-128.2908,-24.3646],[-128.3301,-24.3232]]]}},{"type":"Feature","properties":{"name":"Anguilla","aliases":["Anguilla"],"kind":"country"},"geometry":{"type":"MultiLineString","coordinates":[[[-63.16,18.1714],[-63.0012,18.2218],[-62.9796,18.2648],[-63.026,18.2697],[-63.16,18.1714]]]}},{"type":"Feature","properties":{"name":"Falkland Islands","aliases":["Falkland Islands","Falkland Is.","Falkland Islands / Malvinas"],"kind":"country"},"geometry":{"type":"MultiLineString","coordinates":[[[-57.7918,-51.6361],[-57.9604,-51.5832],[-57.9154,-51.5338],[-57.8085,-51.518],[-57.9765,-51.3844],[-58.2592,-51.4171],[-58.2893,-51.4575],[-58.2345,-51.5786],[-58.2716,-51.5747],[-58.5089,-51.4836],[-58.5192,-51.4239],[-58.4067,-51.4184],[-58.3787,-51.373],[-58.4258,-51.3242],[-58.6975,-51.3285],[-58.9175,-51.2721],[-58.8867,-51.3579],[-59.0966,-51.4914],[-59.0595,-51.6854],[-59.2618,-51.7373],[-59.5708,-51.9254],[-59.5367,-51.9706],[-59.6492,-52.0772],[-59.6487,-52.1344],[-59.3957,-52.308],[-59.3415,-52.196],[-59.068,-52.173],[-59.1959,-52.0177],[-58.6528,-52.0992],[-58.6377,-52.023],[-58.6835,-51.9362],[-58.336,-51.8638],[-58.1509,-51.7654],[-57.8382,-51.7092],[-57.7918,-51.6361]],[[-59.5732,-51.6809],[-59.2681,-51.4275],[-59.3876,-51.36],[-59.4651,-51.4105],[-59.7884,-51.446],[-59.9171,-51.3881],[-60.1416,-51.481],[-60.5685,-51.3578],[-60.5058,-51.4854],[-60.2452,-51.6389],[-60.5825,-51.7127],[-60.5001,-51.7565],[-60.2765,-51.7166],[-60.2385,-51.772],[-60.5911,-51.9516],[-60.7625,-51.9465],[-60.9614,-52.0573],[-60.6864,-52.1884],[-60.5084,-52.1947],[-60.3535,-52.1399],[-60.2463,-51.9864],[-59.9214,-51.9695],[-59.5732,-51.6809]],[[-58.4971,-51.9994],[-58.5414,-52.0284],[-58.4327,-52.099],[-58.4388,-52.011],[-58.4971,-51.9994]],[[-60.2488,-51.396],[-60.2753,-51.2806],[-60.0698,-51.3079],[-60.1117,-51.3959],[-60.2488,-51.396]],[[-59.7532,-52.1414],[-59.7933,-52.1342],[-59.7645,-52.2422],[-59.6827,-52.2316],[-59.681,-52.1801],[-59.7532,-52.1414]],[[-60.876,-51.7942],[-61.0187,-51.7857],[-61.145,-51.8395],[-61.032,-51.9425],[-60.9476,-51.9463],[-60.876,-51.7942]]]}},{"type":"Feature","properties":{"name":"Cayman Islands","aliases":["Cayman Islands","Cayman Is."],"kind":"country"},"geometry":{"type":"MultiLineString","coordinates":[[[-81.2848,19.3625],[-81.3373,19.3295],[-81.4191,19.3748],[-81.4048,19.2784],[-81.1071,19.3052],[-81.1305,19.3468],[-81.2848,19.3625]]]}},{"type":"Feature","properties":{"name":"Bermuda","aliases":["Bermuda","The Bermudas or Somers Isles"],"kind":"country"},"geometry":{"type":"MultiLineString","coordinates":[[[-64.7712,32.3077],[-64.8628,32.2739],[-64.7303,32.2935],[-64.6683,32.3819],[-64.7712,32.3077]]]}},{"type":"Feature","properties":{"name":"British Virgin Islands","aliases":["British Virgin Islands","British Virgin Is."],"kind":"country"},"geometry":{"type":"MultiLineString","coordinates":[[[-64.4261,18.5131],[-64.4211,18.4574],[-64.3247,18.5175],[-64.4261,18.5131]],[[-64.651,18.4425],[-64.6951,18.4117],[-64.5937,18.4028],[-64.5452,18.4381],[-64.651,18.4425]]]}},{"type":"Feature","properties":{"name":"Turks and Caicos Islands","aliases":["Turks and Caicos Islands","Turks and Caicos Is."],"kind":"country"},"geometry":{"type":"MultiLineString","coordinates":[[[-71.7218,21.7902],[-71.6654,21.7517],[-71.6369,21.7875],[-71.6684,21.8334],[-71.8477,21.8435],[-71.8304,21.7906],[-71.7218,21.7902]],[[-71.9555,21.8644],[-71.8799,21.8404],[-71.9315,21.9519],[-72.0106,21.9504],[-71.9555,21.8644]],[[-72.1907,21.7698],[-72.1498,21.8045],[-72.2187,21.7963],[-72.3328,21.8514],[-72.3354,21.758],[-72.1907,21.7698]]]}},{"type":"Feature","properties":{"name":"Montserrat","aliases":["Montserrat"],"kind":"country"},"geometry":{"type":"MultiLineString","coordinates":[[[-62.1758,16.8096],[-62.2216,16.6995],[-62.1542,16.6812],[-62.1484,16.7403],[-62.1758,16.8096]]]}},{"type":"Feature","properties":{"name":"Jersey","aliases":["Jersey","Bailiwick of Jersey"],"kind":"country"},"geometry":{"type":"MultiLineString","coordinates":[[[-2.2205,49.2664],[-2.2358,49.1764],[-2.0099,49.1808],[-2.0187,49.2313],[-2.2205,49.2664]]]}},{"type":"Feature","properties":{"name":"Guernsey","aliases":["Guernsey","Bailiwick of Guernsey"],"kind":"country"},"geometry":{"type":"MultiLineString","coordinates":[[[-2.6461,49.4682],[-2.5474,49.4287],[-2.5123,49.4945],[-2.5422,49.5066],[-2.6461,49.4682]]]}},{"type":"Feature","properties":{"name":"Isle of Man","aliases":["Isle of Man"],"kind":"country"},"geometry":{"type":"MultiLineString","coordinates":[[[-4.4121,54.1854],[-4.338,54.2691],[-4.3772,54.3926],[-4.4247,54.4072],[-4.6987,54.2249],[-4.7854,54.073],[-4.6143,54.0587],[-4.4121,54.1854]]]}},{"type":"Feature","properties":{"name":"United Kingdom","aliases":["United Kingdom","United Kingdom of Great Britain and Northern Ireland"],"kind":"country"},"geometry":{"type":"MultiLineString","coordinates":[[[-3.9885,57.5812],[-3.2945,57.7102],[-3.036,57.6723],[-2.0741,57.7024],[-1.8674,57.6124],[-1.7807,57.474],[-2.0203,57.2589],[-2.2603,56.8633],[-2.501,56.6366],[-2.681,56.5144],[-3.31,56.3635],[-2.8852,56.3975],[-2.6527,56.3183],[-2.6743,56.2534],[-2.7676,56.2021],[-2.9798,56.1941],[-3.1782,56.0801],[-3.3623,56.0276],[-3.7891,56.0952],[-3.6078,56.016],[-3.0487,55.952],[-2.8369,56.0263],[-2.5993,56.0273],[-2.1471,55.903],[-1.6554,55.5704],[-1.4227,55.0264],[-1.2324,54.7037],[-0.6714,54.5039],[-0.0844,54.1181],[-0.2056,54.0217],[0.1153,53.6093],[-0.0737,53.6437],[-0.27,53.7368],[-0.6599,53.724],[-0.2937,53.6923],[0.1283,53.4683],[0.271,53.3355],[0.3558,53.16],[0.0459,52.9056],[0.2798,52.8087],[0.3819,52.8252],[0.5588,52.9669],[1.0556,52.959],[1.3821,52.8935],[1.6567,52.7537],[1.7161,52.6772],[1.7466,52.469],[1.5914,52.1198],[1.4135,51.9948],[1.3168,51.9569],[1.2324,51.9712],[1.2744,51.8454],[1.1885,51.8034],[0.9551,51.8078],[0.7522,51.7296],[0.898,51.6894],[0.9274,51.6466],[0.8909,51.5714],[0.4245,51.4656],[0.5283,51.4845],[0.6865,51.3866],[0.8894,51.3595],[1.4149,51.3633],[1.3976,51.182],[1.0444,51.0473],[0.9602,50.9259],[0.7724,50.934],[0.2997,50.776],[-0.2039,50.8144],[-0.7853,50.7654],[-1.4165,50.8969],[-1.3345,50.8208],[-1.6008,50.7329],[-2.0311,50.7254],[-1.9621,50.6278],[-2.0358,50.6031],[-2.3501,50.6374],[-2.4334,50.5992],[-2.777,50.7056],[-2.9994,50.7166],[-3.4046,50.6324],[-3.4854,50.5479],[-3.5844,50.3218],[-3.6798,50.2399],[-3.7934,50.2292],[-4.1946,50.3933],[-4.728,50.2905],[-5.0095,50.1607],[-5.1185,50.0383],[-5.2252,50.0214],[-5.434,50.1044],[-5.6221,50.0507],[-5.6552,50.0772],[-5.6562,50.1319],[-5.5707,50.197],[-5.3423,50.2461],[-5.0044,50.4953],[-4.8936,50.5337],[-4.5829,50.7764],[-4.5231,50.9774],[-4.2965,51.0271],[-4.1882,51.1885],[-3.8423,51.2309],[-3.136,51.205],[-2.4331,51.7407],[-2.7421,51.5811],[-2.9785,51.5389],[-3.2931,51.3904],[-3.5624,51.4138],[-3.8908,51.5917],[-4.2346,51.5691],[-4.091,51.6599],[-4.2762,51.6825],[-4.3863,51.7411],[-4.6008,51.7376],[-4.9023,51.6263],[-5.1248,51.7059],[-5.2006,51.8614],[-5.2623,51.8802],[-5.0881,51.9959],[-4.3832,52.1973],[-4.1494,52.3263],[-3.9803,52.5417],[-4.0789,52.6079],[-4.0393,52.7041],[-4.1175,52.82],[-4.1015,52.9155],[-4.3564,52.8974],[-4.6831,52.8062],[-4.6383,52.8911],[-4.4051,53.0138],[-4.2686,53.1445],[-3.7642,53.3076],[-3.3262,53.3472],[-3.0976,53.2603],[-3.1656,53.3947],[-3.0647,53.4269],[-2.9186,53.3054],[-2.7495,53.3102],[-2.9131,53.3502],[-3.0646,53.5128],[-3.0595,53.5862],[-2.9251,53.7328],[-3.0318,53.7736],[-3.0454,53.8438],[-3.0268,53.9059],[-2.8999,53.9607],[-2.8465,54.1353],[-2.8676,54.1772],[-3.166,54.1279],[-3.5694,54.4676],[-3.592,54.5644],[-3.4646,54.7731],[-3.2679,54.9066],[-3.0362,54.9531],[-3.5504,54.9474],[-3.9579,54.781],[-4.133,54.7792],[-4.2534,54.8468],[-4.5175,54.7584],[-4.8181,54.8461],[-4.9112,54.6895],[-5.1355,54.8575],[-5.1727,54.9859],[-5.1167,55.0123],[-5.0559,54.9881],[-4.6768,55.5013],[-4.7242,55.5983],[-4.8918,55.6991],[-4.8717,55.8739],[-4.8261,55.9295],[-4.5841,55.9387],[-4.8441,56.0512],[-4.8003,56.1583],[-4.9271,56.0281],[-5.0928,55.9873],[-5.2146,55.8889],[-5.2456,55.9292],[-5.2229,56.0658],[-4.997,56.2334],[-5.3834,56.0192],[-5.4189,55.9752],[-5.3858,55.7701],[-5.5564,55.3896],[-5.6465,55.3269],[-5.7682,55.3626],[-5.6813,55.624],[-5.5045,55.8024],[-5.6229,55.8131],[-5.6096,56.0553],[-5.535,56.2508],[-5.3919,56.5148],[-5.1884,56.7581],[-5.6524,56.532],[-5.8648,56.5619],[-5.9368,56.6057],[-5.9689,56.6899],[-6.1328,56.718],[-5.7306,56.8531],[-5.8614,56.9027],[-5.7363,56.9606],[-5.5913,57.1023],[-5.5619,57.2327],[-5.6563,57.3341],[-5.7949,57.3788],[-5.8181,57.4361],[-5.7567,57.4992],[-5.5818,57.5468],[-5.6788,57.5717],[-5.7424,57.6437],[-5.6655,57.8235],[-5.6083,57.8813],[-5.1572,57.8813],[-5.4132,58.0697],[-5.3514,58.1437],[-5.3383,58.2387],[-5.0083,58.2626],[-5.0901,58.3845],[-5.0665,58.5202],[-4.9756,58.5803],[-4.8096,58.5729],[-4.7154,58.51],[-4.4919,58.5685],[-4.4333,58.5128],[-3.2591,58.65],[-3.0531,58.6348],[-3.1129,58.4089],[-3.2124,58.3212],[-3.99,57.959],[-4.0356,57.852],[-3.8571,57.8186],[-4.0784,57.6771],[-4.1345,57.5777],[-3.9885,57.5812]],[[-7.2179,55.0927],[-7.1006,55.0483],[-6.9472,55.1825],[-6.475,55.241],[-6.1292,55.2174],[-6.0358,55.1445],[-5.9857,55.0297],[-5.7168,54.8175],[-5.7107,54.7571],[-5.8791,54.6844],[-5.8786,54.6413],[-5.5825,54.6634],[-5.4704,54.5002],[-5.4839,54.4417],[-5.6711,54.5498],[-5.656,54.3817],[-5.5578,54.371],[-5.6068,54.2726],[-5.8262,54.2358],[-5.9377,54.0891],[-6.019,54.0513],[-6.216,54.0871]],[[-6.5699,56.6612],[-6.6686,56.5936],[-6.6645,56.5794],[-6.4837,56.6658],[-6.5699,56.6612]],[[-5.105,55.574],[-5.1604,55.6668],[-5.2516,55.7169],[-5.3457,55.6907],[-5.3927,55.6184],[-5.3315,55.4811],[-5.2315,55.4481],[-5.1054,55.4488],[-5.105,55.574]],[[-5.836,56.5226],[-5.9467,56.5345],[-6.1027,56.6457],[-6.2863,56.6119],[-6.3106,56.5521],[-6.1389,56.4906],[-6.1849,56.3569],[-6.3258,56.3209],[-6.1762,56.2887],[-5.7779,56.3443],[-5.7608,56.4907],[-5.836,56.5226]],[[-6.1289,55.9306],[-6.4132,55.8546],[-6.4914,55.6973],[-6.3018,55.7806],[-6.27,55.6703],[-6.3051,55.6069],[-6.0884,55.6575],[-6.0576,55.7225],[-6.1289,55.9306]],[[-5.9391,56.0453],[-5.9703,55.9922],[-5.9118,55.9748],[-6.072,55.8931],[-6.0416,55.8068],[-5.9701,55.8146],[-5.7251,56.1186],[-5.9391,56.0453]],[[-1.0933,60.7202],[-1.1655,60.6039],[-1.0679,60.5023],[-1.0342,60.5302],[-1.049,60.6469],[-0.9917,60.686],[-1.0933,60.7202]],[[-1.2357,60.4853],[-1.2874,60.467],[-1.3017,60.6077],[-1.4142,60.5987],[-1.5718,60.4944],[-1.4496,60.4686],[-1.3746,60.3329],[-1.6638,60.2825],[-1.6414,60.2368],[-1.4991,60.2218],[-1.4815,60.1734],[-1.3228,60.1884],[-1.2909,60.1535],[-1.3559,59.9111],[-1.2995,59.8787],[-1.1993,60.0066],[-1.0524,60.4445],[-1.1578,60.4177],[-1.2357,60.4853]],[[-0.8255,60.6839],[-0.7743,60.812],[-0.9158,60.8104],[-0.9223,60.6973],[-0.8255,60.6839]],[[-3.2719,58.9053],[-3.3574,58.919],[-3.4008,58.8818],[-3.2788,58.7819],[-3.1649,58.7942],[-3.2719,58.9053]],[[-4.3151,53.4172],[-4.5679,53.3865],[-4.5532,53.2604],[-4.373,53.1342],[-4.0494,53.3058],[-4.1549,53.3028],[-4.3151,53.4172]],[[-2.5356,59.3041],[-2.6036,59.2893],[-2.6621,59.2302],[-2.5489,59.2313],[-2.407,59.2976],[-2.5356,59.3041]],[[-3.0354,58.8227],[-2.939,58.7386],[-2.8964,58.8276],[-2.9412,58.8357],[-3.0354,58.8227]],[[-2.8179,58.9819],[-3.0707,59.005],[-3.0192,59.076],[-3.2486,59.1439],[-3.3104,59.1308],[-3.3537,59.0187],[-3.3316,58.9712],[-3.2421,58.9997],[-3.2008,58.9253],[-2.9948,58.9394],[-2.8638,58.8905],[-2.7625,58.9558],[-2.8179,58.9819]],[[-2.9638,59.2744],[-2.8614,59.2468],[-2.8152,59.1619],[-2.7294,59.1868],[-2.7307,59.2268],[-2.9755,59.3471],[-3.0521,59.3239],[-2.9638,59.2744]],[[-6.8538,57.8265],[-6.4024,58.0414],[-6.4365,58.0919],[-6.5546,58.0929],[-6.3258,58.1889],[-6.1987,58.3633],[-6.2194,58.4887],[-6.7765,58.3015],[-6.7265,58.1894],[-6.8862,58.1826],[-7.0121,58.2287],[-7.0853,58.1822],[-7.0769,58.079],[-6.9853,58.0505],[-7.0571,58.0032],[-6.8568,57.9235],[-7.0834,57.8138],[-6.9569,57.75],[-6.8538,57.8265]],[[-6.4326,57.0179],[-6.3462,56.9543],[-6.2605,56.9853],[-6.3224,57.0505],[-6.4326,57.0179]],[[-6.3624,57.2375],[-6.2661,57.1843],[-6.0344,57.2012],[-5.9873,57.0444],[-5.6687,57.2269],[-5.706,57.2689],[-6.1355,57.3143],[-6.1661,57.5853],[-6.306,57.672],[-6.3577,57.6668],[-6.3785,57.6033],[-6.6168,57.5627],[-6.583,57.5071],[-6.7527,57.4589],[-6.6754,57.3629],[-6.4424,57.3275],[-6.3624,57.2375]],[[-7.2056,57.683],[-7.4703,57.6525],[-7.5147,57.602],[-7.3206,57.5337],[-7.1826,57.5333],[-7.0928,57.6267],[-7.2056,57.683]],[[-7.2964,57.3837],[-7.4105,57.3811],[-7.4224,57.2293],[-7.3815,57.1307],[-7.292,57.1098],[-7.2476,57.1264],[-7.2671,57.3718],[-7.2964,57.3837]],[[-7.5229,57.0068],[-7.543,56.9724],[-7.5048,56.9517],[-7.3989,56.9834],[-7.5229,57.0068]],[[-1.3128,50.7735],[-1.5157,50.7033],[-1.5634,50.6661],[-1.2515,50.5888],[-1.0656,50.6902],[-1.3128,50.7735]]]}},{"type":"Feature","properties":{"name":"United Arab Emirates","aliases":["United Arab Emirates"],"kind":"country"},"geometry":{"type":"MultiLineString","coordinates":[[[53.4453,24.3712],[53.4124,24.411],[53.1909,24.2909],[53.3322,24.2586],[53.4453,24.3712]],[[52.6,24.2813],[52.6576,24.3326],[52.6294,24.3768],[52.5836,24.3523],[52.6,24.2813]],[[53.7991,24.1355],[53.9281,24.1434],[53.9278,24.1772],[53.8338,24.2589],[53.6345,24.1698],[53.7991,24.1355]],[[56.3883,24.9783],[56.3635,25.5694],[56.298,25.6517]],[[56.0811,26.0638],[55.9412,25.794],[55.5229,25.4981],[55.0981,25.0416],[54.7468,24.8104],[54.3971,24.2782],[54.1479,24.1712],[53.8018,24.0695],[52.6482,24.1546],[52.1186,23.9711],[51.8432,24.0109],[51.7917,24.0748],[51.7676,24.2544],[51.6646,24.2504],[51.6055,24.3384],[51.5674,24.2862]],[[54.4266,24.471],[54.3983,24.5063],[54.3348,24.471],[54.4566,24.4233],[54.4266,24.471]]]}},{"type":"Feature","properties":{"name":"Ukraine","aliases":["Ukraine"],"kind":"country"},"geometry":{"type":"MultiLineString","coordinates":[[[31.5849,46.3032],[31.5088,46.3731],[31.5639,46.2578],[32.1501,46.1547],[31.5849,46.3032]],[[29.7056,45.2589],[29.727,45.3433],[29.6703,45.5407],[29.6012,45.6],[29.6284,45.7225],[29.6851,45.7547],[29.8212,45.7321],[30.219,45.8667],[30.6567,46.2665],[30.7963,46.552],[31.1368,46.6245],[31.4029,46.6288],[31.5634,46.7773],[31.5321,46.6647],[31.8729,46.6498],[31.9127,46.9261],[31.7592,47.2128],[31.8382,47.1572],[31.9396,46.982],[31.9449,46.7844],[32.0443,46.6425],[32.3541,46.5648],[32.578,46.6156],[32.3613,46.475],[31.5549,46.5543],[31.7137,46.4718],[32.0085,46.43],[31.9917,46.3644],[31.78,46.3247],[31.8313,46.2817],[32.0357,46.261],[32.4768,46.0837],[33.2022,46.1757],[33.4299,46.0576],[33.5947,46.0954]],[[35.0022,45.7325],[34.8573,45.9874],[34.8496,46.1899],[35.0641,46.2672],[35.2304,46.4406],[35.292,46.3707],[35.2802,46.2795],[35.0146,46.106],[35.2044,46.1692],[35.4002,46.3814],[35.8271,46.6243],[36.0249,46.6668],[36.2795,46.6586],[36.5588,46.7627],[36.6887,46.7641],[36.7948,46.7144],[37.0476,46.8762],[37.3398,46.9169],[37.5434,47.0746],[38.2153,47.0918]]]}},{"type":"Feature","properties":{"name":"Turkmenistan","aliases":["Turkmenistan"],"kind":"country"},"geometry":{"type":"MultiLineString","coordinates":[[[53.0552,39.0379],[53.1096,38.8031],[53.1002,38.7562],[53.0186,39.0527],[53.0922,39.0941],[53.0552,39.0379]],[[54.7101,40.8911],[54.5471,40.8323],[54.3744,40.8714],[54.3194,40.8346],[54.3773,40.6933],[54.193,40.7204],[53.87,40.6487],[53.7638,40.6657],[53.6152,40.8185],[53.3329,40.7827],[53.1452,40.825],[52.9435,41.0381],[52.7337,40.3987],[52.7444,40.2198],[52.8047,40.054],[53.0355,39.7744],[52.9521,39.8955],[52.9875,39.9876],[53.4042,39.9604],[53.4873,39.9094],[53.4505,39.7485],[53.4723,39.6688],[53.5824,39.6074],[53.6031,39.547],[53.3896,39.5364],[53.2356,39.6085],[53.1248,39.4321],[53.1566,39.265],[53.2033,39.3168],[53.3363,39.3408],[53.7046,39.2096],[53.7241,39.1031],[53.8687,38.9493],[53.8235,37.9279],[53.9144,37.3425]],[[52.4936,41.7814],[52.6094,41.5294],[52.8504,41.2003],[52.8302,41.3419],[52.8835,41.6525],[52.8148,41.7118],[52.97,41.9762],[53.1642,42.0938],[53.6249,42.1364],[53.8047,42.1176],[53.8465,42.0912],[54.0948,41.5194],[54.6715,41.1222],[54.718,41.013],[54.7101,40.8911]]]}},{"type":"Feature","properties":{"name":"Turkey","aliases":["Turkey","Republic of Turkey"],"kind":"country"},"geometry":{"type":"MultiLineString","coordinates":[[[25.7409,40.1963],[25.6689,40.1359],[25.7402,40.1055],[25.97,40.1363],[25.9771,40.1778],[25.9184,40.238],[25.7409,40.1963]],[[26.0384,40.7276],[26.1055,40.6113],[26.7921,40.6266],[26.7203,40.5442],[26.4475,40.445],[26.2538,40.3147],[26.2602,40.2024],[26.2027,40.0754],[26.33,40.1234],[26.7721,40.498],[27.258,40.6874],[27.4302,40.8399],[27.4994,40.9731],[27.7474,41.0133],[27.9252,40.9906],[28.1722,41.0807],[28.7804,40.9742],[28.9563,41.0082],[29.0572,41.2297],[28.3464,41.4664],[28.1979,41.5545],[27.9873,41.8549],[28.014,41.9701]],[[41.5109,41.5183],[41.4144,41.4236],[41.0836,41.2612],[40.2652,40.9613],[39.8079,40.9825],[39.4264,41.1064],[38.3811,40.9245],[37.9101,41.0019],[37.7656,41.0789],[37.0662,41.1844],[36.992,41.2754],[36.7777,41.3635],[36.6471,41.3525],[36.5097,41.2625],[36.4054,41.2746],[36.1792,41.4266],[36.0518,41.6826],[35.9198,41.7137],[35.558,41.634],[35.2978,41.7285],[35.1221,41.8911],[35.1549,42.0275],[35.0064,42.0633],[34.7505,41.9568],[33.3813,42.0176],[32.3064,41.7296],[32.0864,41.5892],[31.458,41.32],[31.3467,41.1579],[31.2549,41.1076],[30.8101,41.0849],[30.3449,41.1969],[29.9193,41.1508],[29.1481,41.221],[29.0943,41.1772],[29.0455,41.0076],[29.1139,40.9378],[29.3647,40.8093],[29.8492,40.7601],[28.958,40.6306],[28.7879,40.534],[29.0552,40.4242],[29.0071,40.3897],[28.2891,40.403],[27.9626,40.3699],[27.9289,40.3804],[27.9896,40.4895],[27.8749,40.5129],[27.7318,40.4815],[27.8485,40.3817],[27.728,40.3288],[27.4756,40.3199],[27.3326,40.3759],[27.2846,40.4556],[27.1217,40.4523],[27.0121,40.3963],[26.7381,40.4002],[26.3134,40.025],[26.1813,39.9901],[26.1131,39.4674],[26.8992,39.5497],[26.9109,39.5173],[26.6818,39.2922],[26.8536,39.1156],[26.8149,38.961],[27.0137,38.8869],[26.9092,38.7758],[26.7637,38.7096],[26.9068,38.4817],[26.9704,38.4479],[27.1442,38.452],[26.8614,38.3729],[26.7273,38.4186],[26.6742,38.3357],[26.595,38.4186],[26.5865,38.557],[26.5136,38.6295],[26.4413,38.6412],[26.3778,38.6242],[26.4164,38.3679],[26.3437,38.3701],[26.2907,38.2772],[26.5824,38.1493],[26.6828,38.1983],[26.8074,38.1383],[26.8786,38.0548],[27.2324,37.9787],[27.2548,37.8823],[27.2244,37.7254],[27.068,37.6579],[27.1479,37.6036],[27.2192,37.3892],[27.5201,37.2491],[27.5351,37.1639],[27.3002,37.1269],[27.2497,37.0791],[27.263,36.9766],[27.3489,37.0196],[28.2424,37.0291],[28.0054,36.832],[27.6309,36.7867],[27.4669,36.7463],[27.4539,36.7122],[27.6559,36.6746],[27.8038,36.7365],[28.084,36.7515],[28.0194,36.6345],[28.1956,36.6863],[28.3037,36.812],[28.4836,36.8038],[28.8169,36.6753],[28.9696,36.7153],[29.0383,36.6935],[29.1433,36.3972],[29.2236,36.3245],[29.6891,36.1567],[30.2316,36.3073],[30.3873,36.2433],[30.4461,36.2699],[30.5585,36.5258],[30.582,36.7972],[30.644,36.8657],[31.2406,36.8217],[32.022,36.5353],[32.3777,36.1836],[32.5338,36.1007],[32.7948,36.0359],[32.9295,36.0957],[33.6947,36.182],[33.9549,36.2952],[34.2996,36.6042],[34.7036,36.8168],[35.3932,36.5752],[35.5374,36.597],[35.6611,36.7243],[36.0489,36.9106],[36.1801,36.8072],[36.1885,36.659],[35.8109,36.3099],[35.9569,35.9981],[35.8921,35.9158]]]}},{"type":"Feature","properties":{"name":"Tunisia","aliases":["Tunisia","Republic of Tunisia"],"kind":"country"},"geometry":{"type":"MultiLineString","coordinates":[[[11.2549,34.8203],[11.153,34.7446],[11.1236,34.6817],[11.278,34.7538],[11.2549,34.8203]],[[10.922,33.8931],[10.7452,33.8887],[10.7221,33.7389],[10.8574,33.6872],[10.9931,33.7459],[11.0336,33.805],[10.922,33.8931]],[[11.5056,33.1815],[11.2026,33.2492],[11.2574,33.3088],[11.1503,33.3692],[11.0846,33.5629],[10.958,33.6263],[10.8984,33.5337],[10.7228,33.5144],[10.7132,33.689],[10.4543,33.6625],[10.3053,33.7283],[10.159,33.85],[10.049,34.0563],[10.04,34.1403],[10.1184,34.2801],[10.6909,34.6785],[11.1201,35.2403],[11.0433,35.3351],[11.0043,35.6338],[10.5908,35.8873],[10.5058,36.0324],[10.4766,36.1751],[10.5257,36.3233],[10.7981,36.4931],[10.9672,36.743],[11.1267,36.8741],[11.0539,37.0725],[10.9514,37.0593],[10.7662,36.9303],[10.5713,36.8794],[10.5182,36.7914],[10.4123,36.7318],[10.2933,36.7815],[10.3341,36.8654],[10.1888,37.0339],[10.1964,37.2059],[10.0874,37.2513],[9.8756,37.2542],[9.8964,37.1816],[9.8303,37.1354],[9.784,37.2114],[9.8385,37.309],[9.688,37.3404],[9.142,37.1946],[8.8235,36.9976],[8.5756,36.9371]]]}},{"type":"Feature","properties":{"name":"Trinidad and Tobago","aliases":["Trinidad and Tobago","Republic of Trinidad and Tobago"],"kind":"country"},"geometry":{"type":"MultiLineString","coordinates":[[[-60.9176,10.8402],[-61.37,10.7968],[-61.6512,10.7181],[-61.4783,10.6034],[-61.4993,10.2686],[-61.6327,10.2434],[-61.6615,10.1917],[-61.9061,10.0691],[-61.1743,10.078],[-61.0121,10.1343],[-60.9685,10.3234],[-61.0375,10.4823],[-61.0337,10.6699],[-60.9176,10.8402]],[[-60.7089,11.2772],[-60.8106,11.1686],[-60.5465,11.2637],[-60.5255,11.3254],[-60.7089,11.2772]]]}},{"type":"Feature","properties":{"name":"Tonga","aliases":["Tonga","Kingdom of Tonga"],"kind":"country"},"geometry":{"type":"MultiLineString","coordinates":[[[-175.0782,-21.129],[-175.1566,-21.2637],[-175.3624,-21.1068],[-175.3181,-21.0683],[-175.3226,-21.0993],[-175.1619,-21.1693],[-175.0782,-21.129]],[[-174.0691,-18.6402],[-173.9913,-18.6986],[-173.9219,-18.5886],[-174.0024,-18.5707],[-174.0691,-18.6402]],[[-174.9729,-21.3498],[-174.9675,-21.3817],[-174.9187,-21.4506],[-174.9131,-21.3005],[-174.9729,-21.3498]]]}},{"type":"Feature","properties":{"name":"Togo","aliases":["Togo","Togolese Republic"],"kind":"country"},"geometry":{"type":"MultiLineString","coordinates":[[[1.1863,6.089],[1.6236,6.217]]]}},{"type":"Feature","properties":{"name":"East Timor","aliases":["East Timor","Timor-Leste","Democratic Republic of Timor-Leste"],"kind":"country"},"geometry":{"type":"MultiLineString","coordinates":[[[124.1981,-9.2562],[124.0355,-9.3421]],[[125.0673,-9.5125],[125.408,-9.2758],[125.9461,-9.1239],[126.1643,-8.9967],[126.4869,-8.9127],[126.6654,-8.782],[126.9152,-8.7152],[127.2961,-8.4245],[126.9664,-8.3157],[126.6197,-8.4595],[125.8043,-8.4922],[125.3818,-8.5754],[125.178,-8.6479],[124.9212,-8.9434]],[[124.4454,-9.1901],[124.1981,-9.2562]],[[125.5071,-8.2751],[125.5795,-8.3118],[125.6461,-8.1399],[125.5841,-8.1786],[125.5071,-8.2751]]]}},{"type":"Feature","properties":{"name":"Thailand","aliases":["Thailand","Kingdom of Thailand"],"kind":"country"},"geometry":{"type":"MultiLineString","coordinates":[[[102.5328,11.6149],[102.5899,11.5722],[102.6064,11.6765],[102.5689,11.6917],[102.5328,11.6149]],[[102.3188,12.1417],[102.2774,12.1519],[102.2733,12.1193],[102.302,11.9808],[102.43,11.9647],[102.3188,12.1417]],[[99.654,6.7141],[99.6066,6.5968],[99.644,6.5161],[99.7014,6.5706],[99.654,6.7141]],[[99.9834,9.7936],[99.998,9.7476],[100.0645,9.68],[100.0435,9.7917],[99.9834,9.7936]],[[99.9536,9.581],[99.9313,9.4761],[99.9624,9.4216],[100.0537,9.4614],[100.0753,9.5294],[100.0707,9.586],[99.9536,9.581]],[[98.58,7.917],[98.6043,8.0573],[98.5294,8.1085],[98.58,7.917]],[[98.3988,7.9646],[98.435,8.0856],[98.351,8.1106],[98.3221,8.1663],[98.2623,7.9261],[98.2963,7.7761],[98.3984,7.8284],[98.3988,7.9646]],[[98.2508,9.0408],[98.3075,9.0515],[98.3012,9.1391],[98.2736,9.1299],[98.2508,9.0408]],[[99.0377,7.5485],[99.0679,7.4959],[99.1044,7.4713],[99.0451,7.6365],[99.0377,7.5485]],[[98.7013,10.1901],[98.3714,9.2905],[98.326,8.9689],[98.2418,8.7679],[98.2382,8.4231],[98.3055,8.2262],[98.421,8.1782],[98.4998,8.3178],[98.5792,8.3443],[98.7035,8.2567],[98.7887,8.0598],[99.0511,7.8878],[99.0427,7.7656],[99.0776,7.7181],[99.1834,7.7181],[99.2637,7.619],[99.3586,7.3722],[99.4352,7.3344],[99.597,7.3556],[99.553,7.2188],[99.6024,7.1553],[99.7203,7.1062],[99.696,6.8767],[99.8687,6.7499],[100.1195,6.441]],[[102.102,6.242],[101.7992,6.4746],[101.4979,6.8653],[101.302,6.9083],[101.0179,6.8609],[100.5862,7.176],[100.4235,7.1878],[100.1607,7.5993],[100.1582,7.7281],[100.2566,7.7749],[100.3174,7.716],[100.2838,7.5515],[100.3804,7.5415],[100.4394,7.2808],[100.5452,7.2269],[100.4535,7.4423],[100.2794,8.2685],[100.1635,8.5084],[100.1293,8.4281],[99.9896,8.5892],[99.9047,9.1129],[99.8355,9.2884],[99.7238,9.3142],[99.3938,9.2137],[99.2539,9.2652],[99.2883,9.4146],[99.1607,9.734],[99.1946,10.1754],[99.165,10.3198],[99.2373,10.3881],[99.2848,10.5691],[99.4869,10.8896],[99.6273,11.4629],[99.7987,11.7488],[99.8371,11.9366],[99.9891,12.1708],[100.0057,12.3547],[99.964,12.69],[100.0899,13.0457],[99.9905,13.2435],[100.0175,13.3532],[100.2356,13.4845],[100.5364,13.5145],[100.6029,13.5682],[100.6561,13.5213],[100.9627,13.432],[100.8633,12.7145],[100.8978,12.6538],[100.9537,12.6212],[101.0902,12.6736],[101.4449,12.6189],[101.7236,12.6894],[101.8357,12.6404],[102.0344,12.5319],[102.2296,12.3316],[102.2591,12.3943],[102.3432,12.2526],[102.5402,12.1092],[102.5941,12.203],[102.763,12.0125],[102.7916,11.8886],[102.9338,11.7087]]]}},{"type":"Feature","properties":{"name":"United Republic of Tanzania","aliases":["United Republic of Tanzania","Tanzania"],"kind":"country"},"geometry":{"type":"MultiLineString","coordinates":[[[39.8466,-7.7303],[39.6029,-7.9361],[39.6361,-7.9778],[39.7113,-7.9774],[39.7618,-7.9119],[39.8244,-7.9007],[39.9071,-7.6492],[39.8466,-7.7303]],[[39.4879,-6.1662],[39.4333,-6.1154],[39.309,-5.722],[39.267,-5.8531],[39.1924,-5.9311],[39.1823,-6.1726],[39.2435,-6.275],[39.3127,-6.2791],[39.3826,-6.3649],[39.4236,-6.3479],[39.481,-6.4537],[39.5632,-6.4272],[39.573,-6.3874],[39.4879,-6.1662]],[[39.7493,-5.4438],[39.853,-5.2555],[39.865,-4.9062],[39.7808,-4.9449],[39.6734,-4.9271],[39.7011,-5.1137],[39.6468,-5.3686],[39.7493,-5.4438]],[[40.464,-10.4653],[40.3888,-10.3535],[40.0837,-10.1566],[39.9836,-10.1596],[39.8638,-10.022],[39.7252,-10.0005],[39.7838,-9.9146],[39.6255,-9.4095],[39.6413,-9.1925],[39.4513,-8.943],[39.4884,-8.8618],[39.3773,-8.7208],[39.304,-8.4438],[39.34,-8.2429],[39.441,-8.0115],[39.4284,-7.8128],[39.3305,-7.7467],[39.287,-7.7877],[39.2885,-7.5179],[39.5461,-7.024],[39.4724,-6.8786],[39.2873,-6.8149],[39.1255,-6.556],[38.874,-6.3312],[38.8047,-6.0701],[38.8192,-5.8776],[38.9782,-5.5186],[39.222,-4.6914]]]}},{"type":"Feature","properties":{"name":"Taiwan","aliases":["Taiwan"],"kind":"country"},"geometry":{"type":"MultiLineString","coordinates":[[[121.9052,25.0564],[121.5937,25.2753],[121.5171,25.2769],[121.3654,25.1592],[121.0406,25.0328],[120.6297,24.4785],[120.1321,23.6529],[120.143,23.3991],[120.0834,23.0937],[120.3162,22.5476],[120.5812,22.3564],[120.7428,21.956],[120.8398,21.925],[120.8974,22.3791],[120.9469,22.5031],[121.2959,22.9666],[121.3975,23.1725],[121.6131,24.0527],[121.828,24.5344],[121.8201,24.8245],[121.929,24.9737],[121.9052,25.0564]],[[118.3394,24.4691],[118.2873,24.4766],[118.2951,24.4363],[118.4327,24.4144],[118.4512,24.4556],[118.4074,24.5221],[118.3394,24.4691]]]}},{"type":"Feature","properties":{"name":"Syria","aliases":["Syria","Syrian Arab Republic"],"kind":"country"},"geometry":{"type":"MultiLineString","coordinates":[[[35.8934,35.9175],[35.8396,35.8492],[35.7645,35.5716],[35.9024,35.4207],[35.9431,35.2238],[35.8879,34.9486],[35.9763,34.6282]]]}},{"type":"Feature","properties":{"name":"Sweden","aliases":["Sweden","Kingdom of Sweden"],"kind":"country"},"geometry":{"type":"MultiLineString","coordinates":[[[18.8411,57.9002],[18.8052,57.8332],[18.7219,57.8637],[18.5374,57.8306],[18.1365,57.5566],[18.152,57.3391],[18.1051,57.2719],[18.2854,57.0832],[18.1464,56.9205],[18.3402,56.9782],[18.3872,57.0876],[18.4773,57.163],[18.6999,57.2427],[18.7849,57.3611],[18.9079,57.3983],[18.7909,57.4831],[18.8139,57.7062],[18.9451,57.7416],[18.9937,57.8121],[19.0765,57.8359],[18.9006,57.9155],[18.8411,57.9002]],[[18.3976,59.0891],[18.3499,59.0226],[18.4162,59.0291],[18.4855,59.1046],[18.3976,59.0891]],[[18.6209,59.5478],[18.5451,59.4778],[18.5703,59.4373],[18.6979,59.5246],[18.6209,59.5478]],[[19.1349,57.9813],[19.0393,57.911],[19.0865,57.865],[19.1384,57.8603],[19.1563,57.9226],[19.3314,57.9629],[19.1349,57.9813]],[[16.9609,57.2502],[16.7277,56.902],[16.6304,56.8769],[16.4123,56.569],[16.4013,56.3109],[16.4316,56.2437],[16.5285,56.2905],[16.778,56.8052],[16.8383,56.8405],[16.8837,56.9852],[17.0535,57.208],[17.0504,57.2805],[17.1177,57.3198],[17.0254,57.3451],[16.9609,57.2502]],[[11.3882,59.0377],[11.2953,59.0869],[11.1958,59.0783],[11.1472,58.9886],[11.2079,58.8664],[11.2716,58.4756],[11.2482,58.3691],[11.4315,58.34],[11.4493,58.1184],[11.549,58.0012],[11.7032,57.9732],[11.735,57.7177],[11.8787,57.6794],[11.9615,57.4261],[12.0532,57.447],[12.1519,57.227],[12.4215,56.9064],[12.5727,56.8233],[12.7176,56.6628],[12.8837,56.6177],[12.9195,56.5156],[12.8574,56.4524],[12.6564,56.4406],[12.8017,56.2639],[12.7063,56.235],[12.4712,56.2905],[12.9739,55.7481],[12.9406,55.4816],[12.8858,55.4114],[13.3214,55.3464],[13.8063,55.4286],[14.1737,55.3966],[14.3417,55.5277],[14.2029,55.7291],[14.215,55.8326],[14.5586,56.0486],[14.7548,56.0332],[14.714,56.1341],[15.6266,56.1856],[15.8267,56.125],[15.9203,56.1674],[15.9967,56.2226],[16.2165,56.59],[16.3487,56.7093],[16.5279,57.0682],[16.476,57.2651],[16.6309,57.4302],[16.6522,57.5007],[16.6042,57.5683],[16.5554,57.8123],[16.597,57.9129],[16.6949,57.9175],[16.7001,58.1608],[16.7699,58.2143],[16.652,58.4343],[16.9238,58.4926],[16.7885,58.5853],[16.2143,58.6367],[16.9781,58.6542],[17.3477,58.7805],[17.4567,58.8584],[18.2854,59.1094],[18.373,59.1797],[18.4143,59.2903],[18.6176,59.3271],[18.5089,59.408],[18.1326,59.3162],[17.9798,59.3291],[17.9643,59.3594],[18.2765,59.4376],[18.5781,59.5658],[18.9705,59.7572],[18.9904,59.8278],[18.9332,59.9423],[18.787,60.0795],[18.5354,60.1529],[18.5575,60.2536],[18.1625,60.4079],[17.9558,60.5898],[17.6611,60.5352],[17.5931,60.6277],[17.3599,60.6408],[17.251,60.7008],[17.2789,60.8122],[17.2029,60.9519],[17.1639,61.2783],[17.1996,61.312],[17.138,61.3817],[17.1643,61.4583],[17.1308,61.5757],[17.2156,61.6563],[17.1964,61.7246],[17.4654,61.6845],[17.3745,61.8663],[17.5102,62.1663],[17.6337,62.233],[17.429,62.3347],[17.3733,62.4265],[17.4103,62.5084],[17.6464,62.4509],[18.0373,62.6005],[17.903,62.6595],[17.9744,62.721],[17.8796,62.8732],[17.9511,62.8339],[18.0936,62.836],[18.0744,62.7907],[18.17,62.7894],[18.248,62.8491],[18.4631,62.8959],[18.5021,62.9889],[18.3129,62.9964],[18.5307,63.0635],[18.6064,63.1783],[18.859,63.2066],[18.7923,63.2381],[18.8167,63.2575],[19.0344,63.2377],[19.2363,63.3474],[19.3543,63.4775],[19.4946,63.4244],[19.5023,63.509],[19.7221,63.4633],[19.9137,63.6105],[20.2047,63.6625],[20.7627,63.8678],[21.0185,64.178],[21.465,64.3796],[21.5196,64.4631],[21.3938,64.5443],[21.2793,64.7247],[21.1382,64.8087],[21.5739,65.1258],[21.546,65.207],[21.4104,65.3174],[21.6092,65.2614],[21.6127,65.2991],[21.5234,65.3586],[21.5655,65.4081],[21.8796,65.424],[21.95,65.4704],[21.9031,65.5083],[21.9201,65.5324],[22.1476,65.5529],[22.0862,65.6109],[22.254,65.5976],[22.2876,65.7506],[22.401,65.8621],[22.5386,65.7943],[22.7466,65.8709],[23.1023,65.7354],[23.2211,65.7861],[23.6914,65.8285],[23.8905,65.7822],[24.1565,65.8054]]]}},{"type":"Feature","properties":{"name":"Suriname","aliases":["Suriname","Republic of Suriname"],"kind":"country"},"geometry":{"type":"MultiLineString","coordinates":[[[-54.1541,5.3604],[-54.0459,5.6089],[-54.0542,5.8079],[-54.3562,5.9099],[-54.8337,5.9883],[-55.8282,5.9617],[-55.9099,5.8926],[-55.8976,5.6993],[-55.9396,5.7955],[-56.2356,5.8854],[-56.9698,5.9929],[-57.0566,5.9387],[-57.1953,5.5493]]]}},{"type":"Feature","properties":{"name":"Sudan","aliases":["Sudan","Republic of the Sudan"],"kind":"country"},"geometry":{"type":"MultiLineString","coordinates":[[[38.6099,18.0042],[38.574,18.0729],[38.3329,18.219],[38.2831,18.2867],[38.2018,18.2494],[37.9219,18.5559],[37.7298,18.6943],[37.5994,18.7174],[37.4713,18.8201],[37.3615,19.092],[37.2484,19.5819],[37.2626,19.7919],[37.1932,20.1207],[37.1879,20.3949],[37.2275,20.5567],[37.1411,20.9818],[37.1506,21.1038],[37.2572,21.0394],[37.2586,21.1085],[36.927,21.5865],[36.8713,21.9977]]]}},{"type":"Feature","properties":{"name":"Sri Lanka","aliases":["Sri Lanka","Democratic Socialist Republic of Sri Lanka"],"kind":"country"},"geometry":{"type":"MultiLineString","coordinates":[[[81.832,7.4284],[81.6829,7.6845],[81.6654,7.7825],[81.4222,8.1479],[81.3729,8.4314],[81.227,8.5055],[81.1982,8.662],[81.016,8.9326],[80.9354,8.9715],[80.7111,9.3664],[80.376,9.6423],[80.2528,9.7963],[79.9823,9.8127],[79.954,9.7423],[80.0458,9.6499],[80.2576,9.6113],[80.3854,9.5488],[80.4283,9.481],[80.318,9.4654],[80.0863,9.5778],[80.0996,9.21],[79.9289,8.8992],[79.9418,8.6915],[79.7835,8.0185],[79.7497,8.0489],[79.7498,8.2942],[79.713,8.1823],[79.8594,6.8293],[80.0953,6.1532],[80.2674,6.0098],[80.4958,5.9494],[80.7241,5.9791],[81.3063,6.2039],[81.6374,6.4251],[81.7678,6.6143],[81.8614,6.9013],[81.8741,7.2883],[81.832,7.4284]],[[79.9695,9.6307],[79.8885,9.7412],[79.8586,9.7344],[79.9068,9.6198],[79.9695,9.6307]],[[79.9037,8.975],[79.86,9.0657],[79.7477,9.1046],[79.7668,9.0698],[79.9037,8.975]]]}},{"type":"Feature","properties":{"name":"Spain","aliases":["Spain","Kingdom of Spain"],"kind":"country"},"geometry":{"type":"MultiLineString","coordinates":[[[3.2411,39.7567],[3.1453,39.7901],[3.1986,39.8898],[3.1645,39.9242],[3.1976,39.9611],[3.1587,39.9705],[2.785,39.8548],[2.3713,39.6131],[2.37,39.5721],[2.4995,39.4779],[2.6341,39.5562],[2.7006,39.5421],[2.7998,39.3851],[3.0729,39.3013],[3.2447,39.3866],[3.4618,39.6978],[3.4489,39.7612],[3.3959,39.7773],[3.2411,39.7567]],[[-16.3345,28.3799],[-16.1191,28.5283],[-16.1236,28.576],[-16.319,28.5582],[-16.5568,28.4005],[-16.8431,28.3761],[-16.9053,28.3396],[-16.658,28.0072],[-16.5428,28.0321],[-16.4182,28.1514],[-16.3345,28.3799]],[[-13.5351,29.1443],[-13.7882,29.0561],[-13.8599,28.8691],[-13.784,28.8455],[-13.716,28.9112],[-13.4779,29.0066],[-13.4229,29.1975],[-13.4636,29.2372],[-13.5351,29.1443]],[[-14.0284,28.6174],[-14.232,28.2158],[-14.3556,28.1297],[-14.4918,28.1009],[-14.3326,28.056],[-14.1968,28.1693],[-13.928,28.2535],[-13.863,28.4093],[-13.8271,28.6912],[-13.8572,28.738],[-13.9542,28.7415],[-14.0284,28.6174]],[[-15.4006,28.1474],[-15.6828,28.1541],[-15.7209,28.0642],[-15.8095,27.9945],[-15.8073,27.8875],[-15.6558,27.7584],[-15.5594,27.747],[-15.4368,27.8107],[-15.3892,27.8747],[-15.4006,28.1474]],[[-17.3249,28.1177],[-17.2254,28.0135],[-17.1011,28.0834],[-17.1296,28.156],[-17.2144,28.1993],[-17.2586,28.2032],[-17.3249,28.1177]],[[-18.0434,27.7681],[-18.1605,27.7615],[-17.9848,27.6464],[-17.8879,27.8096],[-17.9245,27.8501],[-18.0434,27.7681]],[[-17.9288,28.8446],[-18.0008,28.7583],[-17.8594,28.4857],[-17.758,28.5691],[-17.7266,28.7245],[-17.7976,28.8468],[-17.9288,28.8446]],[[4.0592,40.0751],[3.8534,40.063],[3.8427,39.9764],[4.2937,39.8418],[4.3151,39.9172],[4.2258,40.0324],[4.0592,40.0751]],[[1.4172,38.7396],[1.4058,38.671],[1.5939,38.6721],[1.4363,38.7682],[1.4172,38.7396]],[[1.3486,39.0808],[1.2233,38.9039],[1.2569,38.879],[1.409,38.8573],[1.6236,39.0388],[1.5645,39.121],[1.3486,39.0808]],[[-1.7931,43.4075],[-2.1967,43.3219],[-2.875,43.4544],[-3.0456,43.3716],[-3.6046,43.5195],[-4.523,43.4157],[-5.6658,43.5825],[-5.8467,43.6451],[-6.0801,43.5949],[-7.061,43.554],[-7.262,43.5946],[-7.5036,43.7399],[-7.6981,43.7646],[-8.0047,43.6944],[-8.2567,43.5799],[-8.2889,43.5396],[-8.2489,43.4394],[-8.3555,43.3968],[-8.6656,43.3166],[-8.8737,43.3344],[-9.1781,43.174],[-9.2352,42.9769],[-9.0416,42.814],[-8.9272,42.7986],[-9.0351,42.6624],[-9.0331,42.5938],[-8.8115,42.6403],[-8.8121,42.4701],[-8.73,42.4117],[-8.8158,42.2853],[-8.6909,42.2742],[-8.8872,42.1053],[-8.8783,41.9469],[-8.7783,41.9398]],[[-7.4072,37.1793],[-6.9747,37.1984],[-6.8638,37.2789],[-6.8846,37.1942],[-6.4924,36.9546],[-6.3962,36.8316],[-6.3209,36.9085],[-6.2168,36.9136],[-6.3283,36.8481],[-6.4123,36.7289],[-6.3841,36.637],[-6.2689,36.5967],[-6.2263,36.4265],[-6.0407,36.1884],[-5.6255,36.0259],[-5.4625,36.0738],[-5.4436,36.1506],[-5.3609,36.1349],[-5.3297,36.2357],[-5.1715,36.4238],[-4.9353,36.5021],[-4.6741,36.5064],[-4.3668,36.7181],[-3.8278,36.7561],[-3.4312,36.7079],[-3.1492,36.7585],[-2.7875,36.7147],[-2.4528,36.8312],[-2.3056,36.8198],[-2.1877,36.7455],[-2.1115,36.7767],[-1.9393,36.9459],[-1.7976,37.2329],[-1.641,37.387],[-1.3275,37.5611],[-0.8222,37.5808],[-0.7216,37.6311],[-0.8231,37.7116],[-0.8146,37.7699],[-0.6832,37.992],[-0.6468,38.1519],[-0.5507,38.2031],[-0.5208,38.3173],[-0.3812,38.4356],[-0.0527,38.5857],[0.2016,38.7592],[0.1549,38.8247],[-0.0341,38.8912],[-0.2049,39.0626],[-0.329,39.4171],[-0.327,39.5199],[-0.0751,39.8759],[0.3637,40.319],[0.5961,40.6145],[0.7206,40.6305],[0.8911,40.7224],[0.7146,40.8229],[1.0329,41.0621],[2.0826,41.2874],[2.3109,41.4665],[3.0049,41.7674],[3.248,41.9442],[3.2381,42.0822],[3.1504,42.1625],[3.1664,42.2565],[3.3067,42.289],[3.211,42.4322]]]}},{"type":"Feature","properties":{"name":"South Korea","aliases":["South Korea","Republic of Korea"],"kind":"country"},"geometry":{"type":"MultiLineString","coordinates":[[[126.7,34.3959],[126.6519,34.3903],[126.6461,34.3511],[126.7699,34.2964],[126.7,34.3959]],[[128.7219,35.0136],[128.4893,34.8653],[128.6467,34.7369],[128.741,34.7985],[128.7219,35.0136]],[[127.8322,34.8745],[127.8734,34.735],[127.9418,34.7663],[127.984,34.7032],[128.0547,34.7081],[128.038,34.8786],[127.9154,34.921],[127.8322,34.8745]],[[127.7373,34.6309],[127.7878,34.5841],[127.7871,34.6821],[127.7373,34.6309]],[[126.7599,33.5532],[126.3377,33.4604],[126.1656,33.312],[126.282,33.2015],[126.7092,33.2717],[126.8729,33.3412],[126.9313,33.4438],[126.9012,33.5151],[126.7599,33.5532]],[[126.3438,34.5449],[126.2475,34.5633],[126.1086,34.3987],[126.1697,34.3552],[126.3354,34.4264],[126.3799,34.4979],[126.3438,34.5449]],[[126.5207,37.7368],[126.4116,37.8227],[126.3693,37.772],[126.4072,37.6494],[126.4608,37.6104],[126.516,37.6047],[126.5207,37.7368]],[[126.3866,36.5711],[126.3186,36.6125],[126.3375,36.4706],[126.4038,36.4279],[126.3866,36.5711]],[[126.1686,34.8297],[126.0784,34.9148],[126.0075,34.8675],[126.1152,34.7142],[126.172,34.7312],[126.1686,34.8297]],[[130.8384,37.5372],[130.8168,37.4785],[130.8706,37.4487],[130.916,37.4785],[130.9343,37.5297],[130.9037,37.5537],[130.8384,37.5372]],[[126.6331,37.7825],[126.5634,37.7165],[126.6568,37.5512],[126.6503,37.4471],[126.7905,37.2949],[126.7464,37.1936],[126.8689,36.9757],[126.9769,36.9394],[126.8721,36.8245],[126.7845,36.9484],[126.5777,37.0196],[126.487,37.0075],[126.2172,36.8709],[126.1605,36.7719],[126.1809,36.6916],[126.3888,36.6512],[126.4877,36.6938],[126.5482,36.4776],[126.5404,36.1662],[126.6935,36.0142],[126.6475,35.9224],[126.753,35.872],[126.7174,35.7688],[126.4885,35.6471],[126.4865,35.6063],[126.6141,35.571],[126.4928,35.5013],[126.3605,35.2169],[126.2911,35.1542],[126.4207,34.8234],[126.5934,34.8244],[126.4729,34.7563],[126.5245,34.6979],[126.3011,34.72],[126.2645,34.6732],[126.4817,34.4939],[126.5314,34.3143],[126.5844,34.3175],[126.6108,34.4035],[126.7548,34.5119],[126.8975,34.4389],[127.0308,34.6069],[127.2471,34.7551],[127.2605,34.6617],[127.1734,34.5461],[127.3246,34.4633],[127.4791,34.6252],[127.3896,34.743],[127.4043,34.8231],[127.5236,34.8401],[127.6324,34.6902],[127.7154,34.721],[127.7422,34.7826],[127.6394,34.8897],[127.7148,34.9547],[128.0362,35.022],[128.0945,34.9336],[128.4439,34.8704],[128.4188,35.0157],[128.5109,35.101],[129.0768,35.1227],[129.2142,35.1818],[129.4191,35.4979],[129.5729,36.0505],[129.4583,36.0064],[129.4035,36.0521],[129.3926,36.3227],[129.4734,36.7419],[129.4183,37.059],[129.3352,37.2746],[129.0516,37.6776],[128.6188,38.1761],[128.374,38.6242]]]}},{"type":"Feature","properties":{"name":"South Africa","aliases":["South Africa","Republic of South Africa"],"kind":"country"},"geometry":{"type":"MultiLineString","coordinates":[[[37.59,-46.908],[37.6118,-46.9465],[37.814,-46.9629],[37.8877,-46.9017],[37.6849,-46.824],[37.59,-46.908]],[[16.4467,-28.617],[16.7395,-29.0094],[16.95,-29.4034],[17.3471,-30.4448],[17.6774,-31.019],[18.2108,-31.7425],[18.3107,-32.1225],[18.3253,-32.505],[18.2509,-32.6521],[18.125,-32.7491],[18.0365,-32.7751],[17.9652,-32.7086],[17.8511,-32.8274],[17.8782,-32.9615],[17.9584,-33.0464],[17.9926,-33.1523],[18.0748,-33.2073],[18.1563,-33.3588],[18.2612,-33.4217],[18.433,-33.7173],[18.465,-33.8878],[18.3544,-33.9391],[18.3334,-34.0742],[18.4104,-34.2956],[18.4616,-34.3469],[18.4621,-34.1681],[18.5339,-34.0859],[18.7521,-34.0826],[18.8088,-34.1082],[18.8313,-34.3641],[19.0983,-34.3501],[19.1491,-34.4169],[19.2446,-34.4123],[19.3308,-34.4924],[19.2982,-34.615],[19.3915,-34.6057],[19.635,-34.7533],[20.0206,-34.7857],[20.5299,-34.4631],[20.7748,-34.4399],[20.9898,-34.3675],[21.3498,-34.4082],[21.789,-34.3727],[22.2455,-34.0691],[22.5538,-34.0101],[23.2682,-34.0812],[23.5855,-33.9852],[23.6979,-33.9928],[24.183,-34.0615],[24.5955,-34.1745],[24.8271,-34.1689],[25.0029,-33.9736],[25.1697,-33.9607],[25.5742,-34.0354],[25.6382,-34.0111],[25.6524,-33.8496],[25.8059,-33.7371],[25.9896,-33.7113],[26.4295,-33.7596],[27.0774,-33.5212],[27.3638,-33.3605],[28.4494,-32.6246],[28.856,-32.2942],[29.4829,-31.6747],[29.9712,-31.3221],[30.4723,-30.7146],[31.3352,-29.3781],[31.7782,-28.9371],[32.0272,-28.8396],[32.2857,-28.6215],[32.5348,-28.1997],[32.657,-27.6073],[32.8491,-27.0802],[32.8863,-26.8483]]]}},{"type":"Feature","properties":{"name":"Somalia","aliases":["Somalia","Federal Republic of Somalia"],"kind":"country"},"geometry":{"type":"MultiLineString","coordinates":[[[41.5321,-1.6961],[41.7322,-1.4301],[41.9799,-0.973],[42.5607,-0.3215],[43.7176,0.8579],[44.3327,1.391],[44.9202,1.8102],[45.8263,2.3099],[46.0512,2.4751],[46.8788,3.2856],[47.9753,4.497],[48.234,4.9527],[48.649,5.4944],[49.0493,6.1736],[49.0927,6.4079],[49.235,6.7773],[49.6712,7.4695],[49.8521,7.9625],[50.1028,8.1998],[50.4298,8.8453],[50.825,9.4282],[50.9301,10.3355],[51.2088,10.4311],[51.3846,10.3865],[51.3902,10.4226],[51.3691,10.4752],[51.193,10.5546],[51.1883,10.4797],[51.0318,10.4448],[51.0938,10.4885],[51.1406,10.6569],[51.0843,11.3356],[51.2549,11.8307],[50.7923,11.9837],[50.6359,11.9438],[50.4662,11.7275],[50.1101,11.5293],[49.6421,11.4509],[49.3883,11.3427],[48.9376,11.2583]]]}},{"type":"Feature","properties":{"name":"Somaliland","aliases":["Somaliland","Republic of Somaliland"],"kind":"country"},"geometry":{"type":"MultiLineString","coordinates":[[[48.9396,11.2585],[48.5726,11.3205],[48.0192,11.1394],[47.7125,11.112],[47.405,11.174],[46.9734,10.9254],[46.565,10.746],[45.8167,10.8359],[45.3377,10.6498],[44.943,10.4367],[44.3865,10.4302],[44.1582,10.5508],[43.8527,10.7843],[43.6312,11.0354],[43.4412,11.3464],[43.2452,11.5004]]]}},{"type":"Feature","properties":{"name":"Solomon Islands","aliases":["Solomon Islands","Solomon Is."],"kind":"country"},"geometry":{"type":"MultiLineString","coordinates":[[[160.6818,-9.6916],[160.6255,-9.5889],[160.3546,-9.4216],[159.9706,-9.4333],[159.7504,-9.2727],[159.6863,-9.2687],[159.6074,-9.3538],[159.6219,-9.5321],[159.6805,-9.6368],[159.8537,-9.7915],[160.3211,-9.8213],[160.6492,-9.9286],[160.8189,-9.8628],[160.7943,-9.7674],[160.6818,-9.6916]],[[159.7939,-8.4061],[159.8431,-8.327],[159.4314,-8.029],[159.198,-7.9096],[159.1094,-7.9035],[158.7344,-7.6043],[158.4574,-7.5447],[158.5654,-7.6514],[158.597,-7.7591],[158.944,-8.0407],[159.6445,-8.3717],[159.8809,-8.5574],[159.7939,-8.4061]],[[157.4116,-7.3086],[157.1484,-7.1138],[157.1025,-6.9572],[157.0303,-6.892],[156.6042,-6.641],[156.4794,-6.6089],[156.4525,-6.6383],[156.4949,-6.7616],[156.6958,-6.9109],[156.9043,-7.1805],[157.1016,-7.3236],[157.3146,-7.3415],[157.3393,-7.3931],[157.4413,-7.4257],[157.5187,-7.3656],[157.4116,-7.3086]],[[166.8555,-11.5788],[166.7475,-11.5908],[166.806,-11.6773],[166.9292,-11.6651],[166.8555,-11.5788]],[[166.0238,-10.6611],[165.9092,-10.6743],[165.8359,-10.7606],[165.7904,-10.7561],[165.8193,-10.844],[165.904,-10.8515],[165.9682,-10.7795],[166.1332,-10.7578],[166.1621,-10.6931],[166.0238,-10.6611]],[[160.0773,-11.4929],[160.0,-11.472],[160.0035,-11.5796],[160.2702,-11.664],[160.4431,-11.8149],[160.5065,-11.8322],[160.5763,-11.7979],[160.0773,-11.4929]],[[161.368,-9.4903],[161.2585,-9.3169],[161.2566,-9.192],[161.1587,-8.9618],[160.9443,-8.799],[160.9977,-8.612],[160.7494,-8.314],[160.5963,-8.3282],[160.5904,-8.3728],[160.7141,-8.5393],[160.6626,-8.6206],[160.8734,-9.1568],[161.191,-9.3929],[161.3674,-9.6112],[161.368,-9.4903]],[[162.288,-10.7762],[162.2872,-10.71],[162.1054,-10.4538],[162.0229,-10.4769],[161.8411,-10.4461],[161.4757,-10.238],[161.3048,-10.2044],[161.2939,-10.3265],[161.487,-10.3614],[161.5379,-10.5664],[161.7868,-10.7169],[162.1236,-10.8244],[162.3733,-10.8232],[162.288,-10.7762]],[[161.412,-9.6004],[161.4098,-9.6816],[161.4425,-9.7189],[161.4779,-9.6911],[161.5538,-9.7697],[161.5479,-9.6257],[161.4068,-9.3685],[161.3642,-9.3534],[161.412,-9.6004]],[[159.1751,-9.126],[159.234,-9.0938],[159.2284,-9.03],[159.1298,-8.9931],[159.0363,-9.075],[159.1751,-9.126]],[[160.3193,-9.0611],[160.1682,-8.9955],[160.0963,-9.034],[160.1054,-9.0808],[160.3715,-9.1813],[160.4075,-9.1403],[160.3193,-9.0611]],[[159.6463,-8.4504],[159.5946,-8.3795],[159.5385,-8.4514],[159.64,-8.5215],[159.6877,-8.5079],[159.6463,-8.4504]],[[157.8854,-8.5691],[157.8984,-8.5063],[157.8263,-8.324],[157.7635,-8.2422],[157.6513,-8.2168],[157.6123,-8.1648],[157.5988,-8.006],[157.4906,-7.9657],[157.4334,-7.9847],[157.3216,-8.1612],[157.2285,-8.2116],[157.2324,-8.3148],[157.3024,-8.3333],[157.3514,-8.2753],[157.558,-8.2699],[157.5879,-8.4454],[157.7492,-8.5236],[157.8193,-8.612],[157.8337,-8.5727],[157.8854,-8.5691]],[[158.21,-8.6781],[158.1554,-8.7859],[158.1788,-8.8258],[158.2534,-8.7974],[158.21,-8.6781]],[[157.9093,-8.5656],[157.8793,-8.6687],[157.9376,-8.7364],[158.0095,-8.7631],[158.1079,-8.6842],[158.0684,-8.6066],[158.1322,-8.5566],[158.1055,-8.5368],[157.9984,-8.5082],[157.9093,-8.5656]],[[157.4109,-8.4751],[157.3795,-8.4209],[157.3451,-8.4324],[157.2123,-8.565],[157.3891,-8.7281],[157.3322,-8.6507],[157.4109,-8.4751]],[[156.7177,-7.6957],[156.5609,-7.574],[156.5024,-7.6402],[156.5109,-7.7078],[156.6117,-7.8058],[156.6687,-7.9368],[156.8091,-7.7229],[156.7177,-7.6957]],[[156.5703,-7.9588],[156.5396,-8.0729],[156.5917,-8.1963],[156.6124,-8.0962],[156.5703,-7.9588]],[[157.1915,-8.0818],[157.1861,-7.9412],[157.1027,-7.8555],[157.0241,-7.8679],[156.959,-7.938],[156.9583,-8.0144],[157.0412,-8.1175],[157.15,-8.1232],[157.1915,-8.0818]],[[155.739,-6.9729],[155.6775,-7.089],[155.7394,-7.1211],[155.8398,-7.0972],[155.8646,-7.0433],[155.739,-6.9729]],[[157.6232,-8.7346],[157.5793,-8.7037],[157.4535,-8.706],[157.6432,-8.794],[157.6232,-8.7346]]]}},{"type":"Feature","properties":{"name":"Slovenia","aliases":["Slovenia","Republic of Slovenia"],"kind":"country"},"geometry":{"type":"MultiLineString","coordinates":[[[13.7212,45.5885],[13.5771,45.5164]]]}},{"type":"Feature","properties":{"name":"Singapore","aliases":["Singapore","Republic of Singapore"],"kind":"country"},"geometry":{"type":"MultiLineString","coordinates":[[[103.818,1.4471],[103.7053,1.4234],[103.6502,1.3255],[103.8199,1.2654],[103.9964,1.3652],[103.818,1.4471]]]}},{"type":"Feature","properties":{"name":"Sierra Leone","aliases":["Sierra Leone","Republic of Sierra Leone"],"kind":"country"},"geometry":{"type":"MultiLineString","coordinates":[[[-12.6152,7.6372],[-12.8544,7.622],[-12.9516,7.5709],[-12.6072,7.4745],[-12.5406,7.4103],[-12.5125,7.5824],[-12.6152,7.6372]],[[-13.293,9.0502],[-13.2716,8.9874],[-13.1537,8.8977],[-13.0595,8.8812],[-13.2069,8.8431],[-13.2284,8.6959],[-13.1818,8.5769],[-13.0882,8.6257],[-12.9534,8.6151],[-12.904,8.6562],[-12.8941,8.6298],[-13.085,8.4248],[-13.2612,8.4876],[-13.2728,8.4297],[-13.149,8.2146],[-13.0208,8.2009],[-12.9569,8.1453],[-12.8509,7.8187],[-12.6976,7.7159],[-12.5702,7.7006],[-12.4803,7.7533],[-12.5104,7.6657],[-12.4327,7.545],[-12.4856,7.3863],[-11.7334,7.0886],[-11.5068,6.9058]]]}},{"type":"Feature","properties":{"name":"Seychelles","aliases":["Seychelles","Republic of Seychelles"],"kind":"country"},"geometry":{"type":"MultiLineString","coordinates":[[[55.4813,-4.6948],[55.543,-4.7855],[55.5403,-4.6931],[55.4558,-4.5588],[55.3834,-4.6093],[55.4813,-4.6948]]]}},{"type":"Feature","properties":{"name":"Senegal","aliases":["Senegal","Republic of Senegal"],"kind":"country"},"geometry":{"type":"MultiLineString","coordinates":[[[-16.5353,15.841],[-16.8434,15.294],[-17.1472,14.922],[-17.5356,14.7551],[-17.445,14.6516],[-17.4185,14.7235],[-17.3458,14.7293],[-17.1681,14.6406],[-17.0794,14.4831],[-16.9738,14.4032],[-16.7978,14.0933],[-16.7917,14.0041],[-16.6181,14.0405],[-16.7669,13.9049],[-16.5878,13.6896],[-16.5621,13.5863]],[[-16.7634,13.0654],[-16.7784,12.6702],[-16.7439,12.5854],[-16.5977,12.7153],[-16.4429,12.6095],[-16.45,12.5807],[-16.5532,12.6049],[-16.7603,12.5258],[-16.7849,12.4725],[-16.7104,12.3541]]]}},{"type":"Feature","properties":{"name":"Saudi Arabia","aliases":["Saudi Arabia","Kingdom of Saudi Arabia"],"kind":"country"},"geometry":{"type":"MultiLineString","coordinates":[[[36.9244,25.4255],[36.7476,25.5587],[36.5888,25.6198],[36.5336,25.6887],[36.5043,25.6451],[36.5303,25.6016],[36.7221,25.534],[36.8752,25.3831],[36.9548,25.4146],[36.9244,25.4255]],[[36.5861,25.6992],[36.5956,25.7349],[36.5827,25.8555],[36.5439,25.7343],[36.5861,25.6992]],[[42.06,16.8035],[42.0264,16.7577],[42.065,16.7101],[41.9467,16.7489],[41.9479,16.9364],[41.9173,16.9937],[41.8604,17.0025],[41.885,16.9468],[41.8582,16.8929],[41.7761,16.8469],[41.8973,16.6843],[41.9642,16.6535],[42.0718,16.6715],[42.1578,16.5707],[42.1704,16.7086],[42.06,16.8035]],[[34.951,29.3545],[34.7799,28.5073],[34.6162,28.1483],[34.625,28.0645],[34.7221,28.1307],[35.0783,28.087],[35.1805,28.0349],[35.4238,27.7338],[35.5813,27.4325],[35.763,27.2588],[35.8517,27.0705],[36.2496,26.5948],[36.5187,26.1049],[36.6752,26.0389],[36.7627,25.7513],[36.9207,25.6412],[37.1488,25.2911],[37.2663,24.9601],[37.1809,24.82],[37.5431,24.2917],[37.7134,24.2744],[37.821,24.1875],[37.9197,24.1854],[38.2889,23.911],[38.4642,23.7119],[38.7061,23.3055],[38.7969,23.0486],[38.9411,22.8818],[38.8829,22.882],[39.0074,22.7701],[39.0014,22.699],[39.062,22.5922],[39.0959,22.3928],[38.9879,21.8817],[39.1471,21.519],[39.0936,21.3104],[39.2761,20.974],[39.7283,20.3903],[39.8841,20.293],[40.0807,20.2659],[40.4822,19.9935],[40.6159,19.8224],[40.7592,19.7555],[41.116,19.0822],[41.2295,18.6784],[41.4317,18.4524],[41.5076,18.2561],[41.75,17.8857],[42.0522,17.6693],[42.2939,17.435],[42.3833,17.1225],[42.5441,16.9597],[42.5529,16.8685],[42.6988,16.737],[42.7994,16.3708]],[[51.5689,24.287],[51.3099,24.3404],[51.4184,24.531],[51.4112,24.5708],[51.2693,24.6076]],[[50.8049,24.7902],[50.5579,25.0867],[50.4552,25.4248],[50.239,25.6229],[50.0811,25.9614],[50.0316,26.111],[50.1555,26.1005],[50.2139,26.3085],[50.185,26.4049],[50.0273,26.5269],[50.0081,26.6785],[50.1498,26.6626],[49.9861,26.8289],[49.7165,26.9559],[49.5377,27.1518],[49.4053,27.181],[49.1751,27.4376],[49.2375,27.4927],[48.9064,27.6291],[48.7972,27.7243],[48.8328,27.8007],[48.809,27.8959],[48.6264,28.1326],[48.4419,28.5439]]]}},{"type":"Feature","properties":{"name":"S\u00e3o Tom\u00e9 and Principe","aliases":["S\u00e3o Tom\u00e9 and Principe","S\u00e3o Tom\u00e9 and Pr\u00edncipe","Democratic Republic of S\u00e3o Tom\u00e9 and Principe"],"kind":"country"},"geometry":{"type":"MultiLineString","coordinates":[[[6.6259,0.4002],[6.4775,0.2801],[6.497,0.1174],[6.5568,0.0474],[6.75,0.2435],[6.7498,0.3256],[6.6869,0.4044],[6.6259,0.4002]],[[7.4145,1.6991],[7.3307,1.6034],[7.3866,1.5416],[7.4523,1.6311],[7.4145,1.6991]]]}},{"type":"Feature","properties":{"name":"Samoa","aliases":["Samoa","Independent State of Samoa"],"kind":"country"},"geometry":{"type":"MultiLineString","coordinates":[[[-172.3335,-13.4652],[-172.6696,-13.5238],[-172.7785,-13.5168],[-172.5357,-13.7917],[-172.3309,-13.7747],[-172.225,-13.8043],[-172.1769,-13.6847],[-172.2215,-13.5596],[-172.3335,-13.4652]],[[-171.8582,-13.8071],[-172.0459,-13.8571],[-172.0281,-13.9068],[-171.9119,-14.0017],[-171.7282,-14.0473],[-171.4541,-14.0465],[-171.4614,-13.9776],[-171.5654,-13.9431],[-171.6039,-13.8792],[-171.8582,-13.8071]]]}},{"type":"Feature","properties":{"name":"Saint Vincent and the Grenadines","aliases":["Saint Vincent and the Grenadines","St. Vin. and Gren."],"kind":"country"},"geometry":{"type":"MultiLineString","coordinates":[[[-61.1345,13.2029],[-61.139,13.3587],[-61.1821,13.356],[-61.2685,13.2877],[-61.2773,13.2096],[-61.2039,13.1423],[-61.1345,13.2029]]]}},{"type":"Feature","properties":{"name":"Saint Lucia","aliases":["Saint Lucia"],"kind":"country"},"geometry":{"type":"MultiLineString","coordinates":[[[-60.9081,14.0934],[-61.0731,13.8656],[-61.0606,13.7831],[-60.9514,13.7176],[-60.8952,13.822],[-60.9081,14.0934]]]}},{"type":"Feature","properties":{"name":"Saint Kitts and Nevis","aliases":["Saint Kitts and Nevis","St. Kitts and Nevis","Federation of Saint Kitts and Nevis"],"kind":"country"},"geometry":{"type":"MultiLineString","coordinates":[[[-62.6249,17.1296],[-62.5824,17.1006],[-62.5322,17.1219],[-62.5342,17.1701],[-62.6153,17.1991],[-62.6249,17.1296]],[[-62.7137,17.3533],[-62.7946,17.4026],[-62.8405,17.3471],[-62.702,17.286],[-62.6565,17.2244],[-62.6405,17.2623],[-62.7137,17.3533]]]}},{"type":"Feature","properties":{"name":"Russia","aliases":["Russia","Russian Federation"],"kind":"country"},"geometry":{"type":"MultiLineString","coordinates":[[[63.1158,80.9668],[64.0957,80.9983],[64.3102,81.1752],[64.8021,81.1973],[65.3098,81.0964],[65.382,81.0567],[65.3721,80.968],[65.4374,80.9307],[64.5483,80.7554],[63.3738,80.7001],[63.0021,80.7128],[62.5203,80.8219],[63.1158,80.9668]],[[57.3923,80.1392],[57.2814,80.1939],[57.1862,80.3962],[57.0111,80.4683],[57.075,80.4939],[58.4805,80.4647],[58.9717,80.4159],[59.2555,80.3432],[58.3979,80.3187],[58.2839,80.2978],[58.2555,80.2018],[57.8001,80.1041],[57.3923,80.1392]],[[62.1029,80.8666],[61.5975,80.8929],[60.278,80.8015],[60.0945,80.8486],[59.7158,80.8364],[59.3865,80.7125],[59.2882,80.5727],[59.3464,80.505],[59.6498,80.4313],[60.2783,80.4944],[61.0513,80.4186],[61.2852,80.5047],[61.5975,80.535],[61.6812,80.5863],[62.0758,80.6169],[62.2277,80.7944],[62.1029,80.8666]],[[47.011,80.5621],[47.1449,80.609],[47.3039,80.6062],[47.7053,80.7652],[48.0443,80.6682],[48.6255,80.6293],[48.6836,80.6333],[48.6865,80.7178],[48.3452,80.819],[47.3523,80.8529],[46.7991,80.7552],[44.905,80.6113],[45.6408,80.537],[45.969,80.5695],[46.1414,80.4467],[46.5137,80.4755],[46.6775,80.5613],[47.011,80.5621]],[[51.4548,80.7447],[50.8011,80.9142],[50.1243,80.9239],[49.2443,80.8214],[49.1475,80.7121],[49.1927,80.656],[49.1853,80.5586],[49.0878,80.5158],[48.6251,80.5083],[48.4026,80.5688],[47.8958,80.5291],[46.6444,80.3003],[46.991,80.1828],[47.3431,80.1885],[47.6424,80.2453],[47.9775,80.2125],[47.6324,80.112],[47.7373,80.0817],[48.1672,80.1328],[48.3862,80.0958],[48.5817,80.1954],[48.9775,80.1626],[49.0107,80.2074],[48.9596,80.2657],[48.6771,80.3],[48.8961,80.3692],[49.5859,80.3766],[49.7941,80.4253],[49.7498,80.4721],[49.846,80.4977],[50.9608,80.5405],[51.1462,80.604],[51.7036,80.6876],[51.591,80.7408],[51.4548,80.7447]],[[49.2252,69.5112],[48.8449,69.4947],[48.4139,69.3457],[48.3199,69.2692],[48.2963,69.1839],[48.2788,69.0403],[48.3159,68.9424],[48.4391,68.8049],[48.667,68.7332],[48.9104,68.7431],[49.6263,68.8597],[50.0939,69.1255],[50.1645,69.0375],[50.283,69.0889],[50.2652,69.1856],[50.1673,69.2571],[49.2252,69.5112]],[[60.3926,69.9624],[59.6363,70.197],[59.048,70.4605],[58.7942,70.433],[58.473,70.2668],[58.6801,70.051],[58.9527,69.8928],[59.1442,69.9219],[59.5026,69.8662],[59.5812,69.7909],[59.5782,69.7386],[59.7246,69.7062],[60.2159,69.6877],[60.4402,69.7259],[60.4807,69.8855],[60.3926,69.9624]],[[71.4449,73.3421],[71.2316,73.4478],[70.9402,73.5144],[70.1496,73.4447],[69.9959,73.3594],[70.0187,73.2243],[69.9201,73.0845],[70.0407,73.0372],[70.3804,73.0481],[71.6262,73.174],[71.5896,73.2832],[71.4449,73.3421]],[[92.5928,79.9965],[92.1734,80.0455],[91.426,80.0492],[91.0703,79.9815],[91.1261,79.9049],[91.3763,79.8355],[92.1537,79.6847],[92.4406,79.6755],[93.1551,79.7376],[93.6035,79.8167],[93.8031,79.9045],[92.5928,79.9965]],[[112.0845,74.549],[112.0076,74.5268],[111.9492,74.3888],[111.8798,74.3638],[111.5034,74.3531],[111.643,74.2729],[112.1051,74.1632],[112.7824,74.0951],[112.9776,74.1968],[113.2589,74.2727],[113.3872,74.4004],[112.9518,74.4796],[112.0845,74.549]],[[141.0386,74.2427],[140.4074,74.2665],[140.1936,74.2367],[140.1016,74.1843],[140.1832,74.0046],[140.5072,73.9187],[141.0103,73.9995],[141.0975,74.1678],[141.0386,74.2427]],[[-180.0,71.5377],[-179.1116,71.5962],[-178.439,71.5412],[-177.5841,71.2817],[-177.4985,71.2191],[-177.5236,71.1669],[-177.8218,71.0676],[-179.1569,70.9398],[-179.5067,70.9234],[-180.0,70.993]],[[97.8699,80.7633],[97.703,80.8267],[96.755,80.9579],[96.4711,81.0993],[95.8007,81.2805],[95.1596,81.271],[95.0609,81.1881],[94.8379,81.1394],[93.0651,80.9885],[92.7104,80.8722],[92.5926,80.7809],[93.2625,80.7913],[92.5779,80.5333],[91.8967,80.4775],[91.5238,80.3585],[91.6374,80.2699],[92.0922,80.2233],[92.2016,80.1793],[93.8724,80.0101],[94.565,80.1261],[97.1752,80.241],[97.417,80.3231],[97.2868,80.3425],[97.0254,80.5355],[97.1131,80.6141],[97.2214,80.6524],[97.8564,80.6981],[97.8699,80.7633]],[[99.5173,79.1302],[99.3174,79.2272],[99.0418,79.293],[99.5373,79.2766],[99.6807,79.3233],[99.7816,79.6283],[99.9158,79.7383],[100.0612,79.7771],[99.8184,79.8982],[99.2949,80.0164],[98.5965,80.0522],[98.4719,80.0091],[98.499,79.9531],[98.3531,79.8843],[98.0646,79.9011],[97.6517,79.7606],[97.5913,79.775],[97.627,79.8504],[97.9067,80.0038],[98.0178,80.0229],[97.9036,80.095],[97.5868,80.1683],[96.4166,80.1043],[95.4976,80.1056],[95.2813,80.0305],[94.9873,80.0968],[94.3473,79.9419],[94.2571,79.8297],[93.8473,79.7017],[93.4047,79.6316],[93.0708,79.4953],[94.2188,79.4023],[94.3138,79.3075],[94.791,79.0866],[95.1332,79.0496],[95.5311,79.0981],[95.7965,79.0014],[96.8078,78.985],[97.5555,78.8266],[98.4111,78.7878],[99.4396,78.8342],[99.9293,78.9614],[99.8146,79.0958],[99.5173,79.1302]],[[105.146,78.8188],[104.8811,78.8549],[104.6332,78.8352],[104.4521,78.88],[104.477,78.9233],[104.4492,78.9639],[104.0911,79.0132],[103.9257,79.1232],[103.8008,79.1493],[102.9504,79.0558],[102.5873,78.8713],[102.4123,78.8354],[102.8848,79.254],[103.0979,79.2991],[102.7898,79.3921],[102.4049,79.4332],[102.2824,79.4301],[102.1807,79.3734],[102.1772,79.3126],[102.2513,79.2561],[102.0053,79.2637],[101.8242,79.3702],[101.6434,79.3614],[101.5906,79.3504],[101.5431,79.2544],[101.1961,79.2044],[101.0522,79.1232],[101.0309,79.0233],[100.9014,78.9801],[100.8563,78.8978],[100.8979,78.8125],[100.9558,78.7885],[100.6196,78.7974],[100.4164,78.7532],[100.284,78.6792],[100.2572,78.5738],[100.0189,78.3389],[99.6779,78.2335],[99.4387,78.0839],[99.2871,78.0381],[99.5003,77.9761],[99.845,77.9568],[100.5412,78.0475],[101.2041,78.1919],[102.6172,78.2246],[102.7967,78.1879],[103.0031,78.2559],[103.7193,78.2583],[104.2975,78.3351],[104.7418,78.3397],[105.3126,78.4999],[105.3427,78.5939],[105.3102,78.6662],[105.146,78.8188]],[[143.6858,75.8637],[143.1852,75.8136],[142.9268,75.8269],[142.4604,75.9036],[141.7423,76.1081],[141.4854,76.1372],[140.9854,75.9645],[140.9258,75.8668],[140.9441,75.7005],[140.8159,75.6307],[140.6567,75.6341],[140.4963,75.6898],[140.3891,75.7959],[140.0487,75.829],[139.7434,75.9531],[138.814,76.1997],[137.6254,75.9882],[137.5012,75.9097],[137.7065,75.7596],[137.3585,75.7816],[137.2688,75.7494],[137.2152,75.5544],[137.2897,75.3486],[136.9824,75.3653],[136.9477,75.3255],[137.0062,75.235],[137.218,75.1237],[137.683,75.0085],[138.0923,74.7975],[139.0991,74.6565],[139.3256,74.6868],[139.4301,74.7492],[139.548,74.9041],[139.6813,74.9641],[140.2679,74.8469],[141.9873,74.9913],[142.2874,74.8499],[142.4728,74.8204],[143.1279,74.9703],[142.9297,75.0624],[142.6168,75.1333],[142.1988,75.3927],[142.0862,75.6606],[142.3079,75.6917],[142.9418,75.7133],[143.0024,75.6599],[142.986,75.6333],[142.7345,75.5446],[142.6996,75.4489],[142.7295,75.3376],[142.8201,75.2678],[143.1703,75.1169],[144.0197,75.0447],[144.4078,75.1023],[144.8835,75.2689],[144.7268,75.3656],[145.0234,75.4897],[145.36,75.5305],[145.2553,75.5856],[143.6858,75.8637]],[[143.3438,73.5687],[142.6392,73.8031],[141.9318,73.9149],[141.0848,73.8659],[140.8838,73.7775],[140.5936,73.5646],[140.3807,73.483],[139.6855,73.4257],[139.7855,73.3552],[139.9251,73.3552],[140.6628,73.452],[141.5967,73.3108],[142.3422,73.2529],[143.1933,73.2208],[143.4913,73.2464],[143.464,73.4589],[143.3438,73.5687]],[[150.6903,75.1553],[150.5306,75.0999],[150.1039,75.2192],[149.0832,75.2621],[148.5901,75.2364],[148.475,75.2724],[148.5089,75.3875],[148.4324,75.4135],[147.497,75.4405],[147.0604,75.3643],[146.7952,75.3708],[146.7482,75.4287],[146.751,75.5104],[146.5375,75.5818],[146.343,75.4809],[146.1485,75.1983],[146.7033,75.1142],[147.144,74.9984],[147.6269,74.9589],[148.0924,74.8257],[149.0502,74.7725],[149.8381,74.7953],[150.5803,74.9189],[150.6463,74.9446],[150.8224,75.1565],[150.6903,75.1553]],[[58.6179,74.2274],[58.665,74.2893],[58.5021,74.4642],[58.5347,74.4989],[58.9282,74.4627],[59.0404,74.4855],[59.1461,74.5519],[59.182,74.6658],[59.2401,74.693],[59.674,74.6102],[59.7715,74.6645],[59.7347,74.6955],[59.7473,74.7459],[60.0801,74.7559],[60.5014,74.9046],[60.4549,74.9461],[60.2411,74.9708],[60.2769,75.0076],[60.7192,75.0686],[61.356,75.3148],[61.6162,75.3196],[62.0661,75.4277],[63.6595,75.6688],[66.2824,75.9837],[68.1654,76.2849],[68.8998,76.5729],[68.858,76.6105],[68.9417,76.7077],[68.8733,76.7896],[68.4857,76.9337],[67.535,77.0078],[66.8288,76.9238],[66.3452,76.821],[66.063,76.7461],[65.7552,76.5793],[64.95,76.4843],[64.4635,76.3782],[62.9715,76.2367],[62.4711,76.2305],[61.5694,76.2985],[61.2017,76.282],[61.0344,76.233],[61.0539,76.1199],[60.9422,76.0713],[60.2793,76.0962],[60.1182,76.0666],[60.0361,75.9838],[58.8813,75.8548],[58.4184,75.7198],[58.0583,75.6631],[58.0937,75.5925],[57.7834,75.5067],[57.6068,75.3413],[57.0875,75.3838],[56.8444,75.3514],[56.8095,75.3284],[56.8763,75.2444],[56.5703,75.0978],[56.0355,75.1942],[55.8101,75.1249],[55.8632,75.0587],[55.998,75.0034],[56.34,75.0135],[56.4987,74.9571],[55.9137,74.7961],[55.5822,74.6277],[55.6615,74.5561],[56.1371,74.4961],[55.3409,74.4196],[54.6427,73.9596],[54.3863,73.9356],[53.7629,73.7662],[53.8387,73.6971],[54.2046,73.542],[54.1315,73.481],[54.2999,73.351],[54.7687,73.4494],[55.0068,73.4539],[55.5492,73.3568],[56.6342,73.3043],[56.9639,73.3666],[57.1344,73.5044],[57.5426,73.6582],[57.4643,73.746],[57.2909,73.8146],[57.3131,73.838],[57.756,73.7692],[57.8723,73.8504],[57.7674,74.0138],[58.4414,74.1289],[58.6179,74.2274]],[[51.5825,72.0712],[51.8854,72.1532],[52.2521,72.1297],[52.6221,72.301],[52.7487,72.483],[52.8637,72.5499],[52.8232,72.5913],[52.9166,72.6689],[52.6831,72.6823],[52.5285,72.7374],[52.5506,72.7686],[52.9132,72.9],[53.3698,72.9167],[53.2473,72.9731],[53.189,73.104],[53.1979,73.1476],[53.3576,73.2246],[53.7532,73.2933],[54.2023,73.2813],[54.8039,73.3876],[55.3198,73.3083],[56.3505,73.2255],[56.4296,73.2012],[56.3975,73.1392],[56.189,73.033],[56.1929,72.905],[56.1217,72.8066],[55.7234,72.7664],[55.701,72.6717],[55.6164,72.5991],[55.4033,72.5491],[55.4169,72.5013],[55.356,72.4651],[55.3596,72.4087],[55.3991,72.3136],[55.5181,72.2207],[55.2979,71.9354],[55.4711,71.8692],[55.8193,71.5076],[56.4544,71.1074],[56.8948,70.927],[57.6254,70.7288],[57.1459,70.5891],[56.6488,70.6465],[56.5101,70.7288],[56.2601,70.7147],[56.5613,70.5936],[56.4346,70.563],[56.1425,70.6579],[56.0871,70.6184],[55.9416,70.6493],[55.7969,70.6156],[55.7067,70.6419],[55.6873,70.6922],[55.0517,70.6667],[54.6451,70.7418],[54.6012,70.6801],[53.3836,70.8735],[53.6136,70.9146],[53.5878,71.0523],[53.6705,71.0869],[53.857,71.0704],[53.8343,71.1267],[54.1557,71.1255],[53.5908,71.2967],[53.6222,71.3328],[53.41,71.3401],[53.319,71.3992],[53.3325,71.4772],[53.4116,71.5301],[53.3639,71.5417],[52.909,71.495],[52.4188,71.5369],[51.9379,71.4747],[51.6916,71.5251],[51.5113,71.6481],[51.4286,71.8255],[51.4436,71.9344],[51.5825,72.0712]],[[142.335,54.2807],[142.6702,53.9684],[142.706,53.8957],[142.6429,53.7368],[142.6889,53.7302],[142.6796,53.6744],[142.5525,53.6526],[142.5092,53.5876],[142.5835,53.5368],[142.5262,53.4475],[142.424,53.4107],[142.3189,53.4055],[142.142,53.4956],[141.8524,53.3895],[141.8235,53.3395],[141.8736,53.0389],[141.8556,52.7935],[141.8033,52.5556],[141.6608,52.2729],[141.6685,51.9333],[141.8081,51.7892],[141.7224,51.7363],[142.006,51.5205],[142.2067,51.2226],[142.2079,50.9985],[142.066,50.6305],[142.1531,50.2167],[142.1423,49.5691],[142.0201,49.0785],[141.8663,48.7501],[142.1354,48.2901],[142.1817,48.0134],[141.9641,47.5875],[142.0387,47.1403],[141.8665,46.6942],[141.8304,46.4511],[141.9616,46.0135],[142.0771,45.917],[142.2086,46.0889],[142.4064,46.5547],[142.578,46.7008],[142.6919,46.7108],[142.8293,46.6053],[143.2823,46.559],[143.3521,46.4762],[143.4316,46.0287],[143.5807,46.3607],[143.4856,46.7521],[143.3844,46.8057],[143.2177,46.7949],[142.9403,47.3228],[142.7454,47.4524],[142.5569,47.7379],[142.5742,48.0722],[143.0269,49.1054],[143.105,49.1988],[143.3822,49.2907],[143.7323,49.312],[144.0487,49.2492],[144.5363,48.8936],[144.7138,48.6403],[144.6855,48.8712],[144.4317,49.0511],[144.3412,49.1805],[144.0479,49.8958],[143.816,50.2826],[143.5342,51.2463],[143.4729,51.2992],[143.4555,51.4715],[143.3205,51.5833],[143.2947,51.7443],[143.1906,51.9445],[143.1556,52.0837],[143.1723,52.3494],[143.3236,52.6136],[143.3247,52.9631],[143.2236,53.296],[142.918,53.7942],[142.9762,54.141],[142.761,54.3939],[142.6928,54.4161],[142.6156,54.3036],[142.5517,54.279],[142.335,54.2807]],[[-180.0,68.9834],[-179.4709,68.9124],[-179.2793,68.8252],[-178.8739,68.7541],[-178.5385,68.5856],[-178.7515,68.6604],[-178.6926,68.546],[-178.0975,68.4248],[-178.0187,68.3228],[-178.0558,68.2649],[-177.7968,68.338],[-178.373,68.5657],[-177.5272,68.2944],[-177.6394,68.2412],[-177.5892,68.2242],[-177.2974,68.2225],[-175.3452,67.6781],[-175.2396,67.5211],[-175.2325,67.4467],[-175.3747,67.3574],[-175.1551,67.3654],[-175.0027,67.4375],[-174.8499,67.3489],[-174.9304,67.2035],[-174.9381,67.093],[-174.7836,66.9168],[-174.7712,66.7843],[-174.8701,66.7249],[-174.9249,66.6231],[-174.6747,66.6034],[-174.5038,66.5379],[-174.3941,66.3442],[-174.206,66.4523],[-174.0848,66.4731],[-174.0177,66.3825],[-174.065,66.2296],[-173.9,66.3105],[-173.774,66.4347],[-173.9209,66.5218],[-174.1963,66.5807],[-174.2316,66.6319],[-174.0606,66.6898],[-174.0055,66.7786],[-174.0864,66.9429],[-174.3418,67.0397],[-174.5189,67.0491],[-174.5501,67.0906],[-173.884,67.1064],[-173.6797,67.1448],[-173.1578,67.0691],[-173.3235,66.9548],[-173.3474,66.8514],[-173.2589,66.8401],[-173.1754,66.8646],[-173.2283,66.9686],[-173.193,66.9936],[-172.9626,66.9421],[-172.5201,66.9525],[-173.0019,67.034],[-173.0075,67.0649],[-171.7956,66.9317],[-171.3605,66.6768],[-170.9267,66.5297],[-170.4731,66.3203],[-170.6044,66.2489],[-170.3012,66.294],[-170.1919,66.2013],[-170.2439,66.1693],[-169.7779,66.1431],[-169.7292,66.0581],[-169.8317,65.9989],[-170.0038,66.0335],[-170.1594,66.0081],[-170.5407,65.8654],[-170.561,65.6562],[-170.6663,65.6215],[-171.0015,65.6649],[-171.3769,65.804],[-171.4512,65.7942],[-171.0542,65.55],[-171.17,65.5021],[-171.4663,65.5331],[-171.9071,65.4959],[-171.9572,65.5421],[-172.2823,65.5823],[-172.4357,65.6696],[-172.7833,65.6811],[-172.5565,65.612],[-172.354,65.496],[-172.4178,65.4496],[-172.2328,65.4557],[-172.2116,65.4252],[-172.3093,65.2756],[-172.6619,65.2485],[-172.286,65.2057],[-172.2132,65.0481],[-172.5928,64.908],[-173.0662,64.8472],[-173.0858,64.8173],[-172.998,64.8371],[-172.8011,64.7905],[-172.924,64.7049],[-172.9009,64.6289],[-172.4874,64.5442],[-172.3788,64.4315],[-172.7392,64.4123],[-172.7915,64.4989],[-172.9032,64.5261],[-172.949,64.5074],[-172.9159,64.3694],[-173.0091,64.2975],[-173.1574,64.2797],[-173.2755,64.2896],[-173.3757,64.3549],[-173.3755,64.4104],[-173.3092,64.4427],[-173.3275,64.5396],[-173.6036,64.3655],[-173.7297,64.3645],[-174.0014,64.449],[-174.318,64.6376],[-174.5706,64.7178],[-175.036,64.8137],[-175.4421,64.8167],[-175.8539,65.0108],[-175.8562,65.2328],[-175.9229,65.3525],[-176.0933,65.471],[-177.0563,65.6136],[-177.4888,65.5037],[-178.4125,65.4956],[-178.5046,65.5372],[-178.5259,65.593],[-178.5023,65.7404],[-178.7911,65.8647],[-178.9391,66.0328],[-178.7467,66.0137],[-178.6938,66.1242],[-178.5865,66.1984],[-178.5266,66.4016],[-178.8681,66.1871],[-179.1051,66.2319],[-179.1069,66.3461],[-179.1434,66.375],[-179.1927,66.3125],[-179.3401,66.2875],[-179.3272,66.1626],[-179.6162,66.1279],[-179.6833,66.1841],[-179.7836,66.018],[-179.7897,65.9009],[-179.7283,65.8038],[-179.366,65.6386],[-179.3521,65.5167],[-179.7046,65.1872],[-180.0,65.0672]],[[47.9871,45.5541],[47.9472,45.6471],[47.9203,45.5621],[47.9677,45.47],[47.9871,45.5541]],[[152.7994,76.1948],[152.6428,76.1748],[152.5586,76.1436],[152.7863,76.0858],[152.8859,76.1217],[152.7994,76.1948]],[[67.2161,69.5754],[67.0259,69.4832],[67.264,69.4425],[67.3449,69.5298],[67.3289,69.5721],[67.2161,69.5754]],[[66.4577,70.6988],[66.4402,70.7727],[66.3948,70.7273],[66.4076,70.6158],[66.5686,70.5015],[66.4577,70.6988]],[[55.24,80.3254],[55.0916,80.2956],[54.9797,80.2564],[55.1951,80.2268],[55.4797,80.2738],[55.24,80.3254]],[[154.613,49.3806],[154.6109,49.294],[154.7148,49.2677],[154.8104,49.312],[154.8023,49.4683],[154.8996,49.6304],[154.8249,49.6469],[154.613,49.3806]],[[58.6102,81.3373],[59.075,81.3977],[59.3746,81.325],[59.097,81.2923],[58.6102,81.3373]],[[53.9016,80.5425],[53.8589,80.563],[53.8772,80.6053],[54.4071,80.5401],[54.4373,80.4987],[54.2759,80.4213],[53.8119,80.4762],[53.9016,80.5425]],[[60.5866,81.0877],[61.4574,81.104],[61.5674,81.0503],[61.1408,80.9503],[60.8268,80.9297],[60.0582,80.9846],[60.5866,81.0877]],[[52.3436,80.2132],[52.2134,80.2637],[52.6806,80.3185],[52.8539,80.4024],[53.3292,80.4024],[53.4861,80.3234],[53.8517,80.2684],[53.5214,80.1852],[52.8563,80.1732],[52.3436,80.2132]],[[55.9423,80.1633],[56.0122,80.2039],[55.9898,80.3201],[56.0244,80.3413],[56.6551,80.3303],[56.7072,80.3633],[56.9445,80.3662],[57.1227,80.317],[57.0802,80.0947],[56.9869,80.0715],[55.724,80.1047],[55.9423,80.1633]],[[58.9461,80.0423],[59.5445,80.1188],[59.8017,80.0827],[59.911,79.9943],[59.3307,79.923],[58.9192,79.9846],[58.9461,80.0423]],[[35.8584,65.0779],[35.8161,65.1821],[35.5289,65.1511],[35.5586,65.0936],[35.6801,65.0576],[35.7787,64.9767],[35.8423,65.0015],[35.8584,65.0779]],[[42.6314,66.7822],[42.5475,66.7955],[42.4601,66.7704],[42.4773,66.7351],[42.7137,66.7017],[42.6314,66.7822]],[[50.3191,80.1724],[50.251,80.2195],[49.8837,80.2302],[49.5561,80.1589],[49.9709,80.0607],[50.3191,80.1724]],[[51.2428,79.9913],[51.2544,80.0486],[50.9363,80.0942],[50.0914,79.9806],[50.4541,79.9244],[51.4352,79.9319],[51.2428,79.9913]],[[57.4564,81.5429],[57.0915,81.5412],[56.1568,81.3031],[55.466,81.3112],[55.5727,81.2281],[55.7167,81.1885],[56.192,81.224],[56.5125,81.1752],[56.8219,81.2379],[57.451,81.1355],[57.9129,81.1975],[58.0153,81.2548],[57.8587,81.3681],[58.5639,81.4184],[58.436,81.4642],[57.8627,81.5064],[57.7166,81.5646],[57.4564,81.5429]],[[54.634,81.1132],[54.4168,80.9865],[54.3673,80.9038],[54.0454,80.872],[54.0666,80.8136],[54.5328,80.783],[54.6682,80.7387],[55.1172,80.7519],[55.8834,80.6284],[56.8147,80.6636],[57.6941,80.7923],[56.4723,80.9982],[55.4707,81.0199],[54.634,81.1132]],[[50.7537,81.0474],[50.9462,81.1082],[50.7159,81.1707],[50.3685,81.1225],[50.5182,81.0456],[50.7537,81.0474]],[[58.0495,81.1185],[57.6562,81.0315],[57.2109,81.0171],[57.4052,80.9151],[57.7498,80.8891],[57.9379,80.7934],[58.6419,80.768],[58.86,80.7794],[58.9306,80.8317],[58.9025,80.8977],[58.6224,81.0417],[58.0495,81.1185]],[[62.885,81.6089],[63.5285,81.5966],[63.7824,81.6498],[63.7096,81.6873],[62.7949,81.7189],[62.1064,81.6793],[62.885,81.6089]],[[59.3564,81.759],[59.4085,81.8254],[59.2618,81.8542],[58.1346,81.828],[57.985,81.797],[57.9093,81.7219],[57.9648,81.6957],[59.3564,81.759]],[[53.1414,71.2419],[53.074,71.2379],[52.9033,71.365],[52.7768,71.3998],[52.7322,71.4037],[52.7297,71.3551],[52.5126,71.3851],[52.2398,71.325],[52.2895,71.2704],[52.5466,71.2504],[52.7384,71.1807],[53.0227,70.9687],[53.121,70.982],[53.0481,71.031],[53.2052,71.1597],[53.1414,71.2419]],[[74.4088,73.1305],[74.1985,73.1091],[74.1002,73.0215],[74.6384,72.8638],[74.6972,72.9077],[74.6473,72.969],[74.7426,73.0327],[74.9615,73.0625],[74.4088,73.1305]],[[76.0516,73.5493],[75.9302,73.5736],[75.5697,73.5406],[75.375,73.4774],[75.3443,73.4323],[75.8271,73.4591],[76.0516,73.5493]],[[76.2507,73.5553],[76.0831,73.5235],[76.2345,73.4762],[76.7561,73.4458],[76.2507,73.5553]],[[77.7485,72.6312],[77.5787,72.6309],[77.3778,72.5653],[77.1495,72.4392],[76.9031,72.3656],[76.8711,72.317],[77.1456,72.2819],[77.6325,72.2913],[78.3651,72.4824],[78.2791,72.5532],[77.7485,72.6312]],[[79.4125,72.9831],[79.3565,73.0386],[79.1643,73.0943],[78.6568,72.8923],[78.6332,72.8507],[78.8806,72.7516],[79.5015,72.7219],[79.5379,72.7693],[79.5413,72.9187],[79.4125,72.9831]],[[82.3824,74.1493],[82.3294,74.1311],[82.6128,74.0564],[82.71,74.0909],[82.611,74.1485],[82.3824,74.1493]],[[83.1498,74.1516],[82.8178,74.0916],[83.4106,74.0396],[83.6184,74.0895],[83.1498,74.1516]],[[84.5403,74.4904],[84.3895,74.4544],[84.7104,74.3998],[84.8729,74.5155],[84.5403,74.4904]],[[86.6531,74.9813],[86.3307,74.939],[86.2586,74.8935],[86.3905,74.8509],[86.9271,74.8308],[87.1243,74.9399],[87.0006,74.9919],[86.6531,74.9813]],[[82.0219,75.5135],[81.9128,75.4977],[81.9266,75.41],[81.7121,75.4514],[81.5006,75.3679],[81.6548,75.2889],[81.8605,75.3165],[81.9785,75.2471],[82.0501,75.341],[82.2216,75.3505],[82.1656,75.5156],[82.0219,75.5135]],[[96.2707,76.3054],[96.151,76.2719],[95.7862,76.2939],[95.5944,76.2496],[95.3799,76.2891],[95.3111,76.2147],[96.3006,76.1217],[96.3508,76.2122],[96.5896,76.2212],[96.614,76.2638],[96.2707,76.3054]],[[97.3104,76.6896],[97.3417,76.6289],[97.4304,76.5907],[97.5884,76.5994],[97.3816,76.7067],[97.3104,76.6896]],[[95.8541,77.0976],[95.2703,77.0188],[95.6809,77.0213],[95.8547,76.975],[96.2099,76.9921],[96.5619,77.1541],[96.5284,77.2055],[95.8541,77.0976]],[[89.6162,77.311],[89.2815,77.3015],[89.1417,77.2268],[89.2995,77.184],[89.5143,77.1888],[89.6658,77.2545],[89.6796,77.2803],[89.6162,77.311]],[[76.4674,79.6432],[76.3726,79.6152],[76.1484,79.6645],[76.0516,79.6447],[76.1537,79.5788],[76.6365,79.5444],[76.6495,79.4934],[77.589,79.5019],[77.3602,79.5568],[76.4674,79.6432]],[[79.2174,80.9604],[78.9776,80.8482],[79.0985,80.8121],[80.0267,80.8481],[80.3448,80.8679],[80.4279,80.9277],[79.8066,80.9754],[79.2174,80.9604]],[[91.4778,81.1839],[90.0699,81.2137],[89.9012,81.1707],[89.9758,81.1131],[91.2229,81.0638],[91.5672,81.1412],[91.4778,81.1839]],[[106.5833,78.1676],[106.4155,78.1398],[107.3438,78.0986],[107.4816,78.0578],[107.6955,78.1309],[107.5083,78.1894],[106.5833,78.1676]],[[106.6791,78.265],[106.7196,78.2942],[106.6404,78.3362],[106.4568,78.34],[106.3506,78.2726],[106.0584,78.2646],[106.0236,78.2201],[106.2704,78.2062],[106.6791,78.265]],[[107.3664,77.3466],[107.2695,77.289],[107.3022,77.2415],[107.6795,77.2683],[107.5937,77.33],[107.3664,77.3466]],[[112.1538,76.5493],[112.2969,76.538],[112.5316,76.45],[112.6608,76.5096],[112.6325,76.553],[112.3941,76.6438],[111.9689,76.6262],[112.1538,76.5493]],[[120.0785,73.1567],[119.7619,73.1555],[119.6404,73.1243],[119.7921,73.0454],[120.2613,73.0898],[120.0785,73.1567]],[[124.4297,73.943],[124.3357,73.9103],[124.4817,73.8479],[124.6529,73.888],[124.4297,73.943]],[[136.1689,75.6056],[135.9048,75.6944],[135.6986,75.8453],[135.5784,75.71],[135.5927,75.5765],[135.473,75.4632],[135.452,75.3896],[135.9486,75.4096],[136.0205,75.4384],[135.9651,75.4861],[135.9834,75.5219],[136.1689,75.6056]],[[149.4064,76.7821],[148.7196,76.7466],[148.3986,76.6482],[149.1502,76.6599],[149.2684,76.7472],[149.4064,76.7821]],[[136.0368,74.0903],[135.6283,74.2199],[135.387,74.2534],[135.4024,74.2017],[136.1217,73.885],[136.2592,73.985],[136.0368,74.0903]],[[137.2818,71.5799],[137.0641,71.5299],[137.2655,71.4559],[137.4578,71.4835],[137.7118,71.4232],[137.9599,71.5077],[137.8168,71.5879],[137.2818,71.5799]],[[160.5658,70.9238],[160.4485,70.934],[160.4369,70.851],[160.7189,70.8227],[160.5658,70.9238]],[[168.3579,70.0157],[168.0596,69.9749],[167.7889,69.8369],[168.348,69.6644],[168.9157,69.5714],[169.2458,69.6011],[169.2991,69.7348],[169.4182,69.7792],[169.4336,69.8322],[169.3748,69.8826],[168.3579,70.0157]],[[164.5727,59.2211],[164.2021,59.0962],[163.7609,59.015],[163.7845,58.9297],[163.7266,58.7985],[163.5768,58.6409],[163.4272,58.579],[163.4318,58.5461],[163.4714,58.5094],[163.9601,58.7437],[164.2788,58.8381],[164.6157,58.8856],[164.6616,58.9708],[164.5727,59.2211]],[[167.7106,54.7702],[167.4415,54.8559],[167.4881,54.795],[168.0813,54.5127],[167.8826,54.6905],[167.7106,54.7702]],[[166.5773,54.9077],[166.4043,55.0056],[166.248,55.1654],[166.23,55.2423],[166.2758,55.312],[165.9313,55.3515],[165.7511,55.2945],[165.9919,55.1905],[166.2299,54.9365],[166.6451,54.6941],[166.6503,54.8391],[166.5773,54.9077]],[[156.3765,50.8621],[156.2131,50.7847],[156.168,50.7319],[156.3258,50.6391],[156.4051,50.6576],[156.4831,50.7512],[156.4875,50.843],[156.3765,50.8621]],[[156.0969,50.7719],[155.8848,50.6841],[155.7728,50.4824],[155.6802,50.4007],[155.4339,50.3689],[155.3268,50.2933],[155.2184,50.2979],[155.1951,50.2646],[155.2431,50.2128],[155.2431,50.0946],[155.3972,50.0413],[155.5164,50.1456],[155.7924,50.2021],[155.9211,50.3022],[156.1006,50.5593],[156.0969,50.7719]],[[154.1264,48.9044],[154.0917,48.8321],[154.0007,48.7557],[154.043,48.7388],[154.2284,48.8921],[154.1264,48.9044]],[[155.6448,50.8219],[155.6396,50.9105],[155.4674,50.9136],[155.5535,50.8106],[155.6448,50.8219]],[[152.9843,47.7279],[153.0538,47.7061],[153.1011,47.7629],[153.0792,47.8087],[152.9843,47.7279]],[[151.8644,46.869],[151.7153,46.8527],[151.7541,46.7883],[151.8156,46.7871],[152.2889,47.1422],[152.1658,47.1104],[151.8644,46.869]],[[149.9623,46.0219],[149.7963,45.8761],[149.6659,45.8398],[149.4471,45.5934],[149.6877,45.642],[150.195,45.9332],[150.2346,46.0123],[150.5531,46.2085],[150.3486,46.2134],[149.9623,46.0219]],[[148.8122,45.51],[148.6123,45.4847],[148.3242,45.2824],[148.0561,45.2621],[147.924,45.3833],[147.8727,45.3003],[147.8855,45.2256],[147.7694,45.1907],[147.2466,44.8561],[147.1548,44.7662],[147.1409,44.6633],[146.9335,44.5131],[146.8975,44.4043],[147.0984,44.5312],[147.2074,44.5536],[147.3102,44.6776],[147.5631,44.8355],[147.6578,44.9771],[147.7841,44.9586],[147.9138,44.9904],[148.2623,45.2168],[148.5995,45.3176],[148.7907,45.324],[148.8371,45.3627],[148.803,45.4135],[148.8122,45.51]],[[150.6662,59.1602],[150.4702,59.0541],[150.4718,59.0348],[150.5899,59.0187],[150.7277,59.0952],[150.6662,59.1602]],[[137.9405,55.0926],[137.5773,55.197],[137.4355,55.016],[137.2752,54.891],[137.2329,54.7906],[137.4627,54.8734],[137.6611,54.6533],[137.7215,54.6632],[137.9595,54.789],[138.0965,54.9909],[138.2062,55.0335],[137.9405,55.0926]],[[137.0775,55.0917],[136.9957,55.0927],[136.7146,54.9562],[137.0553,54.9268],[137.1786,55.1004],[137.0775,55.0917]],[[146.622,43.813],[146.6086,43.7405],[146.683,43.7164],[146.899,43.8041],[146.8246,43.8605],[146.622,43.813]],[[146.356,44.4246],[146.2076,44.4977],[146.1121,44.5001],[145.7483,44.0715],[145.4617,43.8709],[145.4262,43.8104],[145.4393,43.7371],[145.5559,43.6646],[145.5868,43.8451],[145.767,43.9407],[145.9141,44.1037],[146.1123,44.2459],[146.2962,44.281],[146.4365,44.3757],[146.5162,44.3747],[146.5678,44.4404],[146.356,44.4246]],[[70.0572,66.5995],[70.0767,66.6959],[69.5027,66.7511],[69.4693,66.716],[69.6514,66.5653],[69.8447,66.4897],[70.0592,66.5176],[70.1101,66.5691],[70.0572,66.5995]],[[96.8539,76.1992],[96.9742,76.2365],[97.053,76.3026],[96.9902,76.3434],[96.8353,76.3448],[96.7402,76.2579],[96.7394,76.2069],[96.8539,76.1992]],[[100.0684,79.701],[99.9558,79.6903],[99.9154,79.6016],[100.1359,79.6142],[100.3003,79.6703],[100.0684,79.701]],[[161.5207,69.634],[161.1107,69.4698],[161.0828,69.4057],[161.1646,69.3336],[161.1365,69.1103],[161.4611,68.9956],[161.4225,68.8997],[161.5067,68.9276],[161.517,68.9696],[161.3942,69.1064],[161.3509,69.3693],[161.3744,69.4137],[161.5403,69.4365],[161.6093,69.5009],[161.6178,69.5924],[161.5207,69.634]],[[180.0,71.5377],[179.5477,71.4477],[178.8911,71.2311],[178.6283,71.0474],[178.7926,70.8221],[179.1525,70.8803],[179.6477,70.8989],[180.0,70.993]],[[48.5737,41.8439],[48.3838,41.9534],[48.0802,42.3537],[47.7277,42.6807],[47.7091,42.8109],[47.6349,42.9035],[47.4632,43.0351],[47.5129,43.2188],[47.509,43.5097],[47.6465,43.8846],[47.5626,43.8347],[47.4628,43.555],[47.4292,43.7799],[47.307,44.1031],[47.0236,44.3433],[46.753,44.4207],[46.7072,44.5033],[46.7553,44.6565],[46.9574,44.7826],[47.0029,44.8761],[47.0838,44.817],[47.3513,45.2177],[47.4131,45.421],[47.4887,45.4551],[47.5295,45.5302],[47.4633,45.6797],[47.6333,45.584],[47.6498,45.6567],[47.7011,45.6862],[47.8302,45.663],[48.1592,45.737],[48.487,45.9349],[48.7296,45.8968],[48.7496,45.9206],[48.6837,46.0862],[49.0796,46.1892],[49.1255,46.2817],[49.2459,46.2916],[49.2316,46.3383]],[[180.0,68.9834],[179.2727,69.2597],[178.9507,69.2958],[178.8483,69.3872],[177.9337,69.4956],[177.3945,69.6116],[176.9244,69.646],[175.9215,69.8953],[174.7855,69.8557],[173.948,69.8741],[173.4387,69.9468],[173.3533,69.924],[173.2774,69.8238],[172.5596,69.9684],[170.4868,70.1076],[170.5254,69.9379],[170.5031,69.8565],[170.1609,69.6266],[170.5822,69.5833],[170.7142,69.3882],[170.9967,69.1347],[170.9954,69.0453],[170.5376,68.8254],[169.6099,68.786],[169.4146,68.9196],[169.3106,69.0795],[168.303,69.2715],[168.15,69.5774],[167.8568,69.7282],[167.6281,69.7403],[166.8203,69.4996],[165.7607,69.5844],[164.5133,69.6091],[164.1596,69.7193],[163.946,69.7352],[163.498,69.6933],[163.2014,69.7147],[162.166,69.6116],[161.5369,69.3795],[161.4801,69.3001],[161.4801,69.2017],[161.5656,69.064],[161.5656,68.9052],[161.3651,68.823],[161.1045,68.5625],[160.8561,68.5383],[161.129,68.6539],[161.3406,68.9052],[161.3099,68.9823],[161.0355,69.0982],[160.9107,69.6063],[159.8325,69.785],[159.7294,69.8702],[159.8392,69.99],[159.8314,70.0814],[159.9834,70.2214],[160.0064,70.3097],[159.9118,70.5061],[159.7279,70.6497],[159.3507,70.7907],[158.7021,70.935],[158.037,71.0393],[157.4474,71.0745],[155.8952,71.0955],[155.5959,71.0386],[155.0295,71.0342],[154.414,70.9745],[153.7941,70.88],[152.5088,70.8345],[151.762,70.9825],[152.0928,71.0233],[151.5824,71.287],[150.9678,71.3805],[150.0977,71.2266],[150.6678,71.4552],[150.5998,71.5201],[150.0608,71.5108],[149.8571,71.6015],[148.9233,71.7146],[149.0487,71.7958],[149.8811,71.843],[150.0169,71.8957],[149.9631,71.9922],[149.5016,72.1643],[148.4021,72.312],[147.2618,72.3279],[146.8947,72.1975],[146.0732,71.8084],[145.8048,71.7465],[145.1886,71.6958],[144.9896,71.7534],[145.0737,71.8309],[145.064,71.9261],[145.4072,71.8901],[145.7567,71.9413],[145.7567,72.0207],[145.6641,72.067],[145.7097,72.2063],[145.7586,72.2259],[146.0515,72.1423],[146.2303,72.1375],[146.0059,71.9455],[146.1133,71.945],[146.5992,72.1235],[146.807,72.2366],[146.8318,72.2954],[145.0392,72.2599],[144.4707,72.1748],[144.2949,72.1926],[144.1692,72.2588],[144.5876,72.3055],[144.8975,72.3962],[146.2348,72.3497],[146.2529,72.4422],[145.1993,72.5702],[143.5158,72.6982],[142.0614,72.7208],[141.5184,72.7887],[141.3098,72.8577],[140.8082,72.891],[140.7081,72.89],[140.6523,72.8428],[140.9729,72.717],[140.9832,72.63],[141.0793,72.5869],[140.4506,72.4931],[139.6012,72.4961],[139.1408,72.3297],[139.1764,72.1635],[139.4305,72.1635],[139.617,72.2257],[140.1877,72.1913],[139.8471,72.1486],[139.6402,71.9983],[139.3593,71.9514],[139.7229,71.885],[139.6951,71.7004],[139.9388,71.5577],[139.9842,71.4915],[139.2094,71.4448],[138.7802,71.629],[138.67,71.6348],[138.5252,71.5627],[138.2342,71.5963],[138.0483,71.526],[137.9184,71.3841],[138.3141,71.3255],[138.0906,71.3074],[137.844,71.2268],[137.9917,71.1427],[137.9396,71.1334],[137.1158,71.4157],[136.0903,71.6196],[135.5592,71.6104],[135.3594,71.5435],[135.0224,71.515],[134.8139,71.4606],[134.7027,71.3868],[134.1028,71.379],[133.6889,71.4342],[133.1309,71.6067],[132.8036,71.7676],[132.6539,71.926],[132.5623,71.8953],[132.2276,71.6428],[132.0037,71.3502],[131.9908,71.2932],[132.0354,71.244],[131.9064,71.2026],[131.562,70.901],[131.2683,70.7655],[131.0216,70.7461],[130.898,70.8036],[130.8319,70.9359],[130.7571,70.9624],[130.6685,70.8883],[130.5371,70.8925],[129.7619,71.1195],[129.1343,71.5929],[128.9227,71.6018],[128.8433,71.6635],[129.2342,71.7448],[129.4608,71.7393],[129.2103,71.9169],[129.1216,71.9532],[129.1542,71.8787],[129.1166,71.8246],[128.9114,71.7553],[128.3588,72.0883],[127.8414,72.3083],[127.7261,72.4132],[127.8034,72.434],[128.935,72.0795],[129.2835,72.092],[129.4106,72.1663],[129.4117,72.3155],[129.2813,72.4377],[129.1166,72.4857],[128.5494,72.4959],[128.4183,72.5352],[128.8153,72.5859],[129.2504,72.7052],[129.2291,72.7757],[129.0173,72.8725],[128.599,72.8952],[129.0537,73.0454],[129.1006,73.1124],[128.9134,73.1106],[128.8717,73.1394],[128.8887,73.1902],[128.587,73.2624],[128.2578,73.2675],[128.2814,73.3306],[127.7403,73.4815],[127.0313,73.5475],[126.8385,73.4342],[126.5525,73.3349],[126.2925,73.3942],[126.2574,73.4198],[126.3449,73.5063],[126.2545,73.5482],[125.5985,73.4474],[125.6171,73.5206],[124.5412,73.7513],[124.019,73.7123],[123.7969,73.6268],[123.4911,73.6664],[123.4162,73.6369],[123.3051,73.5329],[123.3227,73.4308],[123.3839,73.3473],[123.6223,73.1933],[123.4616,73.1442],[123.3012,73.0018],[123.1604,72.9549],[122.5268,73.0167],[122.502,72.9707],[122.752,72.9065],[122.5375,72.8778],[122.0298,72.8972],[121.886,72.9609],[121.7479,72.9697],[120.9972,72.9367],[120.5979,72.9811],[119.7504,72.9791],[118.4303,73.2465],[118.3766,73.3672],[118.457,73.4644],[118.9364,73.4812],[118.8709,73.5379],[118.4502,73.5898],[117.3086,73.5992],[116.4955,73.6761],[115.3377,73.7026],[114.816,73.6072],[114.0605,73.5847],[113.5104,73.505],[113.5395,73.4336],[113.8862,73.3458],[113.5589,73.2326],[113.5814,73.1422],[113.5428,73.0543],[113.2155,72.8059],[113.2981,72.7389],[113.7119,72.6542],[113.6646,72.6345],[113.3122,72.6574],[113.1861,72.7302],[113.1278,72.8307],[113.3693,72.9419],[113.4746,73.0479],[113.4909,73.3461],[113.277,73.3915],[113.1569,73.4596],[113.4162,73.6476],[113.0328,73.9139],[112.8359,73.9621],[112.9396,73.8356],[112.7954,73.7461],[112.1473,73.7089],[111.4004,73.8277],[111.2281,73.9686],[111.5506,74.0285],[111.1309,74.0528],[111.0563,73.9394],[110.2614,74.0174],[109.8691,73.9306],[109.6656,73.8002],[109.7527,73.7226],[110.3883,73.726],[110.7224,73.7799],[110.8682,73.7307],[109.8553,73.4725],[109.3311,73.4875],[109.0899,73.3784],[108.3515,73.3102],[108.2854,73.2659],[107.7504,73.1731],[106.4779,73.1394],[106.315,73.1064],[106.0667,72.9499],[105.7082,72.8367],[105.1439,72.7771],[105.6771,72.9593],[106.1887,73.308],[106.6794,73.3307],[107.2711,73.621],[107.7654,73.625],[108.1995,73.6941],[109.075,74.0323],[109.8103,74.1692],[109.9113,74.2613],[109.8403,74.322],[110.2259,74.3787],[110.3735,74.4661],[110.8928,74.5481],[111.299,74.6584],[111.8683,74.74],[112.192,74.8532],[112.9249,75.015],[113.6136,75.293],[113.7262,75.4506],[113.3563,75.5343],[113.243,75.6114],[112.9557,75.5719],[112.7296,75.7376],[112.4661,75.8437],[113.469,75.6567],[113.5172,75.6219],[113.4859,75.564],[113.6199,75.5927],[113.871,75.856],[113.8572,75.9213],[113.5639,75.8916],[113.4277,76.1121],[113.2727,76.2517],[112.988,76.2397],[113.1504,76.1745],[113.0467,76.1141],[112.6562,76.0536],[112.7984,76.1296],[112.6842,76.2188],[112.6195,76.3835],[112.2971,76.4347],[111.9427,76.3805],[112.0939,76.4803],[111.7861,76.6036],[111.1148,76.723],[110.4715,76.7584],[109.9812,76.7119],[109.3693,76.7492],[108.1816,76.7378],[108.0279,76.7185],[107.9022,76.5697],[107.7222,76.5223],[107.1577,76.5241],[106.8254,76.4801],[106.4136,76.5123],[106.3847,76.5895],[106.6388,76.5734],[107.4298,76.9266],[107.2789,76.991],[106.9416,77.0344],[106.1454,77.0453],[105.8222,76.9975],[105.712,77.0015],[105.6459,77.1007],[104.2024,77.1018],[105.3846,77.2378],[105.7342,77.352],[106.0596,77.3905],[105.8945,77.4889],[105.7103,77.5252],[104.9652,77.5947],[104.8143,77.6521],[104.1849,77.7305],[104.0146,77.7304],[103.5607,77.6319],[103.1314,77.6265],[102.6102,77.5085],[101.5177,77.1981],[101.1857,77.0286],[100.9899,76.9905],[100.9059,76.9007],[100.9204,76.8225],[101.0993,76.704],[100.928,76.5567],[101.6838,76.4855],[101.5978,76.4392],[100.8438,76.5252],[100.3224,76.4792],[98.8694,76.5096],[98.8057,76.4807],[99.6168,76.2402],[99.8254,76.1359],[99.8514,75.9303],[99.5407,75.7986],[99.4422,75.8032],[99.6023,75.8521],[99.7704,76.0288],[99.5627,76.1093],[98.662,76.2427],[97.9184,76.0887],[97.6698,76.078],[97.6377,76.0291],[97.4992,75.9802],[97.3507,76.0334],[96.4971,75.8912],[96.6006,75.9899],[96.5086,76.0056],[95.7438,75.8723],[95.6533,75.8922],[95.986,76.0097],[96.0755,76.082],[95.5787,76.1373],[95.0385,76.1135],[94.5756,76.1518],[94.5067,76.108],[94.1023,76.1236],[93.6484,76.0542],[93.2593,76.0988],[93.1049,76.0258],[92.9716,76.0751],[92.8586,75.9795],[92.8904,75.91],[92.9866,75.9027],[93.1781,75.959],[93.4061,75.9013],[93.574,75.9563],[93.687,75.9216],[94.1563,75.9592],[94.0752,75.9129],[91.8454,75.7237],[91.4795,75.6497],[90.185,75.5911],[89.5951,75.4583],[89.3103,75.4701],[88.7331,75.3692],[88.5037,75.2905],[87.6714,75.1296],[87.1708,75.1917],[87.006,75.1698],[86.9217,75.1128],[86.9391,75.0681],[87.4676,75.0132],[87.4193,74.9409],[86.8629,74.7179],[86.6515,74.6824],[86.2013,74.8162],[86.0589,74.7282],[85.8808,74.7402],[85.791,74.6451],[86.4257,74.5855],[87.2297,74.3639],[86.8979,74.3253],[86.6647,74.4143],[86.3958,74.4501],[86.1829,74.423],[86.0014,74.316],[86.5711,74.2438],[87.2097,73.8787],[87.5712,73.8107],[87.3695,73.7559],[87.1201,73.615],[86.0924,73.5191],[85.939,73.4565],[85.9101,73.3904],[86.715,73.1258],[86.6771,73.1068],[85.8182,73.327],[85.7926,73.4383],[85.8271,73.4928],[86.0941,73.5783],[86.3659,73.6198],[87.0295,73.8242],[86.893,73.8871],[85.6114,73.8216],[85.4483,73.7346],[85.2006,73.7215],[84.7379,73.7628],[83.5447,73.6665],[81.817,73.6588],[80.5832,73.5685],[80.5619,73.515],[80.5959,73.474],[80.398,73.3568],[80.4245,73.2312],[80.5097,73.0861],[80.7574,73.0252],[80.8416,72.9492],[80.6562,72.712],[80.8271,72.4883],[81.0981,72.3897],[82.0937,72.2654],[82.1836,72.2375],[82.3191,72.0718],[82.6454,71.9252],[83.2003,71.8747],[83.3404,71.8275],[83.5344,71.6839],[83.5713,71.5944],[83.5505,71.5437],[83.266,71.2759],[83.1513,71.1036],[83.5789,70.7659],[83.7359,70.5465],[83.6599,70.4184],[83.4971,70.3453],[83.0738,70.2767],[83.132,70.1572],[83.0808,70.093],[82.8565,70.1045],[82.6823,70.2177],[82.9198,70.4074],[83.0302,70.5805],[83.0511,70.8152],[83.0102,70.8954],[82.8691,70.9548],[82.5925,70.8899],[82.4517,70.6901],[82.2584,70.5436],[82.2212,70.3957],[82.1632,70.5981],[82.3359,70.8074],[82.2392,70.9977],[82.3229,71.26],[82.9771,71.4514],[83.2336,71.6682],[83.1066,71.7205],[82.7578,71.7641],[82.0799,71.7068],[81.6616,71.716],[80.8561,71.9702],[80.7625,72.0892],[79.9539,72.223],[79.4221,72.3808],[78.4826,72.395],[77.9682,72.3287],[77.7332,72.2292],[77.4716,72.1921],[77.4108,72.1078],[77.4929,72.0717],[77.7807,72.1143],[78.0164,72.092],[78.1408,72.0447],[78.2324,71.9523],[78.1869,71.9071],[77.7775,71.8364],[77.5508,71.8421],[76.8714,72.033],[76.4217,72.006],[76.0324,71.9104],[76.3121,71.5955],[76.4334,71.5525],[77.4811,71.3116],[77.9084,71.3241],[78.2126,71.2663],[78.4914,71.0254],[78.7239,70.976],[79.0839,71.002],[79.0154,70.9502],[78.3206,70.9304],[77.5896,71.1679],[76.9952,71.1811],[76.929,71.1279],[76.742,71.2021],[75.7336,71.2659],[75.332,71.3417],[75.2803,71.4301],[75.4686,71.5344],[75.5032,71.6546],[75.2475,71.8134],[75.2738,71.9589],[75.3945,71.9832],[75.5502,72.1708],[75.7414,72.2962],[75.5914,72.4572],[75.6035,72.5811],[75.3693,72.7966],[75.1524,72.8527],[74.7868,72.8119],[75.0604,72.5488],[75.0899,72.2631],[74.9922,72.1448],[74.4891,71.997],[73.6718,71.8451],[73.0862,71.4449],[73.1505,71.3852],[73.5766,71.2165],[74.3109,70.6536],[74.3434,70.5787],[73.8302,70.1757],[73.5781,69.803],[73.5602,69.7072],[73.8327,69.5039],[73.8909,69.418],[73.7757,69.1982],[73.836,69.1432],[73.9774,69.1146],[74.3626,69.1446],[74.8148,69.0906],[75.0535,69.1163],[75.42,69.2386],[76.001,69.2351],[76.6449,69.1174],[77.4663,68.9051],[77.6507,68.903],[77.7853,68.6305],[77.9068,68.4823],[77.9951,68.2595],[77.6648,68.1904],[77.5359,68.0077],[77.5201,67.9096],[77.5883,67.7519],[78.8391,67.6312],[78.9225,67.5891],[77.7716,67.5703],[77.1744,67.7785],[77.2484,67.941],[77.2385,68.4696],[77.1117,68.5962],[76.7351,68.7769],[76.4592,68.9783],[76.1075,68.9757],[75.1246,68.8617],[74.5796,68.7512],[74.481,68.6589],[74.3914,68.4206],[74.6324,68.2183],[74.7427,68.0735],[74.7873,67.8975],[74.7695,67.7664],[74.0745,67.4141],[73.9862,67.3277],[73.8833,67.085],[73.7921,66.9953],[73.5136,66.8611],[72.4174,66.5608],[72.3216,66.3321],[72.0676,66.2533],[71.917,66.2467],[71.358,66.3594],[70.3395,66.3424],[69.9824,66.4014],[69.1943,66.5787],[69.0135,66.7883],[69.2178,66.8286],[69.7404,66.8146],[69.8771,66.8455],[70.2834,66.6858],[70.6907,66.7453],[70.4426,66.6683],[70.3828,66.6025],[70.7249,66.5194],[70.9395,66.5481],[71.342,66.6867],[71.5396,66.6831],[71.5512,66.7604],[71.3652,66.9615],[71.6682,66.9397],[71.8475,67.0076],[72.5943,67.587],[73.0668,67.7669],[73.1521,67.865],[73.173,67.973],[73.1395,68.1813],[73.4652,68.4308],[73.5917,68.4819],[73.548,68.5745],[72.8119,68.8152],[72.5768,68.9687],[72.5271,69.1542],[72.5573,69.3784],[72.6156,69.484],[72.5994,69.7932],[72.5297,70.1725],[72.4694,70.275],[72.7,70.4573],[72.7316,70.8229],[72.7045,70.9632],[72.5813,71.1511],[72.0793,71.3067],[71.8673,71.4574],[71.912,71.5479],[72.2795,71.6955],[72.5741,72.0125],[72.7529,72.3432],[72.8121,72.6914],[72.4464,72.7903],[71.9296,72.8197],[71.5002,72.9137],[69.7383,72.885],[69.6451,72.8976],[69.6943,72.9775],[69.3914,72.9555],[69.0391,72.6699],[68.6074,72.0127],[68.2692,71.6828],[67.5418,71.412],[66.9176,71.2824],[66.7681,71.1399],[66.6396,71.0814],[66.6926,71.0417],[66.8471,71.0637],[66.6661,70.9006],[66.7022,70.8185],[66.8225,70.7974],[67.1434,70.8375],[67.2848,70.7387],[67.1465,70.2199],[67.2393,70.1081],[67.069,70.0056],[66.9264,70.0143],[66.8029,69.7401],[66.804,69.6592],[66.8967,69.5538],[66.9641,69.6556],[67.0645,69.6937],[67.6241,69.5844],[68.0059,69.48],[68.073,69.4208],[68.1174,69.2362],[68.5428,68.9671],[68.7629,68.9174],[69.1405,68.9506],[68.8295,68.5674],[68.5042,68.3484],[68.3712,68.3143],[67.7308,68.5137],[67.6396,68.5793],[67.1492,68.754],[67.0024,68.8736],[66.4161,68.9479],[65.8127,69.077],[65.7357,69.1323],[65.0315,69.2698],[64.8963,69.2478],[64.9285,69.3254],[64.1904,69.5347],[63.3614,69.6753],[60.9091,69.8471],[60.5587,69.6923],[60.2765,69.6526],[60.1706,69.5909],[60.6646,69.1103],[60.8586,69.1455],[60.9336,68.9868],[60.4892,68.729],[59.896,68.7063],[59.8651,68.6049],[59.9414,68.5105],[59.9229,68.4713],[59.8588,68.396],[59.7257,68.3516],[59.099,68.4443],[59.1123,68.6163],[59.3705,68.7384],[59.1102,68.8963],[59.0573,69.0061],[58.3539,68.9162],[58.237,68.8339],[58.173,68.8897],[57.1269,68.554],[56.0437,68.6489],[55.6753,68.5759],[55.4181,68.5678],[54.923,68.3738],[54.8613,68.2019],[54.718,68.1842],[54.4762,68.2941],[53.9679,68.2273],[53.2605,68.2675],[53.3426,68.3432],[53.69,68.4025],[53.8295,68.3827],[53.9309,68.4355],[53.9177,68.537],[53.7589,68.634],[53.8912,68.8015],[53.9706,68.8443],[53.7977,68.9075],[54.4912,68.9923],[53.802,68.9959],[52.6836,68.7312],[52.344,68.6082],[52.5501,68.5924],[52.7227,68.484],[52.6697,68.4268],[52.3967,68.3517],[52.1835,68.3743],[52.2854,68.4594],[52.1288,68.532],[51.9947,68.5388],[50.6994,68.3177],[49.9312,68.0651],[49.1553,67.8704],[48.9539,67.8538],[48.7543,67.8959],[48.6957,67.8742],[48.8779,67.7313],[48.8332,67.6815],[48.6538,67.6953],[47.8747,67.5842],[47.9082,67.4547],[47.7681,67.2756],[47.7091,67.045],[47.6559,66.9759],[46.4924,66.8002],[45.8854,66.8911],[45.5622,67.1856],[44.9395,67.3508],[44.9021,67.4131],[44.9395,67.4774],[45.5287,67.7576],[46.6904,67.8488],[46.6836,67.9705],[45.892,68.4797],[45.0781,68.5782],[44.048,68.5488],[43.472,68.6798],[43.3332,68.6734],[43.404,68.6085],[44.1691,68.3271],[44.2047,68.2538],[44.2254,67.9956],[43.8563,67.4393],[43.7824,67.2545],[43.8554,67.1886],[44.2918,67.0997],[44.4293,66.9377],[44.4887,66.6718],[44.0972,66.2351],[44.1453,66.1127],[44.1044,66.0086],[43.8438,66.1424],[43.5419,66.1234],[43.5504,66.1734],[43.6531,66.251],[43.5509,66.3213],[43.2332,66.4155],[42.6021,66.4225],[42.2105,66.5197],[41.7809,66.2593],[41.4758,66.1234],[40.6916,65.9634],[40.3278,65.7517],[39.8165,65.5979],[39.7491,65.4479],[39.798,65.3499],[40.1427,65.0633],[40.2812,64.9981],[40.4449,64.7787],[40.0578,64.7708],[39.8486,64.6905],[39.758,64.5771],[39.5674,64.5706],[39.0535,64.7139],[38.5409,64.7913],[38.4121,64.8571],[38.0094,64.8788],[37.5281,65.1083],[37.1408,65.1943],[36.8828,65.1724],[36.7859,64.9872],[36.6529,64.9354],[36.5346,64.9386],[36.5282,64.8474],[36.5787,64.791],[37.1837,64.4085],[37.4296,64.3736],[37.7406,64.397],[37.9537,64.3201],[37.9771,64.207],[38.0622,64.091],[38.0708,64.0258],[37.968,63.9491],[37.6354,63.8934],[37.4422,63.8134],[36.3649,64.0028],[36.1465,64.189],[35.6471,64.3783],[35.432,64.3468],[35.0354,64.4402],[34.8695,64.56],[34.8583,64.7067],[34.9522,64.756],[34.8326,64.8002],[34.8035,64.986],[34.6711,65.1681],[34.4064,65.3958],[34.6157,65.5099],[34.777,65.7683],[34.7863,65.8646],[34.6918,65.9519],[34.3998,66.1284],[34.1127,66.2252],[33.3605,66.3295],[33.5933,66.3846],[33.656,66.4426],[33.2174,66.5316],[33.1806,66.6799],[32.8624,66.7214],[32.4637,66.9163],[32.501,67.0039],[32.2016,67.1132],[31.8953,67.1614],[32.3999,67.1527],[32.9305,67.0868],[32.8476,67.0215],[33.1502,66.8439],[33.482,66.7646],[33.5954,66.7846],[33.8937,66.7067],[34.4516,66.6512],[34.3961,66.6132],[34.4826,66.5503],[34.8246,66.6111],[35.5135,66.3958],[36.9837,66.2726],[37.9007,66.0956],[38.6539,66.069],[39.2891,66.132],[40.1033,66.3],[40.5216,66.4466],[41.189,66.8262],[41.2756,66.9143],[41.3588,67.2097],[41.1339,67.2669],[41.1339,67.386],[41.0609,67.4442],[40.9664,67.7135],[40.3807,67.8319],[39.8093,68.1508],[39.7463,68.1622],[39.8233,68.0586],[39.5689,68.0717],[38.8315,68.3249],[38.4302,68.3556],[37.7306,68.6921],[35.8579,69.1917],[35.2898,69.2754],[35.0096,69.2212],[34.2294,69.3131],[33.6844,69.3103],[33.4356,69.1304],[33.1412,69.0687],[33.3277,69.1519],[33.413,69.2674],[33.4543,69.4282],[32.9789,69.3673],[32.9416,69.3833],[33.021,69.4456],[32.9998,69.4701],[32.3777,69.4791],[32.3306,69.5542],[32.0915,69.6326],[32.1768,69.674],[32.915,69.6017],[32.9946,69.6262],[33.0126,69.6705],[33.0078,69.7221],[32.9417,69.7519],[31.9846,69.9537],[31.9693,69.9139],[32.0306,69.8353],[31.9979,69.8099],[31.7886,69.8158],[31.6662,69.721],[31.547,69.6969],[30.8687,69.7835]],[[27.7967,60.536],[28.1793,60.571],[28.5128,60.6773],[28.6506,60.611],[28.6225,60.4916],[28.4916,60.5401],[28.6432,60.3753],[28.8127,60.3315],[29.0691,60.1915],[29.7212,60.1953],[29.9768,60.0264],[30.1727,59.9571],[30.1226,59.8736],[29.1473,59.9998],[28.9473,59.8288],[28.7477,59.8067],[28.5182,59.8496],[28.4539,59.8143],[28.4237,59.7341],[28.3346,59.6925],[28.1312,59.7865],[28.058,59.7815],[28.014,59.7248],[28.064,59.554],[28.0119,59.4835]],[[21.2358,55.2651],[21.1889,54.9352],[20.8875,54.9095],[20.5948,54.9824],[20.9585,55.2796]],[[20.9007,55.2876],[20.5203,54.9949],[20.3967,54.9513],[20.1076,54.9565],[19.9745,54.9212],[19.9441,54.75],[19.8589,54.6338],[19.6035,54.4587]],[[33.5932,46.0961],[33.6648,45.9471],[33.2801,45.7652],[33.1423,45.7492],[32.508,45.4038],[32.6113,45.3281],[32.9187,45.3481],[33.1869,45.1948],[33.3925,45.1878],[33.5552,45.0977],[33.6122,44.9078],[33.4507,44.5537],[33.7557,44.3989],[34.0744,44.4238],[34.2817,44.5384],[34.4699,44.7217],[34.7169,44.8071],[35.0877,44.8026],[35.1548,44.8963],[35.3578,44.9784],[35.4726,45.0985],[35.6775,45.102],[35.8701,45.0053],[36.3934,45.0654],[36.4508,45.2323],[36.575,45.3936],[36.1705,45.4531],[36.0129,45.3717],[35.8335,45.4016],[35.558,45.3109],[35.4575,45.3163],[35.2602,45.4469],[35.0011,45.7343]],[[38.2134,47.0912],[38.5772,47.2391],[38.7619,47.2616],[38.5524,47.1503],[38.9283,47.1757],[39.0237,47.2722],[39.1957,47.2688],[39.2935,47.1058],[39.2707,47.0441],[38.4387,46.8131],[38.501,46.6637],[38.23,46.7013],[37.968,46.618],[37.7665,46.6361],[37.9139,46.4065],[38.0777,46.3943],[38.4923,46.0905],[38.1836,46.0948],[38.0796,45.9348],[38.0738,46.0171],[38.0143,46.0478],[37.9331,46.0017],[37.8409,45.7996],[37.6124,45.5647],[37.61,45.4995],[37.6719,45.4884],[37.6472,45.3772],[37.2643,45.3109],[37.2136,45.2723],[36.8659,45.4271],[36.7204,45.3719],[36.9412,45.2897],[36.6191,45.1855],[36.6276,45.1513],[37.2048,44.972],[37.3523,44.7884],[37.4951,44.6953],[37.7049,44.6614],[37.8515,44.6988],[38.1812,44.4197],[38.7173,44.2881],[39.3294,43.8973],[39.5167,43.7279],[39.9792,43.4194]],[[130.6864,42.302],[130.8342,42.5229],[130.7094,42.6564],[131.1583,42.626],[131.2925,42.7721],[131.3933,42.8223],[131.7221,43.2026],[131.939,43.302],[132.0131,43.28],[131.8666,43.0952],[132.0287,43.1189],[132.3096,43.3135],[132.3344,43.2387],[132.3038,42.8833],[132.4813,42.9098],[132.709,42.8758],[132.8636,42.7938],[132.9966,42.808],[133.0594,42.7228],[133.16,42.697],[133.5867,42.8282],[133.7094,42.8299],[134.0104,42.9475],[135.1311,43.5257],[135.2602,43.6846],[135.4834,43.835],[135.5332,43.9715],[135.8746,44.3735],[136.1423,44.4891],[136.2512,44.6668],[136.4604,44.8221],[136.8035,45.1711],[137.6854,45.8184],[138.1063,46.2507],[138.2102,46.4629],[138.3369,46.5434],[138.3918,46.7451],[138.5868,47.0572],[139.0014,47.3833],[139.3727,47.8874],[140.1133,48.4227],[140.2242,48.7729],[140.3783,48.9641],[140.309,49.0539],[140.5172,49.5961],[140.4627,49.9115],[140.6245,50.0824],[140.5354,50.1308],[140.4764,50.546],[140.5209,50.8002],[140.6707,51.0513],[140.6877,51.2323],[140.8386,51.4142],[140.9326,51.6199],[141.3669,51.9207],[141.3855,52.0572],[141.4853,52.1785],[141.1698,52.3684],[141.1324,52.4357],[141.245,52.5501],[141.2559,52.8401],[141.0868,52.8976],[140.8396,53.0879],[141.1813,53.0153],[141.4021,53.184],[141.3737,53.2928],[141.2177,53.3345],[141.015,53.4542],[141.0057,53.4946],[140.6876,53.5964],[140.3471,53.8126],[140.1787,54.0516],[139.7074,54.2771],[139.3197,54.193],[138.6957,54.32],[138.6572,54.2983],[138.7159,54.2227],[138.6994,53.8697],[138.6607,53.7448],[138.4507,53.537],[138.2497,53.524],[138.5691,53.8188],[138.5682,53.9472],[138.5279,53.9599],[138.3789,53.9093],[138.2529,53.7264],[137.9505,53.6036],[137.7382,53.5603],[137.2537,53.5461],[137.2215,53.5792],[137.517,53.7071],[137.6448,53.8658],[137.8348,53.9467],[137.6228,53.9705],[137.3393,54.1005],[137.5132,54.1564],[137.666,54.2833],[137.3777,54.2823],[137.1416,54.1822],[137.0962,54.1286],[137.258,54.0252],[137.1554,53.8217],[136.8864,53.8394],[136.8026,53.782],[136.7188,53.8041],[136.683,53.9313],[136.8204,54.4523],[136.7973,54.621],[135.8516,54.5839],[135.2577,54.7315],[135.2115,54.8408],[135.2625,54.9433],[135.5406,55.1138],[135.7508,55.1606],[136.1752,55.3522],[136.4603,55.5767],[136.7936,55.6942],[137.3841,55.9748],[137.5729,56.1121],[137.6915,56.1394],[138.0738,56.4331],[138.2178,56.629],[138.6621,56.9655],[138.9657,57.0881],[139.1816,57.2615],[139.4438,57.3297],[139.6192,57.4557],[139.8033,57.5142],[140.0023,57.6875],[140.4469,57.8137],[140.685,58.2122],[140.7902,58.3035],[140.9877,58.4168],[141.6029,58.649],[142.0254,58.9997],[142.3304,59.1526],[143.1922,59.3701],[143.5238,59.3437],[143.8688,59.4114],[144.4834,59.3763],[145.5546,59.4135],[145.7564,59.3737],[145.9316,59.1984],[146.0495,59.1706],[146.2734,59.2215],[146.4443,59.4305],[146.5372,59.457],[146.8037,59.3729],[147.04,59.3657],[147.5145,59.2686],[147.6879,59.2907],[147.8746,59.388],[148.2574,59.4142],[148.4912,59.2623],[148.7267,59.2579],[148.9141,59.2827],[148.9646,59.3691],[148.8896,59.4],[148.7441,59.3735],[148.7089,59.4485],[148.7971,59.5323],[148.925,59.475],[149.205,59.4882],[149.0652,59.6305],[149.4245,59.761],[149.6426,59.7704],[150.6673,59.5563],[150.4836,59.4944],[150.6152,59.5065],[150.8234,59.4607],[151.0336,59.5856],[151.3482,59.5611],[151.4857,59.5241],[151.798,59.3232],[152.1695,59.2779],[152.2606,59.2236],[151.99,59.1601],[151.505,59.164],[151.1211,59.0825],[151.3268,58.8751],[151.7046,58.8667],[152.0879,58.9104],[152.1652,58.997],[152.3196,59.0308],[152.8179,58.9263],[153.0777,59.0819],[153.2729,59.0913],[153.3611,59.2148],[153.6952,59.2248],[154.0109,59.0755],[154.2467,59.1086],[154.458,59.2166],[154.7035,59.1413],[154.8237,59.1875],[155.1604,59.1901],[155.1667,59.3602],[154.9713,59.4496],[154.5825,59.5401],[154.2722,59.4751],[154.1498,59.5285],[154.2688,59.6584],[154.2931,59.8334],[154.4407,59.8838],[154.5782,60.095],[154.9708,60.3767],[155.7161,60.6824],[156.056,60.9956],[156.6297,61.2725],[156.6803,61.4806],[157.0842,61.6757],[157.4693,61.7989],[158.0701,61.7536],[158.3337,61.8257],[158.5472,61.8109],[159.1893,61.9294],[159.295,61.9142],[159.5523,61.7195],[160.1825,61.9028],[160.3094,61.8944],[160.3174,61.7934],[160.2469,61.6476],[159.8831,61.2918],[159.9492,61.1286],[159.7904,60.9566],[159.8831,60.9434],[160.1843,61.0477],[160.3789,61.0255],[160.2258,60.8315],[160.1736,60.6384],[160.482,60.7398],[160.7666,60.7533],[161.0371,60.9629],[162.3926,61.6621],[162.699,61.6526],[162.7523,61.7113],[162.856,61.705],[162.9939,61.5442],[163.0853,61.5706],[163.2578,61.6995],[163.0093,61.7915],[163.0177,61.8911],[163.1311,62.0499],[163.1185,62.1529],[163.1635,62.2596],[163.3021,62.373],[163.2442,62.4554],[163.3317,62.5509],[164.4184,62.7046],[164.7924,62.5711],[165.3966,62.4939],[165.4174,62.4471],[165.2139,62.4482],[165.2081,62.374],[164.5983,62.4706],[164.2072,62.2922],[164.0742,62.045],[164.0195,61.7107],[163.8827,61.6401],[163.8044,61.4614],[163.9728,61.4199],[164.0055,61.3438],[163.8934,61.2405],[163.6196,61.1113],[163.5535,61.0256],[163.71,60.9168],[163.3523,60.8004],[162.9731,60.7829],[162.7132,60.6595],[162.0682,60.4664],[161.7535,60.1523],[161.4493,60.0273],[160.8553,59.6269],[160.5475,59.5474],[160.3504,59.394],[159.8474,59.1271],[159.5915,58.8037],[159.2106,58.5194],[158.4494,58.1628],[158.3211,58.0834],[158.2752,58.009],[157.9746,57.9859],[157.6664,58.0198],[157.4504,57.7993],[157.2168,57.7768],[156.9857,57.8302],[156.8299,57.7796],[156.7916,57.7479],[156.9482,57.6158],[156.9768,57.4663],[156.8488,57.2902],[156.7284,57.1522],[156.0675,56.7816],[155.9825,56.6952],[155.7166,56.0722],[155.5549,55.3485],[155.5639,55.1991],[155.7064,54.5215],[155.9502,53.7443],[156.1104,52.8662],[156.2286,52.6263],[156.3647,52.5094],[156.4898,51.913],[156.5212,51.3803],[156.5435,51.3116],[156.6708,51.2269],[156.7478,50.9693],[157.2022,51.2127],[157.4898,51.4089],[157.531,51.4799],[157.8232,51.6053],[158.1035,51.8096],[158.3316,52.0909],[158.4932,52.3832],[158.4808,52.6267],[158.6088,52.8736],[158.4323,52.9574],[158.4721,53.0324],[158.5646,53.05],[158.7454,52.9089],[158.9521,53.0476],[159.5859,53.2377],[159.7716,53.2297],[159.9475,53.1251],[160.0251,53.1296],[160.0021,53.2749],[159.8977,53.3808],[159.9559,53.5522],[159.8438,53.7836],[159.9218,54.0084],[160.0744,54.1892],[160.7727,54.5414],[161.1299,54.5982],[161.294,54.5206],[161.6248,54.5163],[161.7257,54.533],[162.1056,54.7521],[162.0803,54.8861],[161.785,55.2053],[161.7239,55.4961],[161.7756,55.6548],[162.085,56.0896],[162.5282,56.2607],[162.4887,56.3991],[162.6715,56.4901],[162.8776,56.4764],[163.0384,56.5219],[162.8933,56.3995],[162.7132,56.3309],[162.6281,56.2323],[162.8403,56.0656],[163.0474,56.0447],[163.3355,56.2325],[163.2433,56.5646],[163.2565,56.688],[163.0464,56.7413],[162.9221,56.7227],[162.8026,56.8115],[162.8081,57.1028],[162.7615,57.2439],[162.7793,57.3576],[163.1879,57.6374],[163.2258,57.7904],[162.6543,57.9482],[162.522,57.9041],[162.467,57.7662],[162.3914,57.7172],[162.4114,57.7784],[162.1975,57.8291],[162.0396,57.9183],[161.9601,58.0769],[162.1416,58.4474],[162.453,58.7086],[162.9698,58.9865],[163.0043,59.0202],[162.94,59.1143],[163.0102,59.1483],[163.0849,59.1314],[163.2729,59.3026],[163.269,59.52],[163.3212,59.7054],[163.4938,59.8868],[163.7801,60.0411],[164.1351,59.9844],[164.1133,59.8976],[164.44,60.0727],[164.6697,59.9975],[164.7794,59.8742],[164.9537,59.8436],[165.0189,59.8607],[165.0736,59.9456],[165.0846,60.0986],[165.942,60.3569],[166.1802,60.4804],[166.3521,60.4848],[166.136,59.9793],[166.1865,59.8495],[166.273,59.8563],[166.9641,60.307],[167.2268,60.4063],[168.1375,60.5739],[168.4628,60.5922],[168.6703,60.5629],[169.2268,60.5959],[169.6184,60.438],[169.887,60.2179],[169.8976,60.1479],[169.9826,60.0671],[170.1541,59.9861],[170.351,59.9655],[170.5886,60.3429],[170.6082,60.4349],[170.9493,60.5229],[171.7295,60.8431],[171.918,60.8641],[172.3928,61.0618],[172.3624,61.1166],[172.3961,61.1674],[172.5848,61.1904],[172.697,61.2493],[172.69,61.2952],[172.7307,61.3144],[172.908,61.3116],[172.8068,61.4361],[172.8565,61.4692],[173.1318,61.4066],[173.6234,61.7161],[173.8224,61.6794],[174.1389,61.7952],[174.5144,61.8236],[174.715,61.9479],[175.1924,62.0344],[175.2679,62.1024],[176.3284,62.346],[176.7025,62.5058],[177.1595,62.561],[177.1896,62.5916],[176.9647,62.6586],[177.0235,62.7772],[177.2587,62.7504],[177.339,62.7813],[177.3597,62.737],[177.2926,62.599],[178.0192,62.547],[179.1207,62.3204],[179.177,62.4692],[179.4772,62.6131],[179.5705,62.6875],[179.5705,62.7735],[179.5109,62.8628],[179.3811,62.8837],[179.2596,63.0083],[179.4051,63.0777],[179.3323,63.1902],[178.9215,63.345],[178.9186,63.4002],[178.793,63.5403],[178.7867,63.4424],[178.744,63.3948],[178.6787,63.4023],[178.7064,63.5215],[178.6537,63.5566],[178.4661,63.5741],[178.4404,63.6056],[178.7314,63.6671],[178.6925,63.8423],[178.6503,63.9653],[178.4514,64.0114],[178.4771,64.1279],[178.3814,64.2609],[178.2295,64.3644],[178.1306,64.2353],[178.0447,64.2196],[177.6875,64.3047],[177.4329,64.4445],[177.4099,64.5728],[177.4672,64.7368],[177.3875,64.774],[177.0498,64.7192],[176.8429,64.6338],[176.5076,64.6824],[176.1409,64.5858],[176.351,64.7051],[176.247,64.843],[176.0565,64.9047],[175.6779,64.7825],[174.5488,64.6839],[175.7812,64.844],[176.0611,64.9609],[176.4295,64.8552],[176.8311,64.8492],[177.0687,64.7867],[177.2229,64.8617],[177.0373,64.9997],[176.341,65.0473],[176.4131,65.0712],[176.6248,65.0376],[176.8809,65.0819],[177.1792,65.0141],[177.7486,64.717],[178.2854,64.6723],[178.5195,64.603],[179.15,64.7816],[179.4482,64.822],[179.8273,65.0342],[180.0,65.0672]],[[145.9436,43.4265],[145.9312,43.457],[145.8691,43.4579],[145.8939,43.4198],[145.9436,43.4265]],[[146.3333,43.6475],[146.3102,43.6519],[146.2738,43.6298],[146.3588,43.6254],[146.3333,43.6475]],[[146.0886,43.449],[146.028,43.4204],[146.0323,43.4071],[146.1008,43.4402],[146.0886,43.449]]]}},{"type":"Feature","properties":{"name":"Romania","aliases":["Romania"],"kind":"country"},"geometry":{"type":"MultiLineString","coordinates":[[[28.5853,43.7412],[28.6586,43.9838],[28.6454,44.2957],[28.8882,44.5748],[28.807,44.565],[28.849,44.7163],[28.9262,44.81],[28.8915,44.9187],[28.9807,44.9929],[29.0953,44.975],[29.0478,44.9257],[29.0811,44.7988],[29.0482,44.7576],[29.5575,44.8434],[29.6354,44.9796],[29.7061,45.261]]]}},{"type":"Feature","properties":{"name":"Qatar","aliases":["Qatar","State of Qatar"],"kind":"country"},"geometry":{"type":"MultiLineString","coordinates":[[[51.2691,24.6065],[51.4279,24.6683],[51.6089,25.0529],[51.4854,25.5247],[51.5723,25.781],[51.5431,25.9024],[51.2623,26.1533],[51.0031,25.9814],[50.8687,25.6127],[50.7629,25.4447],[50.7773,25.1774],[50.8468,24.8886],[50.8037,24.79]]]}},{"type":"Feature","properties":{"name":"Portugal","aliases":["Portugal","Portuguese Republic"],"kind":"country"},"geometry":{"type":"MultiLineString","coordinates":[[[-25.1635,37.0186],[-25.1984,36.9965],[-25.1599,36.9434],[-25.0315,36.9416],[-25.0829,37.024],[-25.1635,37.0186]],[[-16.6933,32.758],[-16.9292,32.8414],[-17.0545,32.8159],[-17.1909,32.8686],[-17.241,32.8074],[-17.1712,32.7219],[-17.0183,32.6628],[-16.8374,32.6483],[-16.6933,32.758]],[[-31.2608,39.4968],[-31.283,39.3941],[-31.1813,39.3589],[-31.1371,39.4069],[-31.1386,39.4794],[-31.1999,39.5209],[-31.2608,39.4968]],[[-27.127,38.7898],[-27.2597,38.8027],[-27.3859,38.7658],[-27.3028,38.661],[-27.0953,38.634],[-27.042,38.6789],[-27.0419,38.7412],[-27.127,38.7898]],[[-28.3106,38.7439],[-28.0923,38.6206],[-27.7785,38.5556],[-27.9626,38.6363],[-28.3106,38.7439]],[[-28.6978,38.6385],[-28.842,38.5984],[-28.7438,38.5224],[-28.6058,38.5507],[-28.6978,38.6385]],[[-28.4021,38.5534],[-28.5103,38.553],[-28.5488,38.5186],[-28.5312,38.4625],[-28.4545,38.4086],[-28.2312,38.3847],[-28.0648,38.4127],[-28.4021,38.5534]],[[-25.5855,37.834],[-25.7837,37.9111],[-25.8459,37.894],[-25.8337,37.8261],[-25.7345,37.7629],[-25.439,37.7153],[-25.2511,37.735],[-25.1907,37.7644],[-25.1819,37.8379],[-25.5855,37.834]],[[-8.7788,41.9408],[-8.8782,41.8321],[-8.8876,41.7646],[-8.8464,41.7052],[-8.7554,41.6984],[-8.8108,41.652],[-8.8057,41.56],[-8.6598,41.0863],[-8.6846,40.7525],[-8.7724,40.6057],[-8.8727,40.2591],[-8.8866,40.1794],[-8.8378,40.1157],[-9.1483,39.5426],[-9.3748,39.3383],[-9.3528,39.2481],[-9.4797,38.7988],[-9.4741,38.7309],[-9.3567,38.6979],[-9.1358,38.7428],[-8.9543,39.0161],[-8.7916,39.0782],[-8.9381,38.9981],[-9.0005,38.903],[-8.9771,38.8029],[-9.0215,38.7469],[-9.2504,38.6567],[-9.2034,38.539],[-9.2133,38.4481],[-8.7989,38.5182],[-8.6683,38.4243],[-8.8811,38.4467],[-8.8022,38.1838],[-8.879,37.9587],[-8.7918,37.7328],[-8.8142,37.4308],[-8.9978,37.0323],[-8.9354,37.016],[-8.8484,37.0757],[-8.5977,37.1213],[-8.1368,37.0771],[-7.8341,37.0057],[-7.4052,37.1796]]]}},{"type":"Feature","properties":{"name":"Poland","aliases":["Poland","Republic of Poland"],"kind":"country"},"geometry":{"type":"MultiLineString","coordinates":[[[19.6056,54.4599],[19.4071,54.3861],[18.8364,54.3696],[18.6696,54.4309],[18.4362,54.7447],[18.7996,54.6334],[18.7593,54.6846],[18.3234,54.8382],[17.843,54.8167],[17.2619,54.7295],[16.8854,54.5964],[16.5598,54.5538],[16.1863,54.2904],[15.2884,54.1399],[14.3842,53.9247],[14.2105,53.9508]],[[14.2126,53.8708],[14.5584,53.8232],[14.5835,53.6394],[14.2579,53.7299]]]}},{"type":"Feature","properties":{"name":"Philippines","aliases":["Philippines","Republic of the Philippines"],"kind":"country"},"geometry":{"type":"MultiLineString","coordinates":[[[119.2967,10.751],[119.287,10.574],[119.2238,10.4773],[119.0238,10.3536],[118.1148,9.3467],[118.0238,9.2698],[117.8848,9.2407],[117.3499,8.7136],[117.2559,8.541],[117.2186,8.3673],[117.5166,8.5383],[117.5722,8.642],[117.7798,8.7286],[117.9896,8.8771],[118.1341,9.1014],[118.435,9.256],[118.7738,9.7668],[118.7821,9.9161],[119.1915,10.0611],[119.2848,10.2517],[119.3693,10.3273],[119.5952,10.4074],[119.6869,10.5003],[119.5267,10.9532],[119.5619,11.0455],[119.5326,11.1016],[119.5603,11.2668],[119.5013,11.3464],[119.2611,10.8452],[119.2967,10.751]],[[123.1027,11.5415],[122.8945,11.4413],[122.9313,11.5293],[122.8381,11.5957],[122.7263,11.6079],[122.6127,11.5642],[122.0292,11.8954],[121.916,11.8543],[121.8912,11.7909],[122.067,11.7237],[122.1035,11.6429],[122.0509,11.0974],[121.9644,10.8717],[121.954,10.4444],[122.1977,10.6229],[122.5221,10.6919],[122.6731,10.8009],[122.7699,10.8238],[122.8029,10.99],[123.0165,11.1165],[123.1195,11.2868],[123.1583,11.5355],[123.1027,11.5415]],[[123.5106,10.923],[123.2566,10.9939],[122.9833,10.8866],[122.9584,10.6983],[122.817,10.5038],[122.8665,10.284],[122.8556,10.0869],[122.713,9.9901],[122.4715,9.9615],[122.3995,9.823],[122.4109,9.6939],[122.5625,9.4828],[122.8666,9.3198],[122.9947,9.0588],[123.1925,9.0879],[123.3205,9.2729],[123.3084,9.357],[123.1498,9.6062],[123.162,9.8643],[123.5676,10.7808],[123.5106,10.923]],[[125.1972,10.4572],[125.1642,10.6375],[125.0132,10.7857],[125.0443,11.1353],[124.93,11.3729],[124.8211,11.4014],[124.6443,11.3081],[124.3307,11.5352],[124.3082,11.4862],[124.366,11.3707],[124.4455,10.9236],[124.5028,10.9044],[124.6627,10.962],[124.7867,10.7814],[124.7986,10.6822],[124.7377,10.4397],[124.7896,10.3275],[124.7808,10.1681],[125.0266,10.0331],[124.9875,10.3676],[125.1426,10.1895],[125.1484,10.2724],[125.2533,10.2638],[125.2685,10.3077],[125.1972,10.4572]],[[125.6273,11.2339],[125.5735,11.2382],[125.609,11.323],[125.5058,11.5442],[125.4643,11.7716],[125.4565,11.9525],[125.5356,12.1914],[125.3202,12.3218],[125.3104,12.4463],[125.2396,12.5279],[125.1502,12.5726],[124.5658,12.5262],[124.2947,12.5693],[124.3258,12.4038],[124.4457,12.1528],[124.6768,12.0209],[124.8843,11.7755],[124.995,11.7649],[124.9789,11.6385],[124.917,11.5584],[125.0879,11.2874],[125.1559,11.267],[125.2334,11.1451],[125.4318,11.1126],[125.6281,11.132],[125.7356,11.0496],[125.704,11.1648],[125.6273,11.2339]],[[121.4797,12.8371],[121.5228,13.1312],[121.2027,13.4323],[121.1225,13.3812],[120.9153,13.5011],[120.7554,13.471],[120.4684,13.5224],[120.3527,13.4729],[120.3385,13.4124],[120.4555,13.3935],[120.5083,13.2601],[120.6803,13.1306],[120.7637,12.9698],[120.796,12.748],[120.8994,12.6458],[120.9222,12.5116],[121.117,12.2534],[121.2367,12.2188],[121.3224,12.3036],[121.3943,12.3006],[121.4123,12.423],[121.5406,12.6382],[121.4797,12.8371]],[[126.5934,7.5468],[126.5444,7.7248],[126.4354,7.8328],[126.4587,8.2028],[126.3798,8.3268],[126.3653,8.4839],[126.1396,8.5957],[126.3195,8.8447],[126.3046,8.9521],[126.192,9.1249],[126.1934,9.2767],[126.0876,9.2607],[125.8767,9.5131],[125.5209,9.7591],[125.4713,9.7568],[125.414,9.6692],[125.5334,9.1409],[125.4987,9.0147],[125.3756,8.9918],[125.2097,9.0271],[125.141,8.8688],[124.8689,8.9723],[124.7868,8.8741],[124.7312,8.563],[124.6218,8.5227],[124.4049,8.5999],[124.1977,8.2295],[123.7994,8.0491],[123.7531,8.0583],[123.8774,8.1888],[123.8492,8.4327],[123.7834,8.5477],[123.6801,8.6206],[123.4346,8.7033],[123.3412,8.5704],[123.1472,8.516],[123.0506,8.4339],[122.9988,8.3561],[122.9963,8.2205],[122.9111,8.1564],[122.6729,8.1331],[122.3867,8.0459],[122.2434,7.9451],[122.1318,7.8105],[122.0472,7.3636],[121.9246,7.1995],[121.9042,7.0752],[122.0276,6.9286],[122.0981,6.9137],[122.1425,6.9497],[122.4744,7.639],[122.6162,7.7631],[122.714,7.7741],[122.7918,7.7225],[122.843,7.5293],[122.9896,7.5463],[123.0967,7.7004],[123.1782,7.5294],[123.3909,7.4075],[123.4931,7.8079],[123.6658,7.8178],[123.9685,7.6646],[124.2066,7.3964],[124.1907,7.2673],[123.9853,6.9937],[124.0781,6.4044],[124.2128,6.2333],[124.9273,5.8753],[125.0354,5.8707],[125.174,6.047],[125.2315,6.0695],[125.2685,6.0332],[125.241,5.7569],[125.2879,5.6323],[125.3465,5.599],[125.4559,5.6643],[125.668,5.9787],[125.6707,6.225],[125.5885,6.4658],[125.3807,6.6899],[125.401,6.7958],[125.6407,7.1051],[125.6893,7.263],[125.8244,7.3333],[126.0431,6.8432],[126.1098,6.4896],[126.1894,6.3097],[126.2402,6.7339],[126.1921,6.8525],[126.2169,6.891],[126.294,6.8823],[126.4391,7.0124],[126.5467,7.1758],[126.5815,7.2478],[126.5934,7.5468]],[[122.2938,18.2343],[122.1795,18.0643],[122.1523,17.6644],[122.2368,17.4349],[122.3875,17.3068],[122.4075,17.1781],[122.5191,17.1249],[122.5,17.058],[122.1352,16.1848],[121.7887,16.0774],[121.5953,15.9333],[121.5609,15.8268],[121.607,15.6698],[121.4119,15.375],[121.3989,15.2666],[121.6954,14.7373],[121.6266,14.6817],[121.6279,14.5812],[121.7666,14.1681],[121.9117,14.0204],[122.2117,13.9302],[122.2284,13.9795],[122.2875,13.9962],[122.1997,14.148],[122.4908,14.3224],[122.6271,14.3175],[122.8561,14.2508],[122.9342,14.1881],[123.071,13.96],[123.06,13.7888],[123.102,13.7502],[123.2314,13.7474],[123.297,13.8364],[123.3054,13.9366],[123.2593,13.9754],[123.3203,14.0617],[123.4323,13.9663],[123.726,13.8843],[123.8576,13.7996],[123.8063,13.7217],[123.6071,13.7044],[123.5496,13.6458],[123.8192,13.2695],[123.7852,13.1105],[124.1428,13.0358],[124.1373,12.7912],[124.0598,12.5671],[123.9617,12.595],[123.8778,12.6897],[123.9485,12.9164],[123.6268,12.9118],[123.4023,13.0331],[123.3109,13.0441],[123.2955,13.2156],[123.1633,13.4417],[122.8635,13.6172],[122.5952,13.9076],[122.4863,13.93],[122.468,13.8867],[122.508,13.6568],[122.5962,13.562],[122.6679,13.3954],[122.6751,13.2532],[122.5999,13.1941],[122.5152,13.26],[122.4979,13.3635],[122.3766,13.5206],[122.0728,13.7884],[121.7779,13.9376],[121.6917,13.9346],[121.5011,13.8422],[121.4508,13.7908],[121.4463,13.7119],[121.3441,13.6491],[121.2035,13.6403],[121.0955,13.6795],[121.0062,13.7581],[120.9323,13.7619],[120.8407,13.8847],[120.7291,13.9005],[120.6371,13.8045],[120.6168,14.188],[120.9221,14.4931],[120.9413,14.6451],[120.8881,14.7158],[120.7079,14.7766],[120.5837,14.8812],[120.5468,14.7661],[120.5887,14.4831],[120.5557,14.4414],[120.4388,14.4534],[120.2508,14.7933],[120.138,14.8004],[120.0821,14.8511],[119.9328,15.4309],[119.8916,15.8377],[119.7689,16.0084],[119.7726,16.2551],[119.8308,16.3266],[120.1598,16.0477],[120.337,16.0665],[120.3888,16.1609],[120.3053,16.5292],[120.3212,16.7619],[120.4089,16.9556],[120.4201,17.0901],[120.4245,17.4383],[120.3584,17.6382],[120.5997,18.5079],[120.8138,18.6034],[121.1016,18.6153],[121.593,18.3765],[121.9476,18.2852],[122.0385,18.3279],[122.1467,18.4866],[122.2212,18.5006],[122.2998,18.4028],[122.2938,18.2343]],[[121.2825,6.0223],[121.2139,6.0035],[121.1594,6.0756],[121.0377,6.096],[120.8982,6.0069],[120.8764,5.9526],[120.9307,5.8962],[121.0186,5.9229],[121.083,5.893],[121.2182,5.9427],[121.2944,5.87],[121.411,5.9398],[121.3915,6.0021],[121.2825,6.0223]],[[117.2809,8.315],[117.287,8.191],[117.3553,8.2146],[117.3537,8.2893],[117.2809,8.315]],[[116.9936,8.0505],[116.9695,7.8949],[117.0283,7.8075],[117.0799,7.8834],[117.0771,8.0691],[116.9936,8.0505]],[[119.8521,10.6401],[119.7645,10.5516],[119.7932,10.4553],[119.9162,10.486],[120.0084,10.5701],[119.8521,10.6401]],[[119.7614,11.4736],[119.7256,11.4747],[119.73,11.4319],[119.8549,11.3931],[119.8614,11.5253],[119.7614,11.4736]],[[120.2282,12.2198],[120.1937,12.167],[120.1,12.1677],[119.9164,12.3191],[119.8659,12.199],[120.0105,12.0083],[120.3146,12.0124],[120.3414,12.0774],[120.2282,12.2198]],[[119.9565,11.9603],[119.8609,11.954],[119.9639,11.6694],[120.0388,11.7033],[120.0731,11.7835],[120.0359,11.9172],[119.9565,11.9603]],[[122.6258,10.695],[122.5375,10.6076],[122.5384,10.425],[122.6813,10.4982],[122.7372,10.6546],[122.7013,10.7406],[122.6258,10.695]],[[124.0525,11.0288],[124.0389,11.2735],[123.9672,11.1869],[123.9299,10.9638],[123.7114,10.4737],[123.3862,9.9671],[123.4037,9.8893],[123.3271,9.5781],[123.3317,9.4229],[123.4936,9.5893],[123.7005,10.1283],[123.9521,10.3166],[124.005,10.4001],[124.0513,10.5856],[124.0525,11.0288]],[[123.757,11.2833],[123.7076,11.248],[123.7367,11.1515],[123.8156,11.1507],[123.757,11.2833]],[[124.4863,10.0655],[124.3357,10.1599],[124.1729,10.1352],[124.0598,10.0002],[123.9089,9.9196],[123.8172,9.8174],[123.8717,9.6757],[123.9356,9.624],[124.1225,9.5993],[124.3599,9.6302],[124.4775,9.7479],[124.5843,9.7505],[124.5551,9.8792],[124.5771,10.0267],[124.4863,10.0655]],[[124.7368,9.2432],[124.6533,9.2258],[124.6391,9.1751],[124.7779,9.0831],[124.8066,9.1426],[124.7368,9.2432]],[[123.6977,9.2373],[123.6549,9.2788],[123.4935,9.1921],[123.6145,9.1033],[123.7062,9.1335],[123.6977,9.2373]],[[120.208,5.3401],[119.8273,5.1332],[119.8215,5.0695],[119.9581,5.0795],[120.1184,5.2154],[120.1916,5.1683],[120.2504,5.2566],[120.208,5.3401]],[[122.0583,6.7407],[121.832,6.6641],[121.8087,6.6137],[121.9592,6.4158],[122.201,6.4829],[122.2518,6.5798],[122.3235,6.6022],[122.0583,6.7407]],[[126.1295,9.9436],[126.0738,10.0592],[125.9986,9.9271],[125.9912,9.8385],[126.0468,9.7608],[126.1726,9.8],[126.1208,9.8652],[126.1295,9.9436]],[[125.7033,10.0718],[125.6467,10.2454],[125.6668,10.4401],[125.5246,10.3097],[125.4948,10.1187],[125.6726,9.8865],[125.7033,10.0718]],[[120.2114,13.8207],[120.1207,13.8581],[120.1042,13.7824],[120.2729,13.683],[120.2713,13.7507],[120.2114,13.8207]],[[121.9957,13.5468],[121.8662,13.5662],[121.815,13.4245],[121.8292,13.3286],[122.0049,13.205],[122.1224,13.3651],[122.1146,13.4632],[121.9957,13.5468]],[[122.0016,12.5985],[121.9895,12.4353],[121.9232,12.3313],[122.014,12.1056],[122.145,12.6526],[122.0016,12.5985]],[[122.2479,12.5569],[122.2609,12.5031],[122.3108,12.5288],[122.2875,12.5893],[122.2479,12.5569]],[[122.6036,12.4916],[122.4719,12.4919],[122.4229,12.4551],[122.6033,12.2856],[122.6833,12.3823],[122.6036,12.4916]],[[123.0436,13.1134],[122.9575,13.1072],[122.949,13.0587],[123.3672,12.7008],[123.2818,12.8534],[123.0436,13.1134]],[[123.7754,12.4539],[123.7087,12.6108],[123.6215,12.6749],[123.5872,12.6333],[123.7791,12.3663],[123.7754,12.4539]],[[123.2105,12.1066],[123.1578,11.9256],[123.4188,12.1942],[123.5311,12.1966],[123.736,12.0026],[123.7252,11.9516],[123.8478,11.9136],[124.0455,11.7524],[124.0403,11.9668],[123.9083,12.1691],[123.7166,12.2874],[123.559,12.4448],[123.2364,12.5835],[123.2672,12.3955],[123.2105,12.1066]],[[124.3367,13.9311],[124.2249,14.0776],[124.1229,13.9797],[124.1237,13.7905],[124.0389,13.6631],[124.057,13.6056],[124.1754,13.5315],[124.2482,13.5867],[124.3271,13.5674],[124.404,13.6794],[124.4172,13.871],[124.3367,13.9311]],[[121.9592,14.2288],[121.9562,14.1561],[122.1723,14.008],[122.1754,14.0488],[121.9592,14.2288]],[[121.8398,15.0381],[121.8203,14.9636],[121.923,14.8],[121.9106,14.6665],[121.9896,14.6622],[122.0217,14.7594],[121.9703,14.893],[122.0516,14.9699],[121.9717,15.0464],[121.8398,15.0381]],[[121.8889,18.9916],[121.8252,18.8427],[121.8582,18.8229],[121.9879,18.9566],[121.9434,19.0104],[121.8889,18.9916]],[[121.1961,19.0507],[121.2467,19.0152],[121.2132,19.1836],[121.1849,19.1014],[121.1961,19.0507]],[[121.3916,19.3994],[121.3829,19.3285],[121.5312,19.2713],[121.5209,19.362],[121.3916,19.3994]],[[121.9141,20.3594],[121.9601,20.3659],[122.0312,20.4694],[121.9412,20.4537],[121.9141,20.3594]],[[121.7965,20.7466],[121.7906,20.7012],[121.8296,20.7003],[121.8781,20.7819],[121.867,20.8392],[121.7965,20.7466]],[[124.3347,10.7067],[124.2885,10.6015],[124.3813,10.6326],[124.3823,10.6798],[124.3347,10.7067]],[[125.231,10.1157],[125.133,10.155],[125.159,10.0629],[125.2877,9.9327],[125.231,10.1157]],[[122.9148,7.4334],[122.8712,7.3973],[122.8222,7.4285],[122.8047,7.316],[122.9437,7.361],[122.9148,7.4334]],[[125.7834,7.1307],[125.7145,7.1855],[125.683,7.0732],[125.7689,6.9058],[125.7834,7.1307]],[[125.9678,9.7591],[125.9221,9.6215],[125.9524,9.568],[125.993,9.6846],[125.9678,9.7591]],[[124.5649,11.6397],[124.5109,11.6871],[124.3604,11.6659],[124.4835,11.4858],[124.6084,11.4922],[124.6223,11.5496],[124.5649,11.6397]],[[124.7884,11.6831],[124.7309,11.7153],[124.7811,11.5808],[124.8359,11.5433],[124.8544,11.5948],[124.7884,11.6831]]]}},{"type":"Feature","properties":{"name":"Peru","aliases":["Peru","Republic of Peru"],"kind":"country"},"geometry":{"type":"MultiLineString","coordinates":[[[-80.3237,-3.3873],[-80.7986,-3.7311],[-81.2832,-4.3223],[-81.3366,-4.6695],[-81.1085,-5.0278],[-81.1677,-5.1671],[-80.9431,-5.4754],[-80.8819,-5.6351],[-80.8827,-5.759],[-80.9307,-5.8408],[-80.9917,-5.8609],[-81.0918,-5.8124],[-81.1643,-5.8753],[-81.142,-6.0567],[-80.8116,-6.2822],[-80.1103,-6.6496],[-79.995,-6.7689],[-79.6177,-7.2956],[-79.3772,-7.8355],[-79.0123,-8.2102],[-78.9254,-8.4046],[-78.7623,-8.617],[-78.7546,-8.7404],[-78.6646,-8.9711],[-78.4457,-9.3706],[-78.1856,-10.0891],[-77.7361,-10.8367],[-77.6643,-11.0221],[-77.6332,-11.2878],[-77.3099,-11.5324],[-77.2203,-11.6634],[-77.1527,-12.0604],[-77.0627,-12.1068],[-76.9941,-12.2192],[-76.8321,-12.3487],[-76.758,-12.5271],[-76.5552,-12.8234],[-76.5021,-12.9844],[-76.2236,-13.3712],[-76.1839,-13.5152],[-76.2592,-13.8028],[-76.3765,-13.8631],[-76.297,-13.9484],[-76.289,-14.1331],[-76.1751,-14.2267],[-75.9339,-14.6336],[-75.5336,-14.8992],[-75.1042,-15.4119],[-74.5549,-15.699],[-74.3729,-15.834],[-74.1471,-15.9125],[-73.7277,-16.2017],[-73.4,-16.3043],[-72.7939,-16.6146],[-72.4677,-16.7081],[-72.1113,-17.0025],[-71.4359,-17.366],[-71.337,-17.6825],[-70.9417,-17.932],[-70.4174,-18.3464]]]}},{"type":"Feature","properties":{"name":"Papua New Guinea","aliases":["Papua New Guinea","Independent State of Papua New Guinea"],"kind":"country"},"geometry":{"type":"MultiLineString","coordinates":[[[155.8226,-6.3805],[155.6385,-6.2208],[155.467,-6.1451],[155.3726,-5.9744],[155.1979,-5.8283],[155.0938,-5.6202],[154.9971,-5.5399],[154.8705,-5.5214],[154.7293,-5.4444],[154.709,-5.7471],[154.7593,-5.9313],[155.0102,-6.2098],[155.2021,-6.3076],[155.2345,-6.4116],[155.2086,-6.5269],[155.344,-6.7217],[155.6174,-6.856],[155.7193,-6.8628],[155.8919,-6.7615],[155.9149,-6.7967],[155.9576,-6.6868],[155.8226,-6.3805]],[[153.0168,-4.1057],[152.0329,-3.2514],[151.8071,-3.1729],[151.4754,-2.9425],[151.2265,-2.8703],[151.1746,-2.7891],[150.8254,-2.5729],[150.8265,-2.7129],[150.7461,-2.7389],[151.0668,-2.829],[151.5785,-3.1535],[151.8798,-3.4001],[152.1922,-3.5059],[152.2794,-3.5824],[152.6682,-4.1318],[152.6807,-4.4984],[152.8917,-4.8324],[153.0232,-4.6663],[153.0443,-4.4764],[153.1325,-4.3524],[153.1242,-4.2523],[153.0168,-4.1057]],[[152.1973,-4.2852],[152.1172,-4.2122],[151.9676,-4.317],[151.8193,-4.217],[151.5931,-4.2008],[151.5442,-4.2992],[151.6646,-4.637],[151.6712,-4.8833],[151.5726,-4.9375],[151.3266,-4.9604],[151.1378,-5.1129],[150.9529,-5.4237],[150.7345,-5.5104],[150.6258,-5.5209],[150.5194,-5.4603],[150.2987,-5.5356],[150.1831,-5.5236],[150.0725,-5.3096],[150.0815,-5.1864],[150.1703,-5.0706],[150.09,-5.0118],[150.0453,-5.0347],[150.0119,-5.1396],[149.9628,-5.4478],[149.8314,-5.5241],[149.6317,-5.516],[149.3589,-5.584],[148.9992,-5.4846],[148.5649,-5.5079],[148.432,-5.4718],[148.3447,-5.5449],[148.3372,-5.6694],[148.4012,-5.765],[148.7191,-5.8674],[149.099,-6.117],[149.3823,-6.0781],[149.483,-6.1248],[149.6525,-6.2904],[150.4735,-6.2634],[150.809,-6.0714],[151.0432,-6.015],[151.2293,-5.9199],[151.4225,-5.7474],[151.5151,-5.5523],[151.8654,-5.5648],[152.0771,-5.4583],[152.143,-5.357],[151.9939,-5.149],[152.0133,-5.0038],[152.2576,-4.9547],[152.4,-4.7313],[152.3636,-4.4908],[152.4057,-4.3407],[152.1973,-4.2852]],[[140.9724,-2.6098],[141.1856,-2.6278],[142.2115,-3.0835],[142.9052,-3.3207],[143.509,-3.4312],[144.0664,-3.8052],[144.4777,-3.8253],[144.6267,-3.9931],[144.8435,-4.1015],[145.0878,-4.3491],[145.3346,-4.3853],[145.767,-4.823],[145.7929,-5.1779],[145.7452,-5.4024],[145.8528,-5.4713],[146.4034,-5.6166],[147.0343,-5.9192],[147.3767,-5.9508],[147.5667,-6.0569],[147.8021,-6.3152],[147.8455,-6.6624],[147.7096,-6.7236],[147.1191,-6.7217],[146.9536,-6.8341],[146.9607,-6.9288],[147.19,-7.3781],[147.7243,-7.8763],[148.1268,-8.1036],[148.2469,-8.5543],[148.4512,-8.6945],[148.5831,-9.0518],[148.7918,-9.0895],[149.0975,-9.0169],[149.1983,-9.0312],[149.2477,-9.071],[149.2641,-9.1808],[149.203,-9.4068],[149.2632,-9.4979],[149.4758,-9.5883],[149.8656,-9.6301],[150.011,-9.6882],[149.9847,-9.737],[149.7612,-9.8059],[149.7631,-9.8687],[149.8744,-10.013],[150.3641,-10.1896],[150.667,-10.2571],[150.8495,-10.236],[150.6368,-10.338],[150.4461,-10.3073],[150.4103,-10.3393],[150.4889,-10.4258],[150.6472,-10.518],[150.4824,-10.6369],[150.3199,-10.6549],[150.0168,-10.5771],[149.948,-10.4826],[149.7541,-10.353],[148.9368,-10.2552],[148.6542,-10.1573],[148.4306,-10.1914],[148.2688,-10.1282],[148.0514,-10.1283],[147.7687,-10.0701],[147.5531,-9.9124],[147.4083,-9.6747],[147.0172,-9.3879],[146.9254,-9.2472],[146.9638,-9.0596],[146.8562,-9.0877],[146.6966,-9.0254],[146.6309,-8.9512],[146.4559,-8.6436],[146.0332,-8.0764],[145.7287,-7.9524],[145.4678,-7.9301],[144.9738,-7.8021],[144.8854,-7.7336],[144.8643,-7.6315],[144.7734,-7.6425],[144.5099,-7.5674],[144.4497,-7.5981],[144.4313,-7.6794],[144.3519,-7.667],[144.2254,-7.7649],[144.1429,-7.7572],[143.8982,-7.6738],[143.6549,-7.4604],[143.7421,-7.5498],[143.9423,-7.9442],[143.8406,-7.9419],[143.888,-8.0177],[143.8334,-8.0291],[143.5182,-8.0007],[143.6138,-8.2004],[143.0949,-8.3112],[142.7086,-8.2723],[142.5241,-8.3217],[142.4476,-8.3162],[142.3475,-8.1675],[142.2068,-8.1958],[142.3251,-8.1983],[142.391,-8.3127],[142.4748,-8.3694],[142.576,-8.3356],[142.7979,-8.345],[143.1118,-8.4745],[143.3772,-8.7622],[143.3662,-8.961],[142.6472,-9.3278],[142.2296,-9.1699],[141.6216,-9.2113],[141.4057,-9.1507],[141.1332,-9.2213],[140.9752,-9.1181]],[[153.5915,-4.096],[153.6501,-4.123],[153.663,-4.0412],[153.6397,-4.0447],[153.5915,-4.096]],[[147.8465,-5.4908],[147.7946,-5.4924],[147.7811,-5.6272],[147.8745,-5.7492],[147.968,-5.7886],[147.9854,-5.834],[148.0258,-5.8264],[148.0761,-5.6502],[147.8465,-5.4908]],[[147.1311,-5.1908],[147.0147,-5.2574],[147.0059,-5.307],[147.1202,-5.4374],[147.2219,-5.3815],[147.2063,-5.2516],[147.1311,-5.1908]],[[145.9002,-4.6042],[145.904,-4.733],[145.9523,-4.7558],[146.0193,-4.7262],[146.0374,-4.5731],[145.9958,-4.5393],[145.9002,-4.6042]],[[147.7902,-2.3056],[147.7355,-2.3155],[147.8445,-2.3357],[147.877,-2.2831],[147.8358,-2.2468],[147.7902,-2.3056]],[[147.4006,-2.0251],[147.0676,-1.9602],[146.6562,-1.974],[146.5959,-2.0169],[146.607,-2.1025],[146.5313,-2.1541],[146.5725,-2.2104],[146.7479,-2.1488],[146.9264,-2.1891],[147.2063,-2.1819],[147.3365,-2.066],[147.4381,-2.059],[147.4441,-2.0115],[147.4006,-2.0251]],[[154.682,-5.054],[154.6326,-5.0139],[154.54,-5.1108],[154.6273,-5.4406],[154.6984,-5.3828],[154.7271,-5.2181],[154.682,-5.054]],[[152.6388,-3.0428],[152.5433,-3.0956],[152.6462,-3.2212],[152.6706,-3.1334],[152.6388,-3.0428]],[[151.9747,-2.8456],[151.9711,-2.8961],[152.0885,-2.9979],[152.0992,-2.9474],[151.9747,-2.8456]],[[152.002,-2.7378],[151.9464,-2.7086],[151.9334,-2.8304],[152.0113,-2.8092],[152.002,-2.7378]],[[149.633,-1.362],[149.581,-1.3532],[149.5459,-1.4717],[149.6711,-1.5763],[149.7632,-1.5892],[149.7253,-1.4307],[149.633,-1.362]],[[150.4295,-2.4704],[150.2271,-2.3842],[149.9616,-2.4738],[150.0435,-2.5125],[150.1657,-2.6603],[150.2375,-2.6755],[150.4366,-2.6618],[150.4295,-2.4704]],[[151.1234,-10.0202],[151.081,-10.0201],[151.0515,-9.939],[150.7761,-9.7091],[150.8961,-9.9681],[150.9524,-9.9984],[150.9592,-10.0926],[151.2309,-10.1947],[151.2965,-9.9567],[151.2557,-9.9227],[151.1234,-10.0202]],[[150.3201,-9.2642],[150.2083,-9.2063],[150.135,-9.2596],[150.1098,-9.3619],[150.3313,-9.5186],[150.3682,-9.3965],[150.3201,-9.2642]],[[150.8482,-9.6626],[150.844,-9.7028],[150.894,-9.6675],[150.8791,-9.5127],[150.7887,-9.418],[150.669,-9.4285],[150.5284,-9.3466],[150.4373,-9.36],[150.4347,-9.435],[150.5085,-9.5361],[150.4362,-9.6246],[150.8482,-9.6626]],[[151.1386,-8.5681],[151.1176,-8.4188],[151.0463,-8.4506],[151.005,-8.5238],[151.0828,-8.5687],[151.0462,-8.7283],[151.1241,-8.8049],[151.1386,-8.5681]],[[152.8498,-9.0245],[152.8101,-8.9672],[152.631,-8.9594],[152.5151,-9.0099],[152.6381,-9.0584],[152.7201,-9.1665],[152.8675,-9.2243],[152.9669,-9.209],[152.9953,-9.1078],[152.8498,-9.0245]],[[150.7993,-10.5541],[150.7857,-10.6034],[150.8847,-10.6435],[150.8987,-10.5653],[150.7993,-10.5541]],[[154.1018,-11.3114],[154.1177,-11.3655],[154.0234,-11.3479],[154.0641,-11.4193],[154.266,-11.4159],[154.2808,-11.3614],[154.1018,-11.3114]],[[153.7032,-11.5285],[153.5361,-11.4762],[153.2036,-11.3241],[153.2345,-11.4203],[153.3224,-11.4715],[153.2868,-11.517],[153.357,-11.495],[153.379,-11.5596],[153.5537,-11.6306],[153.7599,-11.5863],[153.7032,-11.5285]],[[143.5432,-8.4848],[143.5868,-8.4817],[143.5814,-8.3909],[143.3219,-8.3676],[143.5432,-8.4848]],[[143.4434,-8.5189],[143.2931,-8.4728],[143.2068,-8.4234],[143.2538,-8.4896],[143.6082,-8.6771],[143.4434,-8.5189]]]}},{"type":"Feature","properties":{"name":"Panama","aliases":["Panama","Republic of Panama"],"kind":"country"},"geometry":{"type":"MultiLineString","coordinates":[[[-78.8392,8.3479],[-78.9181,8.2319],[-78.9649,8.3263],[-78.9606,8.4358],[-78.8562,8.4482],[-78.8392,8.3479]],[[-82.2444,9.3341],[-82.2594,9.4303],[-82.3217,9.4181],[-82.2444,9.3341]],[[-79.1275,8.2519],[-79.1104,8.2098],[-79.0654,8.2542],[-79.0963,8.2954],[-79.1275,8.2519]],[[-81.7104,7.4855],[-81.6714,7.5234],[-81.7523,7.6216],[-81.8122,7.5924],[-81.8586,7.4802],[-81.7701,7.3704],[-81.6033,7.3328],[-81.7104,7.4855]],[[-82.8805,8.0725],[-82.8661,8.2463],[-82.7812,8.3035],[-82.6795,8.322],[-82.3648,8.2749],[-82.2354,8.311],[-82.2243,8.2304],[-82.1599,8.1948],[-81.9733,8.2151],[-81.7276,8.1375],[-81.5041,7.7212],[-81.2684,7.6255],[-81.219,7.6209],[-81.1955,7.6684],[-81.1578,7.8544],[-81.0639,7.8998],[-81.0351,7.7111],[-80.9146,7.4375],[-80.9012,7.2771],[-80.8456,7.2201],[-80.4389,7.275],[-80.2873,7.4256],[-80.1106,7.4334],[-80.0112,7.5],[-80.0752,7.667],[-80.4581,8.0771],[-80.459,8.2139],[-80.3687,8.2888],[-80.1258,8.3497],[-79.7504,8.5955],[-79.8159,8.6392],[-79.6875,8.851],[-79.5071,8.9701],[-79.2467,9.0201],[-79.0864,8.9972],[-78.5141,8.6282],[-78.4099,8.3553],[-78.3694,8.4049],[-78.3992,8.5057],[-78.3501,8.46],[-78.2561,8.4537],[-78.223,8.3966],[-78.0995,8.497],[-78.0125,8.3254],[-77.7605,8.1333],[-78.0478,8.2848],[-78.1419,8.3861],[-78.2812,8.2476],[-78.2549,8.1386],[-78.2874,8.0918],[-78.4216,8.061],[-78.3782,7.8999],[-78.1701,7.5438],[-77.9004,7.2287]],[[-77.3734,8.6577],[-77.6972,8.8895],[-77.8308,9.0681],[-78.0828,9.2363],[-78.5043,9.4063],[-78.9316,9.4285],[-79.0167,9.5104],[-79.1123,9.5368],[-79.5773,9.5979],[-80.1271,9.2099],[-80.5469,9.0819],[-80.8387,8.8872],[-81.0631,8.8126],[-81.3548,8.7806],[-81.5456,8.827],[-81.7122,9.0189],[-81.8945,9.1404],[-81.7802,8.9572],[-82.0779,8.9349],[-82.2442,9.0315],[-82.2354,9.1417],[-82.1881,9.1917],[-82.3397,9.2092],[-82.3708,9.4286],[-82.5643,9.5773]]]}},{"type":"Feature","properties":{"name":"Palau","aliases":["Palau","Republic of Palau"],"kind":"country"},"geometry":{"type":"MultiLineString","coordinates":[[[134.5997,7.6158],[134.5157,7.5258],[134.5347,7.3606],[134.5954,7.382],[134.6512,7.7121],[134.5997,7.6158]],[[131.1367,3.0395],[131.1724,3.0262],[131.1879,3.0556],[131.1516,3.0541],[131.1367,3.0395]]]}},{"type":"Feature","properties":{"name":"Pakistan","aliases":["Pakistan","Islamic Republic of Pakistan"],"kind":"country"},"geometry":{"type":"MultiLineString","coordinates":[[[61.5659,25.1866],[61.9079,25.1313],[62.0895,25.1553],[62.1986,25.2249],[62.3153,25.1349],[62.6647,25.2648],[63.4914,25.2108],[63.4957,25.2975],[63.5566,25.3532],[63.7209,25.3859],[63.9355,25.3425],[64.0594,25.4029],[64.1521,25.3334],[64.659,25.1841],[64.7767,25.3073],[65.0613,25.3111],[65.4062,25.3743],[65.6797,25.3553],[66.2347,25.4644],[66.4677,25.4453],[66.3564,25.5074],[66.1312,25.4933],[66.219,25.5899],[66.3242,25.6018],[66.4286,25.5753],[66.5339,25.4844],[66.5699,25.3785],[66.6986,25.2263],[66.703,24.8609],[67.1715,24.7561],[67.3094,24.1748],[67.5631,23.8818],[67.6458,23.9199],[67.6685,23.811],[67.819,23.8281],[67.86,23.9027],[67.951,23.8286],[68.037,23.8482],[68.1155,23.7534],[68.1655,23.8552]]]}},{"type":"Feature","properties":{"name":"Oman","aliases":["Oman","Sultanate of Oman"],"kind":"country"},"geometry":{"type":"MultiLineString","coordinates":[[[58.788,20.4966],[58.6412,20.3374],[58.6409,20.2107],[58.7723,20.2668],[58.8352,20.4239],[58.9508,20.5162],[58.8844,20.6806],[58.788,20.4966]],[[53.0847,16.6481],[53.2978,16.7233],[53.6099,16.76],[54.0682,17.0055],[54.5665,17.0312],[54.7719,16.9646],[55.0642,17.0389],[55.2752,17.3209],[55.2554,17.5856],[55.4791,17.8433],[56.3835,17.988],[56.5508,18.166],[56.6551,18.5874],[56.826,18.7535],[57.1766,18.9026],[57.6758,18.9579],[57.8116,19.0171],[57.7142,19.6784],[57.8618,20.2441],[58.1029,20.5704],[58.1694,20.5895],[58.245,20.5992],[58.209,20.424],[58.3487,20.3869],[58.4742,20.4069],[58.8957,21.1128],[59.0688,21.2891],[59.3715,21.4988],[59.8,22.2199],[59.8232,22.509],[59.5352,22.5785],[59.4294,22.6608],[59.0299,23.1306],[58.773,23.5172],[58.578,23.6435],[58.3245,23.6238],[58.1204,23.7166],[57.6113,23.8037],[57.123,23.9807],[56.9125,24.1502],[56.6406,24.4703],[56.4898,24.7164],[56.3876,24.9802]],[[56.2985,25.6499],[56.3736,25.8046],[56.4131,26.3512],[56.3787,26.3563],[56.3056,26.2352],[56.1645,26.207],[56.08,26.0618]]]}},{"type":"Feature","properties":{"name":"Norway","aliases":["Norway","Kingdom of Norway"],"kind":"country"},"geometry":{"type":"MultiLineString","coordinates":[[[24.2383,77.8985],[23.684,77.8754],[23.1167,77.9915],[23.152,78.0881],[23.452,78.1495],[23.1192,78.2386],[22.2995,78.2282],[22.2073,78.4077],[22.0432,78.577],[21.4548,78.5976],[20.2279,78.4778],[20.3728,78.412],[20.5603,78.4194],[20.5283,78.3256],[20.7864,78.2521],[20.8449,78.1659],[21.0354,78.0592],[21.6531,77.9235],[21.3342,77.7718],[21.2011,77.6195],[20.8731,77.5653],[20.9281,77.4597],[21.0499,77.441],[22.0568,77.5012],[22.3973,77.5701],[22.6854,77.5535],[22.7326,77.5394],[22.4425,77.4293],[22.4866,77.3601],[22.427,77.3159],[22.5537,77.2666],[22.8018,77.2758],[23.1014,77.3851],[23.3809,77.3803],[23.7361,77.4624],[24.1298,77.6583],[24.9019,77.7566],[24.2383,77.8985]],[[26.8608,80.16],[25.8363,80.1751],[24.7859,80.3007],[24.6137,80.2858],[24.2976,80.3604],[24.2341,80.3031],[23.9529,80.3046],[23.688,80.2065],[23.1146,80.187],[23.3154,80.4252],[23.008,80.474],[22.4508,80.4022],[22.4179,80.3655],[22.4427,80.1903],[22.3764,80.0896],[22.2897,80.0492],[21.6967,80.1592],[21.6549,80.2185],[21.5492,80.2429],[20.8979,80.25],[20.3594,80.4009],[19.7333,80.4778],[19.6144,80.4625],[19.8104,80.3268],[19.7511,80.2272],[19.1783,80.3315],[19.1569,80.3019],[19.1914,80.2632],[19.3547,80.1854],[19.5371,80.1632],[19.3434,80.1164],[18.7793,80.1935],[17.9169,80.1431],[18.3438,80.0596],[18.856,80.0366],[18.2554,79.9292],[18.3247,79.8597],[18.725,79.7607],[19.4,79.7266],[20.1234,79.7786],[20.7841,79.7486],[20.5648,79.6905],[20.4935,79.6328],[19.8211,79.6336],[19.6746,79.5912],[20.1282,79.4896],[20.7608,79.4415],[20.8611,79.3979],[22.8655,79.4119],[22.6957,79.3291],[22.9037,79.2307],[23.9478,79.1943],[24.7506,79.3646],[25.1451,79.3389],[25.6412,79.403],[26.0059,79.617],[27.1986,79.9066],[27.1483,80.0592],[26.8608,80.16]],[[20.7248,78.6723],[21.0963,78.6763],[21.3888,78.7404],[21.3122,78.7959],[20.5007,78.9814],[20.7672,79.0591],[20.611,79.1066],[20.1627,79.1457],[20.1145,79.125],[20.1138,79.0767],[19.8936,79.0562],[19.7509,79.1468],[19.0895,79.157],[18.6778,79.2617],[18.8074,79.3032],[18.8152,79.4267],[18.5814,79.5716],[18.3974,79.6052],[18.2721,79.6006],[17.6687,79.3859],[17.734,79.4813],[17.6875,79.5333],[17.9562,79.7042],[17.8346,79.8],[17.5782,79.8847],[17.2194,79.9408],[16.9664,79.9589],[16.7867,79.9067],[16.3866,80.0526],[16.0938,80.0073],[16.0566,79.954],[16.1002,79.8844],[15.9558,79.8351],[15.8161,79.6818],[15.8751,79.5192],[16.3438,78.9761],[15.7641,79.1743],[15.0523,79.6753],[14.8318,79.7664],[14.5937,79.7987],[14.0398,79.5856],[14.0111,79.4819],[14.0559,79.3831],[14.0296,79.3441],[13.9572,79.3396],[13.7162,79.4292],[13.3836,79.4808],[13.3338,79.5748],[12.5554,79.5695],[13.0393,79.6852],[13.7775,79.7153],[13.9211,79.7617],[13.9142,79.8169],[13.6929,79.861],[12.7535,79.7758],[12.2191,79.7979],[12.2878,79.7131],[11.7023,79.8206],[11.2506,79.7849],[11.1504,79.717],[10.8659,79.7966],[10.6821,79.7583],[10.8107,79.6409],[10.737,79.5816],[10.7376,79.5202],[11.2081,79.1296],[11.3389,79.1091],[11.5212,79.1513],[11.6164,79.2053],[11.5798,79.2835],[11.9783,79.2927],[12.084,79.2675],[11.8928,79.1523],[11.9818,79.0253],[12.0873,78.9751],[12.4033,78.9532],[12.2749,78.9045],[11.5476,78.983],[11.3654,78.9504],[11.861,78.8319],[11.7552,78.8117],[11.7738,78.7164],[11.9617,78.6424],[12.2579,78.5947],[12.6646,78.3848],[13.1502,78.2375],[14.1104,78.2709],[14.6383,78.4146],[14.4318,78.4925],[14.5154,78.5806],[14.4672,78.6754],[14.6893,78.7209],[15.0163,78.6301],[15.3228,78.7812],[15.3842,78.7712],[15.3916,78.7212],[15.2542,78.5891],[15.4174,78.4732],[15.944,78.493],[16.5305,78.6563],[16.7826,78.6636],[16.4486,78.5036],[16.7266,78.4072],[17.172,78.4171],[16.777,78.3504],[15.7839,78.3271],[15.6571,78.299],[15.698,78.2276],[15.3414,78.2209],[14.2481,78.0714],[14.3072,78.0051],[13.9369,78.0855],[13.7701,78.0746],[13.6806,78.0281],[13.7142,77.9194],[13.7911,77.8538],[14.0899,77.7714],[14.8469,77.7787],[15.5854,77.8691],[16.0601,77.8471],[16.9141,77.898],[17.0333,77.7977],[16.206,77.7825],[14.9208,77.6888],[14.695,77.525],[14.3776,77.5796],[14.0713,77.5641],[13.9957,77.5082],[14.0504,77.4032],[14.3658,77.2345],[15.1242,77.0851],[15.5468,76.8864],[16.1238,76.7385],[16.4619,76.6093],[16.7005,76.5793],[17.0627,76.659],[16.9767,76.8116],[17.249,76.9692],[17.1525,77.0489],[17.4425,77.2252],[17.6233,77.3994],[17.8471,77.4968],[18.2279,77.5226],[18.2987,77.5786],[18.404,77.7939],[18.4393,78.025],[18.9951,78.0815],[19.0087,78.1323],[18.9576,78.1825],[19.0557,78.3189],[19.6768,78.6096],[20.7248,78.6723]],[[26.7888,78.724],[26.5859,78.8115],[26.4077,78.7843],[26.4596,78.7203],[26.7295,78.6465],[27.0076,78.6975],[26.7888,78.724]],[[29.0471,78.9121],[28.8452,78.9708],[28.5111,78.9673],[27.8891,78.8521],[28.0379,78.8287],[28.4945,78.8872],[29.3105,78.8521],[29.6967,78.9047],[29.0471,78.9121]],[[31.4819,80.1079],[31.5776,80.0814],[32.526,80.1191],[33.6293,80.2174],[33.0986,80.2287],[31.4819,80.1079]],[[18.525,80.2456],[18.7416,80.3009],[18.2917,80.3584],[18.1622,80.2882],[18.525,80.2456]],[[11.9294,78.3749],[11.4242,78.5486],[11.2617,78.5417],[11.2503,78.6107],[11.0782,78.686],[11.1529,78.7245],[10.9608,78.8464],[10.5582,78.9029],[10.5576,78.8375],[10.6284,78.7539],[11.1213,78.4633],[11.5865,78.3882],[11.965,78.2249],[12.1164,78.2326],[11.9294,78.3749]],[[18.8612,74.5142],[18.7975,74.4857],[19.0985,74.3521],[19.2193,74.391],[19.2747,74.4567],[19.1829,74.5179],[18.8612,74.5142]],[[-8.3437,71.1401],[-8.5208,71.0307],[-9.0989,70.8549],[-8.9536,70.8392],[-8.6354,70.9404],[-8.0021,71.0413],[-7.9788,71.1169],[-8.0014,71.1777],[-8.3437,71.1401]],[[29.8358,69.9056],[29.7442,69.7916],[29.7662,69.7675],[30.0552,69.8384],[29.8358,69.9056]],[[4.8616,61.1938],[4.799,61.0827],[4.9587,61.0846],[4.9732,61.1482],[4.9154,61.1994],[4.8616,61.1938]],[[8.1027,63.3376],[8.1409,63.3664],[8.1361,63.4313],[8.0735,63.4708],[7.804,63.4139],[7.8883,63.3523],[8.1027,63.3376]],[[8.4708,63.6671],[8.7865,63.7035],[8.8092,63.7714],[8.7334,63.8013],[8.2871,63.6872],[8.4708,63.6671]],[[12.4761,65.9771],[12.4295,65.8991],[12.7788,65.9917],[12.6424,66.0085],[12.4761,65.9771]],[[12.6227,66.1225],[12.6208,66.1779],[12.5274,66.2105],[12.3273,66.0366],[12.5764,66.0719],[12.6227,66.1225]],[[19.8687,70.2123],[19.7675,70.2167],[19.6838,70.2736],[19.599,70.2662],[19.7809,70.0774],[20.0885,70.1021],[19.8687,70.2123]],[[22.6054,70.5332],[23.0682,70.5941],[23.3871,70.7539],[23.4405,70.8158],[23.3956,70.8426],[23.2047,70.8155],[22.9636,70.711],[21.9945,70.6571],[22.1687,70.5621],[22.3587,70.5148],[22.6054,70.5332]],[[20.8194,70.2055],[20.6549,70.2309],[20.4928,70.2033],[20.4051,70.1191],[20.4643,70.0766],[20.7253,70.0665],[20.7792,70.0897],[20.8194,70.2055]],[[25.9997,70.9751],[26.1338,70.9958],[26.1469,71.0395],[26.0776,71.0332],[25.945,71.1046],[25.5863,71.1421],[25.3152,71.053],[25.582,70.9608],[25.9997,70.9751]],[[23.5467,70.6171],[23.248,70.5051],[23.0225,70.4869],[22.941,70.4446],[22.9179,70.3847],[23.006,70.3528],[23.0906,70.3776],[23.1003,70.2961],[23.1592,70.2826],[23.3451,70.3153],[23.641,70.464],[23.5467,70.6171]],[[23.8521,70.7144],[23.7784,70.7474],[23.6892,70.7228],[23.6701,70.5971],[23.8271,70.5275],[24.0176,70.5674],[24.0783,70.6506],[23.8521,70.7144]],[[13.9323,68.2482],[13.7841,68.2761],[13.538,68.249],[13.4287,68.1632],[13.3002,68.1604],[13.1995,68.0873],[13.2294,67.9954],[13.3521,68.0097],[13.4242,68.0828],[13.4952,68.0517],[13.584,68.0938],[13.7784,68.105],[14.1188,68.2468],[13.9323,68.2482]],[[12.9577,68.0155],[12.8779,67.9178],[12.824,67.8212],[13.0746,67.9346],[13.1229,68.0494],[13.0681,68.0713],[12.9577,68.0155]],[[18.0041,69.505],[17.7837,69.563],[17.6232,69.5391],[17.503,69.5962],[17.4536,69.5302],[17.2299,69.4777],[17.3734,69.4389],[17.3945,69.4167],[17.3608,69.3815],[17.083,69.3988],[17.0018,69.3619],[16.9718,69.1379],[16.8426,69.1124],[16.8104,69.0707],[17.0771,69.0466],[17.0825,69.0137],[17.4879,69.1968],[17.5682,69.1604],[17.9507,69.1981],[17.9421,69.3287],[18.0768,69.3958],[18.0041,69.505]],[[19.4995,70.0479],[19.3438,70.012],[19.2551,70.0664],[19.2127,70.2475],[19.1327,70.2441],[19.0601,70.1666],[19.051,70.0378],[18.8832,70.0105],[18.6865,69.8909],[18.674,69.7816],[18.6243,69.813],[18.5124,69.7687],[18.3493,69.7679],[18.2274,69.6357],[18.0615,69.6021],[18.2741,69.5355],[18.7848,69.579],[18.8069,69.6398],[19.0078,69.7596],[19.1309,69.8104],[19.3348,69.8203],[19.5923,69.9702],[19.6078,70.0191],[19.4995,70.0479]],[[15.0953,68.4414],[14.5858,68.4003],[14.2572,68.2569],[14.2575,68.1908],[14.6289,68.1985],[14.9269,68.3066],[15.0377,68.2827],[15.1879,68.3104],[15.2797,68.3738],[15.4375,68.3128],[15.6825,68.356],[15.7637,68.4091],[15.9753,68.4025],[16.1939,68.5385],[16.5192,68.633],[16.5474,68.7166],[16.4252,68.8416],[16.2756,68.8683],[16.1506,68.8424],[16.1274,68.7464],[16.0596,68.6805],[15.9086,68.6505],[15.7604,68.5612],[15.9279,68.7332],[15.9059,68.9085],[15.8117,69.0242],[16.1148,69.2164],[16.1295,69.2739],[15.9653,69.3021],[15.483,69.0435],[15.4437,68.9192],[15.5643,68.8737],[15.4893,68.8053],[15.4126,68.6158],[15.0953,68.4414]],[[15.1019,69.008],[15.0378,69.0005],[15.0375,68.8943],[14.8724,68.9139],[14.8019,68.791],[14.5537,68.8188],[14.3734,68.7114],[14.4047,68.6632],[14.5208,68.6331],[14.7435,68.6772],[14.8902,68.611],[15.2221,68.6163],[15.3484,68.6724],[15.3966,68.7836],[15.1019,69.008]],[[11.1326,64.9762],[10.8135,64.9232],[10.7398,64.8703],[11.179,64.838],[11.2314,64.8659],[11.2462,64.9079],[11.1326,64.9762]],[[4.9556,60.2433],[4.997,60.1978],[5.0891,60.1888],[5.0858,60.3076],[4.9906,60.4521],[4.9301,60.4121],[4.9556,60.2433]],[[11.9724,65.7016],[11.8004,65.6839],[11.7651,65.631],[11.9019,65.5957],[12.0032,65.6794],[11.9724,65.7016]],[[30.8708,69.7834],[30.4844,69.7949],[30.4283,69.7223],[30.3488,69.8346],[30.2376,69.8622],[30.1801,69.8412],[30.1552,69.7459],[30.0883,69.7176],[29.6946,69.7446],[29.6359,69.7801],[29.6469,69.9437],[29.6014,69.9768],[28.8043,70.0925],[28.7812,70.1454],[29.9259,70.0965],[30.263,70.1247],[30.4689,70.1979],[30.9441,70.2744],[30.9606,70.3438],[30.9264,70.4011],[30.5959,70.5237],[30.2132,70.5433],[30.2377,70.6222],[30.0651,70.703],[29.7375,70.6468],[29.6391,70.705],[29.3977,70.7341],[29.1023,70.8607],[28.8315,70.864],[28.6094,70.7597],[28.4848,70.6188],[28.4373,70.5014],[28.3099,70.4431],[28.193,70.2486],[28.166,70.3604],[28.2027,70.5769],[28.2718,70.668],[28.2156,70.7043],[27.898,70.6779],[28.3269,70.8252],[28.3827,70.8694],[28.3923,70.9753],[28.1417,71.043],[27.5971,71.0913],[27.2353,70.9472],[27.5557,70.8274],[27.5465,70.804],[27.3094,70.8036],[27.1837,70.744],[26.9894,70.5114],[26.5851,70.41],[26.6446,70.6362],[26.5582,70.6691],[26.6755,70.741],[26.734,70.8536],[26.6613,70.9397],[26.5069,70.9128],[25.4705,70.3406],[25.4188,70.2355],[25.2118,70.1365],[25.0438,70.109],[24.9827,70.144],[24.9942,70.2182],[25.1464,70.324],[25.2093,70.4894],[25.2735,70.5524],[25.7814,70.8168],[25.7682,70.8532],[25.4359,70.9119],[25.2646,70.8435],[24.7647,71.0084],[24.658,71.001],[24.2635,70.8263],[24.2682,70.7727],[24.4035,70.7453],[24.42,70.702],[24.2855,70.6624],[24.0385,70.4854],[23.6612,70.3998],[23.3794,70.2475],[23.286,70.1048],[23.4002,70.0198],[23.3539,69.9834],[23.2579,69.9933],[23.0465,70.1019],[22.9412,70.305],[22.6846,70.3748],[22.4212,70.3376],[22.3848,70.2777],[22.322,70.2645],[22.2194,70.3092],[21.7803,70.2299],[21.5388,70.2577],[21.3558,70.2334],[21.4004,70.1745],[21.8027,70.0661],[21.8926,70.0042],[21.9747,69.8346],[21.9317,69.8147],[21.4329,70.0132],[21.2537,70.0032],[21.1631,69.8895],[20.6221,69.9139],[20.546,69.8511],[20.5327,69.6923],[20.5625,69.6328],[20.7395,69.5205],[20.4867,69.5421],[20.1072,69.3412],[20.0437,69.3557],[20.3382,69.6167],[20.3872,69.8676],[20.3242,69.9453],[19.9605,69.8246],[19.6415,69.424],[19.7225,69.7816],[19.687,69.8047],[19.1973,69.7479],[19.0384,69.6604],[18.9911,69.5611],[18.6145,69.4906],[18.6244,69.4344],[18.9159,69.3356],[18.859,69.3145],[18.6455,69.3219],[18.2598,69.4706],[18.0787,69.3252],[18.1015,69.1563],[17.7046,69.1],[17.5463,69.0011],[17.49,68.8788],[17.3908,68.7994],[17.1312,68.6935],[16.8847,68.6854],[16.6519,68.6258],[16.5144,68.5326],[16.5849,68.4665],[17.4262,68.4819],[17.5712,68.4475],[17.5528,68.4263],[16.9514,68.3547],[16.6188,68.4063],[16.3879,68.3896],[16.2038,68.3167],[16.1748,68.2812],[16.2598,68.1445],[16.392,68.0916],[16.2586,68.0012],[16.3123,67.8814],[16.2607,67.8866],[16.1208,68.0273],[16.0646,68.1999],[16.0079,68.2287],[15.6566,68.1644],[15.2929,68.0365],[15.6058,67.9879],[15.6214,67.9483],[15.4009,67.9196],[15.1343,67.9727],[14.7989,67.8093],[14.8211,67.7499],[14.7813,67.6749],[15.0408,67.6826],[15.3039,67.7653],[15.3458,67.7344],[15.2187,67.6554],[15.2487,67.6021],[15.4873,67.5148],[15.6915,67.5214],[15.5757,67.4438],[15.5944,67.3485],[15.4094,67.4742],[14.9619,67.5743],[14.755,67.499],[14.4417,67.2714],[15.4348,67.2467],[15.4157,67.2024],[14.7756,67.1945],[14.1088,67.1192],[13.8802,66.9649],[13.6516,66.9071],[13.7041,66.8517],[13.9595,66.7943],[13.6211,66.7948],[13.2114,66.6408],[13.1916,66.5372],[13.1047,66.5394],[13.0682,66.4308],[13.1188,66.2307],[13.9731,66.3197],[14.0342,66.2976],[13.6744,66.18],[13.3871,66.1828],[12.7838,66.1004],[12.9761,66.0192],[13.0331,65.9562],[12.8168,65.9529],[12.6889,65.9022],[12.6277,65.8062],[12.2729,65.5682],[12.1222,65.3624],[12.1339,65.2792],[12.334,65.2407],[12.4176,65.1841],[12.9155,65.3393],[12.5084,65.0994],[12.3065,65.086],[12.1597,65.179],[11.4894,64.9758],[11.3499,64.9059],[11.2968,64.7548],[11.6329,64.8139],[11.5238,64.7444],[11.2254,64.6795],[10.9323,64.5777],[10.834,64.4945],[10.5656,64.4183],[10.2362,64.1796],[10.01,64.0832],[9.8645,63.9178],[9.6147,63.7948],[9.5673,63.7062],[9.5946,63.679],[9.7675,63.6995],[9.924,63.5218],[10.0551,63.5127],[10.9349,63.7702],[11.0473,63.8452],[10.9143,63.9211],[11.3066,64.0489],[11.4576,64.003],[11.1756,63.8989],[11.3076,63.8757],[11.3707,63.8048],[10.7253,63.625],[10.6736,63.558],[10.7602,63.4613],[10.34,63.4693],[10.0806,63.4327],[10.021,63.3908],[9.6969,63.6246],[9.3236,63.5704],[9.1561,63.4593],[9.0842,63.4634],[9.0759,63.5004],[9.1581,63.5663],[9.1358,63.5937],[8.8424,63.6459],[8.5762,63.6012],[8.3607,63.4989],[8.3865,63.4453],[8.5938,63.4261],[8.641,63.3921],[8.6355,63.3423],[8.2715,63.2866],[8.1845,63.2365],[8.158,63.1615],[8.6231,62.8462],[8.2111,62.9955],[8.1006,63.091],[7.5719,63.0995],[7.3891,63.0233],[6.9404,62.9305],[6.735,62.7207],[7.2421,62.7523],[7.4084,62.7118],[8.0455,62.7712],[8.0955,62.7318],[7.5384,62.6721],[7.5274,62.6103],[7.6907,62.5856],[7.5701,62.5482],[6.9611,62.6268],[6.3529,62.6111],[6.1185,62.4472],[6.1361,62.4075],[6.6924,62.4681],[6.5801,62.4073],[6.209,62.3528],[6.0835,62.3496],[5.9083,62.416],[5.7182,62.3789],[5.5333,62.3109],[5.3577,62.1517],[5.2409,62.1887],[5.1432,62.1599],[5.0965,62.0267],[5.1596,61.957],[5.2669,61.9356],[5.473,61.9456],[6.1312,61.8524],[6.7308,61.8698],[6.4667,61.8074],[6.0158,61.7875],[5.4653,61.8969],[4.9301,61.8783],[4.9278,61.7107],[5.1676,61.5434],[5.3387,61.4855],[5.0027,61.4336],[5.0217,61.2506],[5.3246,61.1083],[6.0825,61.1673],[6.3835,61.1339],[6.4926,61.1546],[6.5999,61.2896],[6.6103,61.2291],[6.657,61.2066],[6.9426,61.1605],[7.276,61.181],[7.2763,61.2839],[7.3312,61.372],[7.4426,61.4346],[7.3466,61.3006],[7.4039,61.2222],[7.6045,61.2105],[7.0401,61.0912],[7.0779,60.9663],[7.0387,60.9529],[6.9806,60.9941],[6.9721,61.056],[6.7778,61.1424],[6.418,61.0843],[5.984,61.1173],[5.5053,61.0561],[5.0954,61.0713],[5.0086,61.0382],[5.0491,60.7075],[5.1158,60.636],[5.244,60.5696],[5.6483,60.688],[5.1371,60.4456],[5.1836,60.3084],[5.2858,60.2057],[5.6886,60.1232],[5.4945,60.0703],[5.2057,60.0879],[5.1744,60.0457],[5.2195,59.9788],[5.1192,59.8337],[5.1049,59.7317],[5.1458,59.6388],[5.4945,59.8256],[5.6988,60.01],[5.8766,60.07],[5.9044,60.1506],[6.1533,60.3462],[6.347,60.4191],[6.9957,60.512],[6.7199,60.4182],[6.5269,60.1529],[6.5736,60.3606],[6.5181,60.4076],[6.1405,60.2335],[6.0699,60.0835],[5.7305,59.8631],[5.7635,59.8079],[5.834,59.7947],[6.2166,59.8184],[5.8673,59.734],[5.7722,59.6609],[5.4725,59.7131],[5.4035,59.6558],[5.3049,59.6426],[5.1851,59.4537],[5.1316,59.2265],[5.1732,59.1625],[5.3623,59.1664],[5.5641,59.2912],[5.8452,59.3535],[6.4039,59.561],[5.9519,59.2991],[5.9686,59.1861],[5.8892,59.0979],[5.8892,59.0605],[6.0994,58.952],[6.3633,59.0009],[6.099,58.8703],[5.6122,59.0129],[5.5556,58.9752],[5.5173,58.7265],[5.7068,58.5236],[6.0547,58.3751],[6.3891,58.268],[6.6599,58.2627],[6.6925,58.224],[6.5551,58.1234],[6.5905,58.0973],[6.7314,58.0683],[6.8028,58.1545],[6.8771,58.1507],[6.9123,58.1429],[6.9034,58.0705],[7.0049,58.0242],[7.4659,58.0209],[8.1661,58.1453],[8.5214,58.3006],[8.9284,58.57],[9.3958,58.8057],[9.31,58.8568],[9.6569,58.9712],[9.6961,59.0097],[9.5572,59.1127],[9.6352,59.1178],[9.8002,59.0271],[9.8426,58.9585],[10.0831,59.0288],[10.1794,59.0093],[10.4313,59.2796],[10.4464,59.4436],[10.4071,59.4557],[10.3981,59.5193],[10.5695,59.5871],[10.5339,59.6958],[10.5953,59.7646],[10.6449,59.3892],[10.8345,59.1839],[11.3659,59.1045],[11.3872,59.0371]]]}},{"type":"Feature","properties":{"name":"North Korea","aliases":["North Korea","Dem. Rep. Korea","Democratic People's Republic of Korea"],"kind":"country"},"geometry":{"type":"MultiLineString","coordinates":[[[124.8896,39.6021],[124.8461,39.5589],[124.8489,39.5076],[124.9346,39.6078],[124.8896,39.6021]],[[124.3612,40.0046],[124.3486,39.9069],[124.5574,39.7906],[124.6383,39.6151],[124.7322,39.6522],[124.7389,39.7415],[124.7753,39.7581],[125.1001,39.5903],[125.3608,39.5266],[125.4097,39.2884],[125.1573,38.8715],[125.1688,38.8055],[125.5545,38.6862],[125.3097,38.6654],[125.0674,38.5567],[124.8806,38.3417],[124.8745,38.2334],[124.6909,38.1292],[125.2067,38.0815],[125.2467,38.0568],[124.9888,37.9314],[125.3107,37.8435],[125.3578,37.7248],[125.4493,37.7302],[125.5815,37.815],[125.695,37.9627],[125.7691,37.9854],[125.9417,37.8737],[126.0503,37.8698],[126.1167,37.7429],[126.2031,37.8285],[126.3699,37.8784],[126.6334,37.7809]],[[128.3751,38.6226],[128.2494,38.7452],[127.9717,38.898],[127.7861,39.0841],[127.3945,39.2079],[127.3835,39.2961],[127.4223,39.3736],[127.4574,39.401],[127.5229,39.3774],[127.5489,39.4611],[127.5274,39.6957],[127.5682,39.782],[127.8671,39.8959],[127.9666,39.9956],[128.3045,40.0359],[128.5112,40.1302],[128.7014,40.3175],[129.1098,40.4911],[129.3411,40.7263],[129.7087,40.8573],[129.742,40.9323],[129.7121,41.1237],[129.7658,41.3039],[129.759,41.3915],[129.6824,41.4943],[129.6863,41.595],[129.7563,41.7123],[130.2357,42.1832],[130.4575,42.3017],[130.6365,42.2749],[130.6882,42.303]]]}},{"type":"Feature","properties":{"name":"Nigeria","aliases":["Nigeria","Federal Republic of Nigeria"],"kind":"country"},"geometry":{"type":"MultiLineString","coordinates":[[[7.2273,4.5273],[7.1404,4.3951],[7.3008,4.4182],[7.3279,4.4872],[7.2273,4.5273]],[[2.7055,6.3691],[3.3355,6.3969],[3.4302,6.525],[3.717,6.5979],[3.7517,6.5838],[3.4508,6.4271],[4.1259,6.4114],[4.4313,6.3486],[4.861,6.0263],[5.0931,5.7671],[5.1124,5.6416],[5.1729,5.6027],[5.2763,5.6416],[5.3273,5.7075],[5.3503,5.6233],[5.4566,5.6117],[5.3938,5.5745],[5.2158,5.5717],[5.1992,5.5335],[5.3858,5.4018],[5.5497,5.4742],[5.5009,5.3786],[5.368,5.3377],[5.37,5.195],[5.476,5.1539],[5.3833,5.129],[5.4933,4.8388],[5.5878,4.6472],[5.7986,4.456],[6.0766,4.2906],[6.2056,4.2923],[6.2146,4.3855],[6.271,4.4321],[6.2637,4.3094],[6.5546,4.3414],[6.58,4.476],[6.633,4.3402],[6.8604,4.3733],[6.7931,4.4691],[6.7677,4.7247],[6.8247,4.6453],[6.8679,4.4411],[6.9232,4.3907],[7.0134,4.3973],[7.1547,4.5144],[7.1642,4.6156],[7.0766,4.7162],[7.2844,4.5477],[7.4599,4.5552],[7.5308,4.6552],[7.5656,4.5609],[7.8008,4.5223],[8.2931,4.5576],[8.328,4.6561],[8.2527,4.924],[8.4313,4.7462],[8.5148,4.7247],[8.5568,4.755]]]}},{"type":"Feature","properties":{"name":"Nicaragua","aliases":["Nicaragua","Republic of Nicaragua"],"kind":"country"},"geometry":{"type":"MultiLineString","coordinates":[[[-87.3372,12.9803],[-87.4244,12.9211],[-87.5851,13.0433],[-87.6702,12.9657],[-87.6675,12.9036],[-86.7556,12.1566],[-86.4689,11.7383],[-85.9611,11.3313],[-85.7443,11.0611]],[[-83.6412,10.916],[-83.7141,10.9338],[-83.7679,11.0103],[-83.8679,11.3],[-83.745,11.5665],[-83.6518,11.642],[-83.7046,11.8246],[-83.8289,11.861],[-83.7693,11.9316],[-83.7672,12.0593],[-83.6804,12.0243],[-83.6513,12.2871],[-83.7542,12.502],[-83.6253,12.6129],[-83.5934,12.7131],[-83.6272,12.4593],[-83.5959,12.3965],[-83.5109,12.4118],[-83.5412,12.5963],[-83.5145,12.9439],[-83.5673,13.3203],[-83.4123,13.9965],[-83.1877,14.3401],[-83.2992,14.749],[-83.3749,14.7661],[-83.4137,14.8253],[-83.3444,14.9021],[-83.2799,14.8128],[-83.159,14.9942]]]}},{"type":"Feature","properties":{"name":"New Zealand","aliases":["New Zealand"],"kind":"country"},"geometry":{"type":"MultiLineString","coordinates":[[[175.7807,-36.8046],[175.8762,-36.9577],[175.9901,-37.437],[176.129,-37.5867],[176.0533,-37.5617],[176.0379,-37.6007],[176.77,-37.8896],[177.1618,-37.9857],[177.3359,-37.9908],[177.5583,-37.8975],[177.7273,-37.7056],[178.0092,-37.5549],[178.2722,-37.5669],[178.5362,-37.6921],[178.3939,-37.9603],[178.2677,-38.5512],[178.0849,-38.6939],[177.9762,-38.7223],[177.9104,-39.0218],[177.9656,-39.1425],[177.9088,-39.2396],[177.7861,-39.1109],[177.5229,-39.0738],[177.2966,-39.1158],[177.0768,-39.2218],[176.9541,-39.3676],[176.9393,-39.5553],[176.9666,-39.6052],[177.1099,-39.6731],[176.8422,-40.1578],[176.6888,-40.2935],[176.6115,-40.442],[176.3852,-40.6677],[175.9829,-41.2133],[175.3098,-41.6106],[175.2222,-41.5744],[175.1656,-41.4174],[175.0539,-41.3912],[174.8813,-41.424],[174.9002,-41.2427],[174.8656,-41.223],[174.8197,-41.2629],[174.8412,-41.2907],[174.757,-41.3253],[174.6695,-41.3263],[174.6354,-41.2895],[175.0168,-40.8477],[175.1625,-40.6216],[175.2541,-40.2894],[175.156,-40.1149],[175.0093,-39.9521],[174.8138,-39.8602],[174.5675,-39.813],[174.3521,-39.6434],[173.9344,-39.5091],[173.8121,-39.4258],[173.7637,-39.3188],[173.7816,-39.2112],[173.8443,-39.1394],[174.0714,-39.0312],[174.3984,-38.9626],[174.5974,-38.7851],[174.7153,-38.2256],[174.84,-38.0227],[174.8017,-37.8955],[174.928,-37.8045],[174.7292,-37.4487],[174.7677,-37.3391],[174.7074,-37.3253],[174.5858,-37.0978],[174.6597,-37.0888],[174.7343,-37.2152],[174.7464,-37.1501],[174.8036,-37.1101],[174.9289,-37.0848],[174.782,-36.9438],[174.6015,-36.9857],[174.4756,-36.9419],[174.3819,-36.726],[174.1889,-36.4923],[174.2457,-36.485],[174.4016,-36.602],[174.4543,-36.5107],[174.4469,-36.4509],[174.3541,-36.376],[174.3928,-36.24],[174.2679,-36.1631],[174.2537,-36.2491],[174.0364,-36.1225],[173.9145,-35.9087],[173.9173,-36.0182],[174.1664,-36.3276],[174.0975,-36.391],[174.0547,-36.3598],[173.9451,-36.1759],[173.4122,-35.5426],[173.6262,-35.3191],[173.4961,-35.3623],[173.3764,-35.5001],[173.314,-35.4434],[173.2745,-35.3396],[173.1167,-35.2053],[173.1888,-35.1237],[173.1906,-35.0162],[172.706,-34.4552],[173.0439,-34.4291],[172.9638,-34.5352],[173.2846,-34.9806],[173.4479,-34.8443],[173.4387,-34.9285],[173.4727,-34.947],[173.6937,-35.0057],[173.7862,-35.0686],[173.8439,-35.0263],[174.104,-35.1429],[174.1432,-35.3],[174.2032,-35.3086],[174.3203,-35.2467],[174.5435,-35.582],[174.5086,-35.6674],[174.5807,-35.7855],[174.3958,-35.7974],[174.8021,-36.3095],[174.7518,-36.4908],[174.8192,-36.6121],[174.7225,-36.8412],[174.8914,-36.9094],[174.9521,-36.8529],[175.2995,-36.9933],[175.3467,-37.1562],[175.3854,-37.2069],[175.4609,-37.2167],[175.5682,-37.1594],[175.4874,-36.6896],[175.3855,-36.5563],[175.3998,-36.5008],[175.4608,-36.4757],[175.6814,-36.747],[175.7722,-36.7352],[175.7807,-36.8046]],[[172.8889,-43.1242],[173.2212,-42.9766],[173.5451,-42.518],[173.8398,-42.2709],[173.8892,-42.2116],[173.888,-42.1302],[174.2434,-41.8131],[174.2831,-41.7406],[174.2171,-41.6777],[174.0837,-41.6708],[174.1611,-41.5618],[174.0693,-41.4295],[174.1021,-41.3659],[174.2371,-41.3122],[174.3676,-41.1884],[174.3701,-41.1037],[174.1381,-41.2482],[174.0386,-41.2419],[174.1995,-41.1602],[174.3025,-41.0195],[174.2238,-41.0244],[174.2118,-40.9854],[173.9994,-40.9933],[174.024,-41.0723],[173.9576,-41.0999],[173.8971,-41.2394],[173.7979,-41.272],[173.9151,-41.0701],[173.8898,-41.0072],[174.0024,-40.9178],[173.9472,-40.9241],[173.7379,-40.989],[173.2309,-41.2842],[173.1153,-41.2793],[172.9887,-40.8482],[172.7668,-40.7734],[172.7044,-40.6678],[172.7326,-40.5438],[172.9437,-40.5187],[172.8302,-40.49],[172.6406,-40.5183],[172.2728,-40.7587],[172.1395,-40.9473],[172.0934,-41.2016],[171.948,-41.5387],[171.7316,-41.7196],[171.4862,-41.7947],[171.2522,-42.402],[171.3134,-42.4602],[171.1896,-42.5005],[171.0277,-42.6961],[171.0384,-42.8621],[171.0117,-42.8851],[171.0114,-42.7637],[170.9699,-42.7184],[170.7416,-42.9273],[170.7353,-43.0298],[170.6654,-42.9612],[170.5236,-43.009],[170.6118,-43.0918],[170.4587,-43.0377],[170.3028,-43.1076],[170.3961,-43.1822],[170.3,-43.1446],[170.2402,-43.1639],[170.0176,-43.3494],[169.859,-43.426],[169.908,-43.4466],[169.8351,-43.459],[169.8339,-43.537],[169.5152,-43.6236],[169.1695,-43.7771],[169.1357,-43.8198],[169.1789,-43.9131],[169.0665,-43.8635],[168.8064,-43.992],[168.651,-43.9722],[168.3666,-44.082],[167.8565,-44.5007],[167.909,-44.6647],[167.787,-44.595],[167.485,-44.7714],[167.4662,-44.9583],[167.4107,-44.8279],[167.1719,-44.9971],[167.2595,-45.0822],[167.1882,-45.0941],[167.1279,-45.0508],[167.0259,-45.1236],[167.0328,-45.2225],[167.2301,-45.2903],[167.1178,-45.318],[167.1557,-45.4109],[166.8692,-45.3112],[166.9199,-45.4079],[166.7783,-45.4097],[166.734,-45.5436],[166.9908,-45.5317],[166.7977,-45.6456],[166.81,-45.699],[167.0033,-45.7121],[166.836,-45.7745],[166.5129,-45.8117],[166.4932,-45.9639],[166.6127,-45.9554],[166.718,-45.8894],[166.727,-45.9633],[166.6499,-46.0417],[166.7303,-46.0527],[166.9167,-45.9572],[166.7121,-46.1337],[166.7315,-46.1979],[166.8308,-46.2255],[167.3689,-46.2415],[167.5395,-46.1485],[167.6822,-46.193],[167.842,-46.3662],[168.1892,-46.3622],[168.3197,-46.4472],[168.3257,-46.5457],[168.3821,-46.6054],[168.7668,-46.5663],[169.0986,-46.6307],[169.6866,-46.5517],[169.9183,-46.3344],[170.1861,-46.1608],[170.3354,-45.9918],[170.4191,-45.941],[170.7763,-45.8709],[170.7885,-45.7925],[170.7006,-45.6843],[170.8899,-45.3739],[170.9396,-45.2164],[171.1133,-45.0393],[171.1342,-44.9777],[170.999,-44.9114],[171.1463,-44.9123],[171.313,-44.3019],[171.2407,-44.2642],[171.3646,-44.255],[171.4426,-44.1358],[171.659,-44.1172],[172.1798,-43.896],[172.0355,-43.7018],[172.2966,-43.8679],[172.3504,-43.8594],[172.4804,-43.7267],[172.5838,-43.7735],[172.476,-43.8334],[172.5027,-43.8437],[172.7493,-43.8131],[172.9206,-43.8914],[173.0656,-43.8746],[173.1169,-43.7979],[173.0732,-43.6762],[172.807,-43.621],[172.7404,-43.4679],[172.6935,-43.4443],[172.5267,-43.4647],[172.7348,-43.3548],[172.624,-43.2725],[172.7186,-43.2588],[172.8889,-43.1242]],[[175.5126,-36.177],[175.4094,-36.0709],[175.3366,-36.1348],[175.3588,-36.2307],[175.5512,-36.3339],[175.5126,-36.177]],[[173.8733,-40.7493],[173.8124,-40.7937],[173.7809,-40.9218],[173.9146,-40.8637],[173.9645,-40.713],[173.8733,-40.7493]],[[166.5671,-45.6444],[166.532,-45.6998],[166.6945,-45.7299],[166.741,-45.705],[166.7463,-45.6559],[166.6856,-45.615],[166.5671,-45.6444]],[[-176.2749,-43.7648],[-176.1776,-43.7403],[-176.5661,-43.7176],[-176.6672,-43.7651],[-176.7611,-43.7579],[-176.8477,-43.8239],[-176.5551,-43.852],[-176.5238,-43.901],[-176.6293,-44.0361],[-176.598,-44.1072],[-176.5155,-44.1166],[-176.3336,-44.0253],[-176.3854,-43.9515],[-176.4391,-43.9547],[-176.5001,-43.8602],[-176.4413,-43.8161],[-176.5166,-43.7848],[-176.4074,-43.7609],[-176.3817,-43.8668],[-176.2749,-43.7648]],[[-176.2293,-44.2367],[-176.2208,-44.3306],[-176.1226,-44.2685],[-176.1547,-44.2245],[-176.2293,-44.2367]],[[169.0791,-52.4988],[169.0218,-52.4954],[169.1275,-52.5703],[169.2335,-52.5482],[169.1782,-52.4973],[169.0791,-52.4988]],[[166.2096,-50.612],[166.2543,-50.5439],[166.1014,-50.539],[166.0738,-50.679],[165.8892,-50.8077],[165.9714,-50.8195],[166.0133,-50.7779],[166.0732,-50.8227],[166.2429,-50.8457],[166.1795,-50.7146],[166.2204,-50.6943],[166.2096,-50.612]],[[168.156,-46.9883],[168.0432,-46.9326],[168.041,-46.8878],[168.1453,-46.9021],[168.1449,-46.8622],[167.9558,-46.6944],[167.784,-46.6998],[167.7652,-46.7977],[167.8008,-46.9065],[167.742,-46.9568],[167.7409,-47.0136],[167.6541,-47.0442],[167.629,-47.1423],[167.5388,-47.199],[167.522,-47.2587],[168.2409,-47.07],[168.2414,-46.979],[168.156,-46.9883]],[[166.8927,-45.2405],[166.9312,-45.2769],[167.0227,-45.2998],[166.9795,-45.1797],[166.8927,-45.2405]],[[-172.494,-8.5592],[-172.497,-8.5465],[-172.4792,-8.5808],[-172.4837,-8.5829],[-172.494,-8.5592]],[[-171.2,-9.3447],[-171.2044,-9.3333],[-171.1886,-9.3583],[-171.193,-9.3524],[-171.2,-9.3447]]]}},{"type":"Feature","properties":{"name":"Niue","aliases":["Niue"],"kind":"country"},"geometry":{"type":"MultiLineString","coordinates":[[[-169.9087,-18.9902],[-169.9483,-19.0729],[-169.9038,-19.1379],[-169.7934,-19.0426],[-169.834,-18.966],[-169.9087,-18.9902]]]}},{"type":"Feature","properties":{"name":"Cook Islands","aliases":["Cook Islands","Cook Is."],"kind":"country"},"geometry":{"type":"MultiLineString","coordinates":[[[-159.8106,-21.1864],[-159.8396,-21.2381],[-159.7405,-21.2492],[-159.7395,-21.2081],[-159.8106,-21.1864]]]}},{"type":"Feature","properties":{"name":"Netherlands","aliases":["Netherlands","Kingdom of the Netherlands"],"kind":"country"},"geometry":{"type":"MultiLineString","coordinates":[[[6.1933,53.4768],[6.3334,53.5107],[6.1593,53.4839],[6.1933,53.4768]],[[5.7081,53.4734],[5.6543,53.4665],[5.9293,53.4588],[5.8763,53.4751],[5.7081,53.4734]],[[5.0271,53.3102],[4.9079,53.2462],[5.1086,53.308],[5.0271,53.3102]],[[5.4151,53.4314],[5.1902,53.3918],[5.5826,53.4381],[5.4151,53.4314]],[[4.7398,53.0913],[4.7092,53.036],[4.7871,52.9998],[4.8861,53.0707],[4.8864,53.1833],[4.7398,53.0913]],[[3.9491,51.7395],[3.7891,51.7464],[3.699,51.7099],[3.951,51.6271],[4.0751,51.6488],[3.9491,51.7395]],[[-68.3692,12.302],[-68.3711,12.2575],[-68.2873,12.1717],[-68.2543,12.0321],[-68.2058,12.1446],[-68.2195,12.2312],[-68.3692,12.302]],[[6.7546,53.6255],[6.6686,53.6057],[6.6421,53.5792],[6.8009,53.6255],[6.7546,53.6255]],[[7.1961,53.2834],[6.9682,53.3273],[6.8162,53.4412],[6.0622,53.4071],[5.532,53.2687],[5.3584,53.0965],[5.0612,52.9606],[4.888,52.9083],[4.7687,52.9413],[4.6783,52.8098],[4.5621,52.4426],[4.4828,52.3092],[4.2088,52.059],[4.0849,51.9941],[3.9469,51.8105],[4.1826,51.6103],[4.0048,51.5958],[4.2741,51.4716],[4.1413,51.4558],[3.886,51.5742],[3.7439,51.596],[3.5486,51.5891],[3.4489,51.5408],[3.5869,51.4539],[3.8219,51.4094],[4.0065,51.4432],[4.2262,51.3865],[4.1115,51.3606],[4.011,51.3959],[3.8834,51.3545],[3.5895,51.3994],[3.3491,51.3775]]]}},{"type":"Feature","properties":{"name":"Aruba","aliases":["Aruba"],"kind":"country"},"geometry":{"type":"MultiLineString","coordinates":[[[-69.9731,12.5676],[-70.0351,12.6141],[-70.0661,12.547],[-69.8957,12.423],[-69.9731,12.5676]]]}},{"type":"Feature","properties":{"name":"Cura\u00e7ao","aliases":["Cura\u00e7ao"],"kind":"country"},"geometry":{"type":"MultiLineString","coordinates":[[[-68.8274,12.1585],[-69.0131,12.2313],[-69.0768,12.342],[-69.1589,12.3803],[-69.1538,12.2984],[-68.9951,12.1418],[-68.8033,12.0455],[-68.7511,12.0598],[-68.8274,12.1585]]]}},{"type":"Feature","properties":{"name":"Nauru","aliases":["Nauru","Republic of Nauru"],"kind":"country"},"geometry":{"type":"MultiLineString","coordinates":[[[166.939,-0.4894],[166.907,-0.5237],[166.939,-0.5508],[166.9584,-0.5166],[166.939,-0.4894]]]}},{"type":"Feature","properties":{"name":"Namibia","aliases":["Namibia","Republic of Namibia"],"kind":"country"},"geometry":{"type":"MultiLineString","coordinates":[[[11.7432,-17.2482],[11.7335,-17.751],[11.7759,-18.0018],[12.0412,-18.4707],[12.4582,-18.9268],[13.0421,-20.0282],[13.1684,-20.1847],[13.4506,-20.9167],[13.8394,-21.4732],[13.9732,-21.7676],[14.3219,-22.1899],[14.4628,-22.4491],[14.5199,-22.8052],[14.4957,-22.9214],[14.4385,-22.8806],[14.4033,-22.9681],[14.4738,-23.2812],[14.5016,-24.202],[14.6279,-24.548],[14.768,-24.788],[14.8371,-25.0332],[14.8452,-25.7257],[14.9313,-25.9582],[14.9678,-26.3181],[15.1391,-26.508],[15.1633,-26.6002],[15.1237,-26.6679],[15.1328,-26.7876],[15.2876,-27.275],[15.719,-27.9658],[16.4484,-28.6182]]]}},{"type":"Feature","properties":{"name":"Mozambique","aliases":["Mozambique","Republic of Mozambique"],"kind":"country"},"geometry":{"type":"MultiLineString","coordinates":[[[32.886,-26.8503],[32.9549,-26.0836],[32.9164,-26.0869],[32.8488,-26.2681],[32.7035,-26.1585],[32.5904,-26.0041],[32.7226,-25.8209],[32.7922,-25.6443],[32.9611,-25.4904],[33.3475,-25.2609],[34.6073,-24.8213],[34.9921,-24.6506],[35.2549,-24.4303],[35.4896,-24.0655],[35.542,-23.8244],[35.4854,-23.7845],[35.4621,-23.8511],[35.3704,-23.7982],[35.4944,-23.1852],[35.5754,-22.9631],[35.4902,-22.6577],[35.5301,-22.2481],[35.4937,-22.1247],[35.4563,-22.1159],[35.383,-22.4546],[35.3157,-22.3969],[35.3293,-22.0374],[35.2677,-21.651],[35.128,-21.3953],[35.1176,-21.1952],[34.9823,-20.8062],[34.7051,-20.473],[34.7558,-19.822],[34.6494,-19.7014],[34.721,-19.7096],[34.8523,-19.8205],[34.9479,-19.8127],[35.3653,-19.4939],[35.6513,-19.1639],[35.8537,-18.9934],[36.125,-18.8424],[36.2356,-18.8613],[36.2629,-18.7196],[36.3272,-18.7932],[36.4037,-18.7697],[36.4122,-18.693],[36.5401,-18.5182],[36.8996,-18.129],[36.9394,-17.9935],[37.5123,-17.5707],[38.0482,-17.3214],[38.1449,-17.2428],[38.6699,-17.0503],[38.8848,-17.0416],[39.0844,-16.9729],[39.2423,-16.7926],[39.8446,-16.4356],[39.7909,-16.2945],[39.9836,-16.2255],[40.0992,-16.0653],[40.1088,-15.9793],[40.559,-15.4734],[40.651,-15.2609],[40.6178,-15.1155],[40.6943,-15.0652],[40.7007,-14.9298],[40.8352,-14.7915],[40.8445,-14.7187],[40.8182,-14.4676],[40.775,-14.4213],[40.7267,-14.4207],[40.6461,-14.5387],[40.6399,-14.39],[40.7131,-14.2906],[40.7156,-14.2145],[40.6025,-14.1674],[40.5957,-14.1229],[40.5451,-13.4629],[40.5829,-13.374],[40.552,-13.2937],[40.5688,-12.9847],[40.4368,-12.9831],[40.4477,-12.9048],[40.5533,-12.8246],[40.5809,-12.6355],[40.5483,-12.5266],[40.4871,-12.4922],[40.5231,-12.3928],[40.5015,-12.1194],[40.5315,-12.0046],[40.4331,-11.6573],[40.4651,-11.4494],[40.4028,-11.332],[40.5445,-11.0656],[40.5161,-10.9296],[40.5972,-10.8307],[40.4866,-10.7651],[40.6117,-10.6615],[40.4631,-10.4635]]]}},{"type":"Feature","properties":{"name":"Morocco","aliases":["Morocco","Kingdom of Morocco"],"kind":"country"},"geometry":{"type":"MultiLineString","coordinates":[[[-2.2185,35.1041],[-2.8399,35.1278],[-2.9722,35.4073],[-3.206,35.2391],[-3.3947,35.2118],[-3.5906,35.2283],[-3.6933,35.28],[-4.33,35.1615],[-4.6283,35.2064],[-4.8372,35.2813],[-5.2527,35.6147],[-5.3376,35.7452],[-5.3376,35.8565],[-5.2778,35.9027],[-5.3974,35.9299],[-5.6229,35.8289],[-5.9248,35.7858],[-6.3531,34.7761],[-6.7558,34.1329],[-6.901,33.969],[-7.5624,33.6403],[-8.3012,33.3744],[-8.5128,33.2524],[-9.2459,32.5725],[-9.2866,32.2406],[-9.3475,32.0864],[-9.675,31.711],[-9.8087,31.4246],[-9.8324,30.8473],[-9.8755,30.7179],[-9.8539,30.6446],[-9.7731,30.6031],[-9.6529,30.4476],[-9.6238,30.3526],[-9.6671,30.1093],[-9.7435,29.9582],[-10.2006,29.3804],[-10.4865,29.0649],[-11.081,28.7138],[-11.4302,28.382],[-11.5527,28.3101],[-11.9861,28.1293],[-12.4689,28.0094],[-12.7937,27.9784],[-12.9489,27.9142],[-13.0407,27.7698],[-13.176,27.6557],[-13.5758,26.7351],[-13.9521,26.4888],[-14.1684,26.4154],[-14.4139,26.2537],[-14.4706,26.163],[-14.5228,25.9252],[-14.7949,25.4042],[-14.9043,24.7198],[-15.0389,24.5488],[-15.1886,24.4788],[-15.5863,24.0728],[-15.8993,23.8444],[-15.9807,23.6703],[-15.8017,23.8422],[-15.7893,23.7929],[-16.2103,23.0979],[-16.1697,23.0319],[-16.3043,22.8348],[-16.3587,22.5945],[-16.5144,22.3335],[-16.684,22.2744],[-16.7933,22.1597],[-16.9309,21.9],[-17.0032,21.4197]]]}},{"type":"Feature","properties":{"name":"Western Sahara","aliases":["Western Sahara","W. Sahara","Sahrawi Arab Democratic Republic"],"kind":"country"},"geometry":{"type":"MultiLineString","coordinates":[[[-17.0029,21.4218],[-17.0988,20.8569],[-17.0475,20.8088]]]}},{"type":"Feature","properties":{"name":"Montenegro","aliases":["Montenegro"],"kind":"country"},"geometry":{"type":"MultiLineString","coordinates":[[[18.5152,42.4341],[18.6459,42.4427],[18.6329,42.3781],[18.8942,42.2495],[19.1223,42.0605],[19.1864,41.9486],[19.3434,41.869]]]}},{"type":"Feature","properties":{"name":"Monaco","aliases":["Monaco","Principality of Monaco"],"kind":"country"},"geometry":{"type":"MultiLineString","coordinates":[[[7.3768,43.7314],[7.4396,43.7507]]]}},{"type":"Feature","properties":{"name":"Mexico","aliases":["Mexico","United Mexican States"],"kind":"country"},"geometry":{"type":"MultiLineString","coordinates":[[[-118.3121,29.1305],[-118.3123,29.1829],[-118.4014,29.1627],[-118.2855,28.9038],[-118.2428,28.9419],[-118.2474,29.0434],[-118.3121,29.1305]],[[-91.8161,18.6759],[-91.6837,18.6773],[-91.5367,18.76],[-91.5891,18.778],[-91.8161,18.6759]],[[-86.9278,20.5515],[-87.0194,20.3823],[-86.9914,20.2722],[-86.755,20.5518],[-86.7633,20.5791],[-86.9278,20.5515]],[[-106.5238,21.6523],[-106.5974,21.7122],[-106.6394,21.6979],[-106.607,21.5615],[-106.5313,21.5285],[-106.5238,21.6523]],[[-110.9894,18.8631],[-111.0637,18.7816],[-110.9748,18.7204],[-110.9145,18.7415],[-110.9894,18.8631]],[[-110.7034,25.0466],[-110.6574,24.9688],[-110.5389,24.8916],[-110.5952,25.0421],[-110.6902,25.0878],[-110.7034,25.0466]],[[-109.8903,24.3448],[-109.8779,24.2006],[-109.8051,24.1511],[-109.7938,24.1834],[-109.8903,24.3448]],[[-113.2021,29.3019],[-113.3738,29.3389],[-113.4159,29.4859],[-113.5872,29.573],[-113.5806,29.4132],[-113.1628,29.0348],[-113.2021,29.3019]],[[-114.7892,31.7474],[-114.7272,31.7014],[-114.6879,31.7242],[-114.7711,31.7941],[-114.7892,31.7474]],[[-115.2335,28.3684],[-115.274,28.3428],[-115.2604,28.2206],[-115.3529,28.104],[-115.1843,28.0373],[-115.1485,28.1721],[-115.2335,28.3684]],[[-111.8568,24.538],[-112.0133,24.5334],[-111.7123,24.3464],[-111.6989,24.3936],[-111.8568,24.538]],[[-111.0909,26.0757],[-111.1829,26.0406],[-111.2247,25.8359],[-111.1353,25.9992],[-111.0877,25.9845],[-111.0909,26.0757]],[[-112.2031,29.0053],[-112.2851,29.2404],[-112.4235,29.2037],[-112.4698,29.1677],[-112.5141,28.8476],[-112.2784,28.7693],[-112.2031,29.0053]],[[-112.1638,24.7997],[-112.1984,24.8854],[-112.1317,25.2244],[-112.1594,25.2856],[-112.2223,24.9511],[-112.2968,24.7896],[-112.1755,24.7296],[-112.0773,24.5346],[-112.1638,24.7997]],[[-117.1286,32.5343],[-117.0631,32.3436],[-116.9137,32.1985],[-116.848,31.9974],[-116.6208,31.8511],[-116.6239,31.758],[-116.7221,31.7346],[-116.6685,31.6986],[-116.6622,31.5649],[-116.3334,31.2028],[-116.2963,30.9705],[-116.0622,30.8041],[-115.9958,30.4145],[-115.8582,30.3598],[-115.8156,30.3036],[-115.8083,29.9602],[-115.7487,29.9357],[-115.6738,29.7564],[-115.1664,29.4272],[-114.9373,29.3516],[-114.1455,28.6054],[-114.0485,28.4262],[-114.0927,28.2213],[-114.1853,28.0133],[-114.2659,27.9345],[-114.1584,27.9197],[-114.1754,27.8306],[-114.1351,27.7266],[-114.0693,27.6757],[-114.1372,27.6714],[-114.3022,27.7757],[-114.3006,27.873],[-114.4485,27.7969],[-114.57,27.7839],[-115.0365,27.8418],[-114.9935,27.736],[-114.5399,27.4311],[-114.4453,27.2182],[-114.1101,27.106],[-113.9965,26.9877],[-113.841,26.9665],[-113.5985,26.7213],[-113.4259,26.7958],[-113.2723,26.791],[-113.1558,26.9462],[-113.1192,26.7165],[-113.0208,26.5833],[-112.6584,26.3167],[-112.3772,26.2139],[-112.1738,25.9126],[-112.1146,25.6304],[-112.0699,25.5729],[-112.1285,25.0431],[-112.0726,24.84],[-111.8482,24.6701],[-111.8025,24.5425],[-111.6829,24.5558],[-111.4193,24.329],[-111.0362,24.1053],[-110.63,23.7373],[-110.3627,23.6049],[-110.1806,23.3415],[-110.086,23.0055],[-110.0062,22.894],[-109.823,22.9222],[-109.4957,23.1598],[-109.4209,23.4801],[-109.5096,23.5979],[-109.6766,23.6616],[-109.7105,23.8038],[-109.8113,23.939],[-110.0228,24.1746],[-110.2629,24.3445],[-110.3251,24.306],[-110.2968,24.1949],[-110.3674,24.1005],[-110.4215,24.1834],[-110.547,24.2142],[-110.6593,24.3415],[-110.7345,24.5898],[-110.6868,24.8677],[-110.8939,25.1442],[-111.0344,25.527],[-111.1496,25.5726],[-111.2916,25.7898],[-111.3321,26.1254],[-111.4645,26.4084],[-111.4702,26.5066],[-111.5459,26.5792],[-111.5697,26.7076],[-111.7953,26.8797],[-111.8168,26.7563],[-111.6994,26.581],[-111.754,26.5727],[-111.8626,26.6785],[-111.8832,26.8402],[-112.0091,26.9671],[-112.004,27.0791],[-112.1915,27.1867],[-112.3292,27.5234],[-112.5526,27.6575],[-112.734,27.826],[-112.7493,27.9949],[-112.8081,28.0922],[-112.7957,28.2071],[-112.8685,28.292],[-112.8709,28.4242],[-113.0937,28.5118],[-113.2056,28.7988],[-113.3207,28.8131],[-113.3818,28.9467],[-113.4997,28.9267],[-113.5453,29.1022],[-113.7555,29.3675],[-114.1792,29.7343],[-114.3726,29.8302],[-114.5505,30.0223],[-114.6498,30.2381],[-114.6333,30.5069],[-114.7034,30.7652],[-114.761,30.9587],[-114.8819,31.1564],[-114.8481,31.5379],[-114.7899,31.6471],[-114.8395,31.7985],[-114.9336,31.9007],[-114.1493,31.5074],[-114.0027,31.5251],[-113.9478,31.6293],[-113.7594,31.5578],[-113.633,31.4676],[-113.6235,31.3459],[-113.0467,31.1792],[-113.0429,31.087],[-113.1186,31.0481],[-113.087,30.9381],[-113.1104,30.7933],[-113.0577,30.651],[-112.8248,30.3001],[-112.7384,29.9854],[-112.4146,29.5364],[-112.3782,29.3477],[-112.2235,29.2695],[-112.1618,29.0189],[-111.9408,28.8232],[-111.6801,28.4706],[-111.4717,28.384],[-111.2824,28.1152],[-111.1214,27.967],[-110.9208,27.8889],[-110.759,27.9152],[-110.5299,27.8642],[-110.6155,27.6539],[-110.5606,27.4501],[-110.4778,27.3227],[-110.2771,27.1622],[-109.944,27.0793],[-109.8909,26.8834],[-109.7548,26.7029],[-109.4829,26.7104],[-109.2763,26.5339],[-109.216,26.3553],[-109.1167,26.2527],[-109.1997,26.3052],[-109.4256,26.0326],[-109.385,25.7271],[-109.3043,25.6332],[-109.1965,25.5925],[-109.0083,25.642],[-108.8866,25.7334],[-108.9728,25.5885],[-109.0685,25.5516],[-109.0288,25.4805],[-108.7873,25.538],[-108.751,25.4242],[-108.6964,25.3829],[-108.3737,25.1943],[-108.0515,25.067],[-108.0357,25.0354],[-108.1401,25.0184],[-108.2808,25.0815],[-108.0151,24.7834],[-108.0088,24.6936],[-107.9512,24.6149],[-107.8167,24.539],[-107.5119,24.4892],[-107.4937,24.3694],[-107.5272,24.3601],[-107.7649,24.4719],[-106.9355,23.8813],[-106.5665,23.4495],[-106.4022,23.1956],[-105.7918,22.6275],[-105.6455,22.3269],[-105.6491,21.9881],[-105.4314,21.6183],[-105.2087,21.4908],[-105.2371,21.1192],[-105.5108,20.8087],[-105.4924,20.7766],[-105.3271,20.753],[-105.2523,20.6685],[-105.2602,20.5791],[-105.3771,20.5119],[-105.5426,20.4979],[-105.6694,20.3856],[-105.4821,19.9761],[-105.2864,19.7065],[-105.1077,19.5622],[-104.9385,19.3094],[-104.4052,19.0912],[-103.9125,18.8285],[-103.4416,18.3254],[-102.6996,18.0628],[-102.2166,17.9574],[-101.9187,17.9598],[-101.6003,17.6516],[-101.4871,17.6153],[-101.3855,17.5142],[-100.8478,17.2005],[-100.0245,16.9205],[-99.6907,16.7196],[-98.7622,16.5348],[-98.5203,16.3048],[-98.139,16.2063],[-97.7548,15.9668],[-97.1847,15.9093],[-96.808,15.7264],[-96.5108,15.6519],[-96.2136,15.6931],[-95.7718,15.8878],[-95.4644,15.9747],[-95.1344,16.177],[-94.7994,16.2097],[-95.0208,16.2776],[-94.9004,16.4175],[-94.8587,16.4197],[-94.7929,16.3646],[-94.7908,16.2872],[-94.6508,16.3518],[-94.5871,16.3158],[-94.6823,16.2282],[-94.6615,16.2019],[-94.4708,16.1866],[-94.0013,16.0189],[-94.1934,16.1456],[-94.4264,16.2263],[-94.409,16.2874],[-94.3742,16.2848],[-93.9161,16.0536],[-93.1669,15.448],[-92.8089,15.1386],[-92.2344,14.5448]],[[-88.2961,18.4715],[-88.1953,18.6426],[-88.1968,18.7197],[-88.0317,18.8389],[-88.0111,18.7269],[-88.0564,18.5245],[-87.9597,18.4409],[-87.882,18.2739],[-87.8532,18.269],[-87.7618,18.4461],[-87.7335,18.655],[-87.653,18.7985],[-87.5011,19.2878],[-87.5508,19.3209],[-87.6558,19.2579],[-87.6587,19.3523],[-87.4827,19.4438],[-87.4248,19.5833],[-87.6453,19.5539],[-87.6877,19.6371],[-87.5858,19.7795],[-87.4417,19.8615],[-87.4672,20.1021],[-87.4214,20.2314],[-87.2212,20.5073],[-86.9262,20.7865],[-86.7718,21.1505],[-86.8171,21.2342],[-86.8241,21.4217],[-87.0348,21.5922],[-87.1285,21.6215],[-87.3685,21.5737],[-87.3867,21.5515],[-87.2958,21.525],[-87.1883,21.5464],[-87.1643,21.5142],[-87.2509,21.447],[-88.0068,21.6041],[-88.4667,21.5694],[-88.8787,21.4141],[-89.8198,21.2746],[-90.3531,21.0094],[-90.4841,20.5563],[-90.4917,19.9468],[-90.6932,19.7299],[-90.7393,19.3522],[-90.955,19.1517],[-91.4367,18.8898],[-91.4692,18.833],[-91.3431,18.9006],[-91.3678,18.8061],[-91.2788,18.7207],[-91.2752,18.6245],[-91.534,18.4565],[-91.803,18.4706],[-91.9136,18.5285],[-91.9427,18.5634],[-91.8804,18.6378],[-91.9738,18.7159],[-92.441,18.6753],[-92.7101,18.6117],[-92.7691,18.5241],[-92.8848,18.4687],[-93.1273,18.4234],[-93.5523,18.4305],[-94.189,18.1953],[-94.4598,18.1667],[-94.5462,18.1749],[-94.7981,18.5146],[-95.0147,18.5706],[-95.1818,18.7007],[-95.5614,18.7191],[-95.7198,18.7684],[-95.5783,18.6904],[-95.6268,18.6906],[-95.9204,18.8196],[-95.9282,18.8501],[-95.7781,18.8055],[-95.913,18.8972],[-95.9847,19.0538],[-96.2896,19.3438],[-96.4561,19.8698],[-97.1863,20.717],[-97.5146,21.478],[-97.6375,21.6037],[-97.7538,22.0267],[-97.5904,21.762],[-97.3834,21.5667],[-97.4341,21.3565],[-97.4092,21.2726],[-97.3145,21.5642],[-97.5848,21.8085],[-97.7633,22.1059],[-97.8425,22.5103],[-97.8578,22.6245],[-97.7452,22.9424],[-97.7427,23.7606],[-97.6677,24.39],[-97.5071,25.0146],[-97.1645,25.7549],[-97.1462,25.9625]],[[-86.7269,21.2643],[-86.7529,21.2788],[-86.6963,21.191],[-86.714,21.2393],[-86.7269,21.2643]]]}},{"type":"Feature","properties":{"name":"Mauritius","aliases":["Mauritius","Republic of Mauritius"],"kind":"country"},"geometry":{"type":"MultiLineString","coordinates":[[[57.7372,-20.0984],[57.6565,-19.9899],[57.5758,-19.9972],[57.3857,-20.2286],[57.3283,-20.45],[57.3833,-20.5037],[57.6513,-20.4849],[57.7807,-20.327],[57.792,-20.2126],[57.7372,-20.0984]]]}},{"type":"Feature","properties":{"name":"Mauritania","aliases":["Mauritania","Islamic Republic of Mauritania"],"kind":"country"},"geometry":{"type":"MultiLineString","coordinates":[[[-16.4202,19.802],[-16.477,19.7104],[-16.4375,19.6093],[-16.3733,19.7064],[-16.3437,19.8662],[-16.4202,19.802]],[[-17.0493,20.8074],[-16.9982,21.0397],[-16.9279,21.1148],[-16.8761,21.0861],[-16.6225,20.6342],[-16.5627,20.6042],[-16.5304,20.7095],[-16.4298,20.6523],[-16.2104,20.2279],[-16.2834,19.7872],[-16.4449,19.4731],[-16.3053,19.5126],[-16.3713,19.4103],[-16.5145,19.362],[-16.4762,19.2851],[-16.3059,19.1538],[-16.2131,19.0033],[-16.085,18.5212],[-16.0303,17.8879],[-16.0789,17.5459],[-16.4636,16.6015],[-16.5357,16.2868],[-16.5356,15.8374]]]}},{"type":"Feature","properties":{"name":"Malta","aliases":["Malta","Republic of Malta"],"kind":"country"},"geometry":{"type":"MultiLineString","coordinates":[[[14.1804,36.0604],[14.2536,36.0122],[14.3209,36.0362],[14.2633,36.0758],[14.1804,36.0604]],[[14.4483,35.9574],[14.3513,35.9784],[14.3523,35.8723],[14.4364,35.8217],[14.5327,35.8202],[14.5662,35.8527],[14.4483,35.9574]]]}},{"type":"Feature","properties":{"name":"Maldives","aliases":["Maldives","Republic of Maldives"],"kind":"country"},"geometry":{"type":"MultiLineString","coordinates":[[[73.4166,3.2313],[73.385,3.2714],[73.4277,3.2898],[73.4428,3.2743],[73.4166,3.2313]],[[73.519,4.1869],[73.4786,4.1589],[73.5178,4.2477],[73.5283,4.2433],[73.519,4.1869]]]}},{"type":"Feature","properties":{"name":"Malaysia","aliases":["Malaysia"],"kind":"country"},"geometry":{"type":"MultiLineString","coordinates":[[[112.1188,2.9147],[111.6232,2.818],[111.5125,2.743],[111.4433,2.6343],[111.4438,2.3815],[111.3514,2.3645],[111.2422,2.4357],[111.2086,2.3796],[111.2089,2.1977],[111.2682,2.1397],[111.17,1.9023],[111.1542,1.7388],[111.0466,1.6336],[111.0287,1.5578],[111.058,1.4867],[111.2232,1.3959],[111.0984,1.4009],[110.8949,1.5325],[110.6752,1.548],[110.3492,1.7197],[110.1141,1.6986],[109.8648,1.7645],[109.7196,1.8578],[109.6272,2.0268]],[[117.5735,4.1696],[117.6965,4.3428],[118.0082,4.2502],[118.5483,4.3792],[118.5951,4.4606],[118.5625,4.5021],[118.3242,4.6687],[118.1854,4.8285],[118.2605,4.9889],[118.3818,5.0185],[118.6721,4.9641],[118.9125,5.0229],[119.2196,5.1598],[119.2663,5.3081],[119.2234,5.4126],[118.9573,5.429],[118.5948,5.5921],[118.5142,5.7289],[118.3531,5.8061],[118.2491,5.8206],[117.9736,5.7062],[117.9348,5.7875],[118.1158,5.8625],[118.0038,6.0533],[117.8177,5.9404],[117.5012,5.8847],[117.6172,5.9407],[117.6445,6.0019],[117.6159,6.1965],[117.6956,6.2723],[117.6937,6.35],[117.6097,6.5126],[117.294,6.6769],[117.2299,6.94],[117.1285,6.9689],[116.9133,6.6597],[116.7881,6.6061],[116.8498,6.8267],[116.833,6.9521],[116.7498,6.9771],[116.4947,6.5217],[116.1384,6.1295],[116.0598,5.8824],[115.9185,5.725],[115.8771,5.6135],[115.7969,5.5361],[115.7408,5.533],[115.6245,5.5489],[115.6039,5.6034],[115.419,5.4132],[115.4669,5.2541],[115.582,5.1941],[115.5545,5.0936],[115.3749,4.9328],[115.139,4.8998]],[[114.0654,4.5927],[113.9843,4.5458],[113.9878,4.4207],[113.9239,4.2432],[113.4461,3.7406],[113.0447,3.2052],[112.7373,3.0705],[112.1188,2.9147]],[[101.2681,2.9704],[101.3186,2.9885],[101.3112,3.0674],[101.2742,3.0328],[101.2681,2.9704]],[[117.708,4.2624],[117.6621,4.2502],[117.6486,4.1681]],[[117.8851,4.1852],[117.708,4.2624]],[[111.3763,2.5763],[111.3783,2.7093],[111.3335,2.7683],[111.3004,2.7412],[111.3115,2.4376],[111.3587,2.4022],[111.3893,2.4153],[111.3763,2.5763]],[[117.0643,7.2607],[117.0807,7.1153],[117.2394,7.1848],[117.2808,7.2906],[117.2641,7.3517],[117.1469,7.337],[117.0643,7.2607]],[[104.1848,2.8717],[104.1291,2.7672],[104.1733,2.7213],[104.2216,2.7317],[104.1848,2.8717]],[[100.2455,5.4678],[100.2039,5.4469],[100.191,5.2829],[100.2638,5.267],[100.3389,5.4101],[100.2455,5.4678]],[[99.848,6.4657],[99.7492,6.4096],[99.6463,6.4184],[99.7438,6.2633],[99.8232,6.3127],[99.8658,6.2971],[99.9187,6.3586],[99.848,6.4657]],[[100.1184,6.4429],[100.3433,5.9842],[100.374,5.778],[100.3526,5.5877],[100.4734,5.0443],[100.6146,4.6522],[100.6146,4.3734],[100.661,4.2257],[100.7955,4.0234],[100.7154,3.9662],[101.2999,3.2533],[101.3543,3.0111],[101.2955,2.8852],[101.5197,2.6836],[101.7812,2.5736],[102.1456,2.2485],[102.5482,2.0424],[102.7271,1.8556],[103.3568,1.5461],[103.4803,1.3295],[103.5498,1.3328],[103.6945,1.4497],[103.9915,1.4548],[103.9814,1.6236],[104.0762,1.5298],[104.1149,1.4123],[104.1764,1.3649],[104.2501,1.3886],[104.2885,1.4807],[104.2186,1.7229],[103.8122,2.5805],[103.5373,2.7748],[103.4395,2.9331],[103.4535,3.5206],[103.362,3.7691],[103.4688,4.3933],[103.4158,4.8503],[103.0971,5.4084],[102.5344,5.8625],[102.3401,6.172],[102.1003,6.2428]]]}},{"type":"Feature","properties":{"name":"Madagascar","aliases":["Madagascar","Republic of Madagascar"],"kind":"country"},"geometry":{"type":"MultiLineString","coordinates":[[[44.4047,-19.9221],[44.4488,-19.4287],[44.2388,-19.0752],[44.2331,-18.7406],[44.04,-18.2885],[44.0137,-17.8045],[43.9436,-17.5814],[43.9794,-17.3916],[44.4214,-16.7026],[44.4425,-16.2437],[44.9092,-16.1745],[45.2229,-15.9505],[45.3422,-16.0367],[45.4863,-15.9858],[45.5982,-15.9926],[45.7002,-15.8138],[46.1575,-15.7383],[46.3141,-15.9046],[46.3996,-15.9246],[46.4416,-15.8959],[46.3413,-15.8134],[46.3314,-15.7137],[46.4751,-15.5135],[46.9423,-15.219],[46.9933,-15.2432],[47.0274,-15.4522],[47.0992,-15.4342],[47.1352,-15.3016],[47.0926,-15.1501],[47.2805,-14.9427],[47.352,-14.7661],[47.4647,-14.7133],[47.4964,-14.8184],[47.4292,-14.9957],[47.4783,-15.0094],[47.5247,-14.9922],[47.774,-14.6367],[47.9642,-14.6726],[47.8115,-14.5448],[47.7733,-14.3699],[47.9955,-13.9604],[47.9014,-13.8582],[47.896,-13.7307],[47.9818,-13.6146],[48.0398,-13.5963],[48.2553,-13.7193],[48.4051,-13.538],[48.6214,-13.426],[48.7965,-13.2675],[48.9194,-12.8391],[48.7863,-12.4709],[48.8039,-12.44],[48.9317,-12.4391],[49.207,-12.0796],[49.2635,-12.0802],[49.5383,-12.4321],[49.9375,-13.0723],[50.1738,-14.0402],[50.2354,-14.732],[50.4413,-15.1493],[50.4827,-15.3856],[50.4046,-15.6291],[50.209,-15.9604],[50.0944,-15.8986],[50.0204,-15.8018],[49.8926,-15.4577],[49.7437,-15.4495],[49.6644,-15.5216],[49.7128,-16.0768],[49.8311,-16.2559],[49.8391,-16.4865],[49.8113,-16.603],[49.734,-16.703],[49.7672,-16.8151],[49.5952,-16.9312],[49.4493,-17.2406],[49.4937,-17.6695],[49.4778,-17.8985],[49.3629,-18.3363],[48.9181,-19.5305],[48.3508,-21.349],[47.9084,-22.4658],[47.8041,-22.9915],[47.558,-23.8746],[47.3726,-24.2185],[47.1773,-24.7872],[47.035,-24.979],[46.7285,-25.1499],[46.3867,-25.1728],[46.1587,-25.2304],[45.508,-25.5632],[45.1152,-25.5431],[44.8129,-25.3342],[44.3459,-25.2261],[44.2562,-25.1169],[44.0354,-24.9957],[43.9096,-24.6406],[43.67,-24.3003],[43.6461,-23.7419],[43.7223,-23.5297],[43.5695,-23.0805],[43.3575,-22.7908],[43.2648,-22.3836],[43.2905,-21.9325],[43.4378,-21.6467],[43.5019,-21.3564],[43.8002,-21.1792],[43.9111,-20.8658],[44.2396,-20.3797],[44.4047,-19.9221]],[[48.3511,-13.3096],[48.3089,-13.1982],[48.2557,-13.2561],[48.1912,-13.26],[48.2119,-13.3853],[48.3436,-13.4004],[48.3511,-13.3096]],[[49.8557,-16.9332],[49.824,-17.0865],[50.023,-16.6953],[49.9859,-16.7124],[49.8557,-16.9332]]]}},{"type":"Feature","properties":{"name":"Lithuania","aliases":["Lithuania","Republic of Lithuania"],"kind":"country"},"geometry":{"type":"MultiLineString","coordinates":[[[21.0459,56.0711],[21.0619,55.8134],[21.2379,55.455],[21.2011,55.3438],[21.2357,55.2631]],[[20.9569,55.278],[21.1039,55.4877],[21.1148,55.6165],[21.0141,55.402],[20.8991,55.286]]]}},{"type":"Feature","properties":{"name":"Libya","aliases":["Libya"],"kind":"country"},"geometry":{"type":"MultiLineString","coordinates":[[[25.151,31.6541],[25.025,31.8834],[24.8785,31.9843],[24.6839,32.016],[24.1297,32.0092],[23.7977,32.1587],[23.2863,32.2138],[23.1062,32.3314],[23.1297,32.4481],[23.0906,32.6187],[22.1874,32.9183],[21.6359,32.9373],[21.4247,32.7992],[21.0623,32.7755],[20.6211,32.5802],[20.3706,32.4308],[20.1215,32.2188],[19.9734,31.9991],[19.9264,31.8175],[19.9612,31.556],[20.1411,31.1955],[20.1115,30.9637],[20.0132,30.8007],[19.7133,30.4884],[19.2917,30.2881],[19.1237,30.2661],[18.9364,30.2904],[18.6698,30.4157],[18.1904,30.7773],[17.8305,30.9276],[16.7815,31.2147],[16.123,31.2645],[15.706,31.4264],[15.4964,31.6568],[15.3631,31.9712],[15.3591,32.1597],[15.1766,32.3912],[14.5134,32.5111],[14.1557,32.7098],[13.5363,32.8243],[13.2835,32.9146],[12.7535,32.8011],[12.2799,32.8585],[11.8135,33.0937],[11.5037,33.1823]]]}},{"type":"Feature","properties":{"name":"Liberia","aliases":["Liberia","Republic of Liberia"],"kind":"country"},"geometry":{"type":"MultiLineString","coordinates":[[[-11.5082,6.9073],[-11.2916,6.6882],[-10.849,6.4651],[-10.7856,6.3102],[-10.2764,6.0776],[-9.1322,5.0546],[-8.259,4.59],[-7.544,4.3515]]]}},{"type":"Feature","properties":{"name":"Lebanon","aliases":["Lebanon","Lebanese Republic"],"kind":"country"},"geometry":{"type":"MultiLineString","coordinates":[[[35.9759,34.6301],[35.9779,34.5474],[35.8043,34.4374],[35.6479,34.2482],[35.6118,34.0322],[35.1083,33.0827]]]}},{"type":"Feature","properties":{"name":"Latvia","aliases":["Latvia","Republic of Latvia"],"kind":"country"},"geometry":{"type":"MultiLineString","coordinates":[[[24.3228,57.8716],[24.3016,57.7841],[24.363,57.6453],[24.3826,57.25],[23.9312,57.0085],[23.6478,56.971],[23.2873,57.0897],[23.1368,57.3238],[22.6486,57.5954],[22.5546,57.7243],[21.7287,57.571],[21.4592,57.3225],[21.3508,57.0177],[21.0713,56.8237],[21.0149,56.2589],[21.0463,56.0691]]]}},{"type":"Feature","properties":{"name":"Kuwait","aliases":["Kuwait","State of Kuwait"],"kind":"country"},"geometry":{"type":"MultiLineString","coordinates":[[[48.3482,29.7827],[48.1848,29.9789],[48.0814,29.7989],[48.1797,29.6114],[48.2183,29.602],[48.3402,29.6947],[48.3482,29.7827]],[[48.443,28.5421],[48.1838,28.9794],[48.0515,29.3554],[47.7227,29.393],[47.9696,29.6167],[48.1435,29.5725],[48.0057,29.8358],[47.9788,29.9838]]]}},{"type":"Feature","properties":{"name":"Kiribati","aliases":["Kiribati","Republic of Kiribati"],"kind":"country"},"geometry":{"type":"MultiLineString","coordinates":[[[-157.3421,1.8556],[-157.3219,1.9686],[-157.4419,2.025],[-157.4922,2.0293],[-157.3652,1.9461],[-157.4358,1.8473],[-157.5315,1.9269],[-157.579,1.9021],[-157.4201,1.7875],[-157.1758,1.7398],[-157.3421,1.8556]],[[-159.409,3.8732],[-159.3778,3.8466],[-159.3542,3.8805],[-159.3063,3.8384],[-159.3587,3.8153],[-159.2748,3.7966],[-159.2593,3.8392],[-159.3391,3.9235],[-159.409,3.8732]],[[172.9625,3.1488],[172.8871,3.1013],[172.9696,3.1292],[172.9625,3.1488]],[[172.7505,3.0331],[172.7703,3.0125],[172.8871,3.074],[172.827,3.0711],[172.7505,3.0331]],[[172.9815,1.897],[172.9348,1.9437],[173.0236,1.8226],[173.0188,1.8457],[172.9815,1.897]],[[173.0377,1.8044],[173.0204,1.7275],[172.9933,1.7131],[173.0294,1.7174],[173.0452,1.7416],[173.0377,1.8044]],[[173.0328,1.0131],[172.99,1.0251],[173.065,0.9627],[172.9911,0.8354],[173.0865,0.9734],[173.0328,1.0131]],[[174.4527,-0.6471],[174.3811,-0.5918],[174.4748,-0.6422],[174.5087,-0.8018],[174.4764,-0.829],[174.4527,-0.6471]],[[174.7666,-1.1871],[174.7168,-1.1337],[174.7789,-1.2634],[174.7732,-1.2119],[174.7666,-1.1871]],[[173.0384,1.3421],[173.0113,1.3384],[173.1719,1.3751],[173.1631,1.3575],[173.0384,1.3421]],[[-172.2147,-4.5026],[-172.2152,-4.5244],[-172.181,-4.5148],[-172.2083,-4.518],[-172.2147,-4.5026]],[[-171.6474,-2.8556],[-171.6284,-2.8559],[-171.6396,-2.8112],[-171.665,-2.7855],[-171.7189,-2.7614],[-171.6474,-2.8556]],[[-171.0917,-3.1251],[-171.081,-3.1204],[-171.0898,-3.1433],[-171.0967,-3.1369],[-171.0917,-3.1251]],[[-171.2524,-4.4416],[-171.2394,-4.4441],[-171.2332,-4.4635],[-171.2618,-4.4598],[-171.2524,-4.4416]],[[-174.5011,-4.6884],[-174.5314,-4.6595],[-174.5408,-4.6573],[-174.5239,-4.6896],[-174.5011,-4.6884]],[[-155.015,-4.048],[-155.0146,-4.0549],[-154.959,-4.0938],[-154.9512,-4.0311],[-155.015,-4.048]],[[-151.8133,-11.3918],[-151.816,-11.4312],[-151.7909,-11.4568],[-151.7911,-11.4144],[-151.8133,-11.3918]],[[-155.9108,-5.6095],[-155.9144,-5.6316],[-155.8638,-5.6267],[-155.8723,-5.6113],[-155.9108,-5.6095]],[[169.5229,-0.8656],[169.5387,-0.8469],[169.5553,-0.8565],[169.5511,-0.8737],[169.5229,-0.8656]]]}},{"type":"Feature","properties":{"name":"Kenya","aliases":["Kenya","Republic of Kenya"],"kind":"country"},"geometry":{"type":"MultiLineString","coordinates":[[[40.9765,-2.1098],[40.9573,-2.1673],[41.1393,-2.0698],[41.086,-2.0365],[40.9765,-2.1098]],[[39.2215,-4.6934],[39.2875,-4.6086],[39.377,-4.6255],[39.4909,-4.4784],[39.8191,-3.786],[39.8609,-3.5768],[39.9917,-3.3507],[40.1154,-3.2506],[40.1947,-3.0192],[40.1798,-2.819],[40.2225,-2.6884],[40.4045,-2.5557],[40.6441,-2.5395],[40.8982,-2.2699],[40.9224,-2.1938],[40.8897,-2.0235],[40.9521,-2.056],[40.9955,-1.9506],[41.1068,-1.9823],[41.2675,-1.945],[41.3869,-1.867],[41.5338,-1.694]]]}},{"type":"Feature","properties":{"name":"Kazakhstan","aliases":["Kazakhstan","Republic of Kazakhstan"],"kind":"country"},"geometry":{"type":"MultiLineString","coordinates":[[[50.0953,44.8306],[49.9951,44.937],[50.023,45.0447],[50.1099,45.0819],[50.0389,44.9491],[50.1845,44.8546],[50.0953,44.8306]],[[50.2949,45.0759],[50.3497,45.083],[50.3309,44.9984],[50.2772,44.9586],[50.2562,45.0224],[50.2949,45.0759]],[[52.6596,45.5181],[52.6089,45.528],[52.5543,45.474],[52.6648,45.4013],[52.693,45.4607],[52.6596,45.5181]],[[49.2325,46.3362],[49.2057,46.3857],[49.2858,46.4368],[49.3621,46.4102],[49.3475,46.5191],[49.8863,46.5957],[50.4193,46.8795],[50.5829,46.8823],[50.92,47.0407],[51.178,47.1102],[51.6152,47.0299],[51.7445,46.9337],[52.0111,46.9019],[52.1383,46.8286],[52.3403,46.8948],[52.4832,46.9907],[52.916,46.9544],[53.0694,46.8561],[53.1702,46.669],[53.064,46.4753],[53.109,46.4141],[53.1353,46.1917],[53.0416,45.9679],[52.7738,45.5728],[52.8375,45.4967],[53.2004,45.332],[52.9107,45.3197],[52.4268,45.4046],[51.7326,45.3995],[51.5396,45.3429],[51.4157,45.3579],[51.294,45.2298],[51.2499,45.1217],[51.0403,44.9803],[51.0094,44.9218],[51.0579,44.8116],[51.3103,44.6187],[51.4311,44.602],[51.5436,44.531],[51.1771,44.5014],[50.8604,44.6288],[50.4095,44.624],[50.2975,44.5815],[50.2529,44.4615],[50.2756,44.3551],[50.3312,44.3255],[50.685,44.2651],[50.8308,44.1928],[51.0648,43.7501],[51.3018,43.4824],[51.2954,43.1741],[51.616,43.1584],[51.8982,42.8696],[52.1837,42.8687],[52.273,42.7998],[52.4939,42.8203],[52.5966,42.7602],[52.6385,42.5557],[52.6184,42.4282],[52.4621,42.1006],[52.4943,41.7795]]]}},{"type":"Feature","properties":{"name":"Jordan","aliases":["Jordan","Hashemite Kingdom of Jordan"],"kind":"country"},"geometry":{"type":"MultiLineString","coordinates":[[[34.9726,29.554],[34.9505,29.3525]]]}},{"type":"Feature","properties":{"name":"Japan","aliases":["Japan"],"kind":"country"},"geometry":{"type":"MultiLineString","coordinates":[[[145.2141,43.5782],[145.1011,43.7646],[145.1264,43.8694],[145.352,44.2298],[145.3695,44.3274],[144.8719,43.9819],[144.7152,43.928],[144.4818,43.9496],[144.1014,44.1016],[143.7591,44.1316],[142.8848,44.6701],[142.416,45.125],[141.9377,45.5095],[141.8295,45.4388],[141.668,45.4013],[141.5938,45.256],[141.583,45.156],[141.719,44.9411],[141.7822,44.7164],[141.7609,44.4825],[141.6608,44.2636],[141.6447,44.0194],[141.3977,43.6426],[141.4123,43.3815],[141.3741,43.2796],[141.2963,43.1997],[141.1382,43.1799],[140.8191,43.2055],[140.4869,43.3382],[140.3924,43.3031],[140.3975,43.1673],[140.4864,43.0499],[140.4322,42.9541],[140.1146,42.733],[139.8911,42.6492],[139.8285,42.4481],[139.8354,42.2781],[140.0568,42.0673],[140.1084,41.9129],[140.0213,41.6958],[140.0092,41.5213],[140.0852,41.4341],[140.1486,41.4232],[140.385,41.5193],[140.4892,41.6722],[140.6599,41.8156],[140.9995,41.7374],[141.151,41.8051],[140.7338,42.1164],[140.5275,42.1318],[140.3267,42.2934],[140.3506,42.4351],[140.4805,42.5594],[140.7098,42.5556],[140.9861,42.3421],[141.4066,42.5469],[141.8514,42.5791],[142.5082,42.258],[143.2365,42.0002],[143.3137,42.0843],[143.3321,42.2204],[143.4295,42.4189],[143.581,42.5987],[143.9693,42.8814],[144.1973,42.9736],[144.6308,42.9469],[144.9214,43.0009],[145.3475,43.1767],[145.5051,43.1742],[145.6242,43.2913],[145.833,43.3859],[145.6736,43.3889],[145.4879,43.2797],[145.3408,43.3025],[145.2141,43.5782]],[[133.1424,34.3024],[133.0189,34.3296],[132.6565,34.2461],[132.4213,34.3534],[132.3126,34.325],[132.2381,34.227],[132.1465,33.8388],[131.7405,34.0521],[131.2326,33.948],[131.0719,34.0207],[130.9188,33.9757],[130.8893,34.2618],[131.0042,34.3926],[131.3544,34.4132],[131.608,34.6155],[131.8561,34.7263],[132.2596,35.0223],[132.619,35.3068],[132.6977,35.4183],[132.9229,35.5113],[133.2672,35.5565],[133.3765,35.4588],[133.6154,35.5114],[133.9812,35.5072],[135.1743,35.7471],[135.2654,35.7218],[135.232,35.5919],[135.327,35.5255],[135.6803,35.5031],[135.795,35.5495],[136.0953,35.7676],[136.0223,35.8741],[136.0062,35.9906],[136.0675,36.1168],[136.359,36.3618],[136.6981,36.742],[136.7493,36.951],[136.7192,37.1984],[136.8435,37.3821],[137.3227,37.5221],[137.3375,37.4375],[137.1521,37.2832],[136.924,37.172],[136.8999,37.1177],[136.9944,37.0268],[137.0167,36.8372],[137.2463,36.7532],[137.3426,36.7704],[137.5141,36.9516],[138.3199,37.2184],[138.6328,37.4722],[138.8851,37.8439],[139.3639,38.099],[139.5208,38.5025],[139.802,38.8816],[139.9123,39.2286],[140.0365,39.4111],[140.0647,39.6244],[140.0547,39.7493],[139.9947,39.8551],[139.7415,39.9209],[139.7555,39.9589],[139.908,40.0217],[140.0111,40.2604],[139.9229,40.5984],[140.0293,40.7332],[140.2013,40.7749],[140.2812,40.8461],[140.3436,41.0057],[140.3152,41.1609],[140.3444,41.2033],[140.3859,41.2298],[140.6276,41.1954],[140.6794,40.8933],[140.7486,40.8303],[140.936,40.9408],[141.1186,40.8823],[141.2254,40.9885],[141.2621,41.1027],[141.2442,41.2056],[141.2004,41.2436],[140.8006,41.1388],[140.8019,41.2537],[140.8915,41.4798],[140.9369,41.5056],[141.0502,41.4757],[141.2688,41.3538],[141.4555,41.4047],[141.4,41.0963],[141.4305,40.7233],[141.4628,40.6111],[141.6463,40.4736],[141.7971,40.2912],[141.9908,39.7922],[141.977,39.4288],[141.9008,39.1113],[141.6586,38.9749],[141.5463,38.7628],[141.4675,38.4042],[141.1084,38.3379],[140.9621,38.1489],[140.9279,37.9496],[141.0363,37.4672],[141.0017,37.1146],[140.9684,37.0021],[140.7918,36.8469],[140.7299,36.7319],[140.6273,36.5028],[140.5735,36.2313],[140.622,36.0592],[140.874,35.725],[140.6393,35.6613],[140.4574,35.5103],[140.4165,35.267],[140.3547,35.1814],[140.0592,35.0383],[139.9204,34.8996],[139.8439,34.9149],[139.7992,34.9569],[139.8433,35.0099],[139.8265,35.2967],[140.0969,35.5852],[139.9875,35.6682],[139.8348,35.6581],[139.7863,35.6121],[139.7678,35.4948],[139.65,35.4091],[139.6655,35.3195],[139.744,35.2524],[139.675,35.1493],[139.6359,35.1421],[139.4744,35.2985],[139.2494,35.278],[139.1341,35.1549],[139.086,34.8392],[138.9826,34.6984],[138.8375,34.6192],[138.761,34.6992],[138.8027,34.9748],[138.9036,35.0252],[138.7196,35.1241],[138.5771,35.0865],[138.2532,34.7327],[138.1891,34.5963],[137.5434,34.6642],[137.0617,34.5828],[137.0771,34.6214],[137.2878,34.7035],[137.2752,34.7725],[137.0322,34.7659],[136.9633,34.8349],[136.9441,34.7215],[136.8713,34.7331],[136.8529,34.9787],[136.8971,35.0355],[136.8042,35.0503],[136.69,34.9841],[136.533,34.6784],[136.6158,34.5891],[136.8803,34.4336],[136.8537,34.3241],[136.3299,34.1769],[135.9162,33.5617],[135.6953,33.487],[135.4528,33.5534],[135.1279,34.007],[135.1001,34.2884],[135.3848,34.5004],[135.4159,34.6175],[135.3552,34.6543],[135.0417,34.631],[134.74,34.7652],[134.4723,34.7548],[134.2083,34.6977],[133.8764,34.4946],[133.4453,34.4332],[133.1424,34.3024]],[[134.6953,33.9277],[134.6353,34.0439],[134.6375,34.2266],[134.4957,34.2147],[134.0759,34.3584],[133.9483,34.348],[133.7063,34.2374],[133.6026,34.2438],[133.6435,34.1347],[133.6268,34.0694],[133.4721,33.9728],[133.1337,33.9273],[132.9901,34.0881],[132.9352,34.0953],[132.7843,33.9924],[132.6431,33.6899],[132.0326,33.34],[132.4128,33.4305],[132.4052,33.3312],[132.5114,33.2931],[132.4278,33.0594],[132.4926,33.0077],[132.4951,32.9166],[132.709,32.9025],[132.6418,32.7625],[132.8699,32.7546],[132.9772,32.842],[133.016,32.9839],[133.1456,33.0832],[133.2859,33.36],[133.632,33.511],[133.9587,33.4483],[134.1816,33.2472],[134.2427,33.4395],[134.3771,33.6084],[134.7389,33.8205],[134.6748,33.8478],[134.6953,33.9277]],[[131.9767,32.8439],[132.0086,32.919],[131.9104,32.9737],[131.9493,33.0471],[131.8479,33.1181],[131.8966,33.2546],[131.5374,33.2741],[131.7106,33.5023],[131.6963,33.6028],[131.583,33.6524],[131.366,33.5709],[131.1746,33.6026],[131.0581,33.6729],[130.9531,33.872],[130.8396,33.9178],[130.7156,33.9278],[130.4838,33.8346],[130.365,33.6345],[130.168,33.5983],[130.0721,33.5218],[129.8257,33.437],[129.8441,33.3218],[129.66,33.365],[129.6102,33.3437],[129.5801,33.2363],[129.8968,33.0224],[129.9917,32.8516],[129.8283,32.8927],[129.6791,33.06],[129.69,32.8752],[129.8268,32.7253],[129.7686,32.571],[130.0541,32.7708],[130.2455,32.6771],[130.3404,32.7019],[130.3608,32.7559],[130.3265,32.8526],[130.175,32.8513],[130.1731,33.013],[130.1269,33.1048],[130.2375,33.1776],[130.3817,33.0926],[130.4404,32.9514],[130.5473,32.8316],[130.5694,32.7341],[130.4979,32.6569],[130.6405,32.6192],[130.3949,32.219],[130.1944,32.0908],[130.1879,31.7688],[130.322,31.6015],[130.2941,31.4507],[130.1473,31.4085],[130.2007,31.2919],[130.5888,31.1785],[130.6445,31.2675],[130.5404,31.4031],[130.5561,31.5631],[130.6551,31.7184],[130.7763,31.7063],[130.7963,31.6241],[130.7042,31.5774],[130.7897,31.2691],[130.6857,31.0151],[130.9022,31.1121],[131.0984,31.2562],[131.0352,31.3777],[131.0708,31.4369],[131.3372,31.4047],[131.46,31.6708],[131.4603,31.8835],[131.6604,32.4656],[131.7321,32.5928],[131.9767,32.8439]],[[134.1821,34.5192],[134.2519,34.423],[134.3723,34.5224],[134.326,34.5344],[134.1821,34.5192]],[[124.1702,24.4519],[124.1204,24.4696],[124.0848,24.4358],[124.1357,24.3476],[124.1856,24.3351],[124.2343,24.3581],[124.324,24.5664],[124.302,24.5871],[124.1702,24.4519]],[[123.7523,24.3485],[123.6807,24.288],[123.8887,24.2801],[123.9349,24.362],[123.7715,24.4145],[123.7523,24.3485]],[[125.3149,24.8524],[125.2836,24.8719],[125.2689,24.7325],[125.4441,24.7432],[125.3149,24.8524]],[[128.2549,26.8819],[128.0977,26.6678],[128.0468,26.6433],[127.9072,26.6936],[127.8908,26.6311],[127.9455,26.5939],[127.8204,26.4661],[127.7289,26.4339],[127.7271,26.3079],[127.6549,26.1992],[127.6531,26.0947],[127.7294,26.0972],[127.8036,26.1525],[127.7901,26.2551],[127.9048,26.3281],[127.8671,26.4425],[128.127,26.5522],[128.3109,26.7207],[128.3316,26.8121],[128.2549,26.8819]],[[128.9517,27.9103],[128.8828,27.8424],[128.9,27.7278],[128.9563,27.7025],[129.0164,27.7702],[128.9517,27.9103]],[[129.598,28.4759],[129.5097,28.3975],[129.3225,28.3596],[129.1646,28.2498],[129.3664,28.1277],[129.4525,28.209],[129.4567,28.2723],[129.7104,28.4321],[129.6896,28.5175],[129.598,28.4759]],[[129.2574,28.1762],[129.1925,28.1925],[129.2324,28.1011],[129.3306,28.0816],[129.2574,28.1762]],[[130.4972,30.4655],[130.3881,30.3882],[130.4456,30.2647],[130.6228,30.263],[130.6732,30.3669],[130.4972,30.4655]],[[130.9474,30.6712],[130.9399,30.5751],[130.8722,30.3863],[130.9598,30.3969],[131.0574,30.6425],[131.0604,30.8285],[130.9474,30.6712]],[[128.8386,32.7629],[128.6653,32.7839],[128.6573,32.6284],[128.7505,32.5861],[128.7904,32.6367],[128.8945,32.6521],[128.8386,32.7629]],[[130.0098,32.5216],[129.9793,32.3462],[130.0173,32.2918],[129.9602,32.2437],[130.0035,32.194],[130.1995,32.3406],[130.1678,32.5412],[130.0098,32.5216]],[[130.2417,32.4628],[130.2926,32.4193],[130.3811,32.4237],[130.4614,32.5157],[130.3654,32.5272],[130.2417,32.4628]],[[133.2062,36.2934],[133.1899,36.2326],[133.2393,36.1788],[133.3247,36.1665],[133.3705,36.2039],[133.3812,36.2464],[133.2957,36.3401],[133.2062,36.2934]],[[138.5101,38.259],[138.5036,38.3159],[138.25,38.0785],[138.2462,37.9946],[138.3223,37.9695],[138.2828,37.8542],[138.2252,37.8294],[138.344,37.8221],[138.497,37.9039],[138.5752,38.0655],[138.4536,38.0757],[138.5101,38.259]],[[139.4313,42.1996],[139.4346,42.0841],[139.4812,42.081],[139.5584,42.2352],[139.4313,42.1996]],[[140.9717,45.4655],[140.9821,45.3638],[141.034,45.2693],[141.0728,45.3329],[141.0567,45.4496],[140.9717,45.4655]],[[141.2519,45.2325],[141.1937,45.2479],[141.1354,45.2062],[141.1453,45.1539],[141.2954,45.1193],[141.3292,45.1505],[141.2519,45.2325]],[[139.7757,33.0782],[139.8238,33.0455],[139.8736,33.0935],[139.7774,33.1251],[139.7757,33.0782]],[[139.37,34.7754],[139.3669,34.7205],[139.4457,34.6795],[139.4262,34.7759],[139.37,34.7754]],[[134.8343,34.4727],[134.6679,34.2941],[134.7307,34.2089],[134.8244,34.2029],[134.9328,34.2881],[134.9055,34.3983],[135.0047,34.544],[134.8343,34.4727]],[[129.1236,33.0677],[129.1098,33.1326],[128.9973,32.9519],[129.052,32.8295],[129.1819,32.9931],[129.1236,33.0677]],[[129.4619,33.3312],[129.417,33.2311],[129.3704,33.176],[129.4918,33.223],[129.5699,33.361],[129.4619,33.3312]],[[129.7173,33.8584],[129.6748,33.7397],[129.7266,33.7073],[129.7957,33.7488],[129.7764,33.8292],[129.7173,33.8584]],[[129.2148,34.3207],[129.1864,34.145],[129.2145,34.0828],[129.2795,34.1234],[129.3371,34.2848],[129.2148,34.3207]],[[129.4511,34.6866],[129.3259,34.6073],[129.2667,34.3705],[129.3653,34.3055],[129.3814,34.4165],[129.4754,34.5404],[129.4511,34.6866]],[[132.5784,34.1152],[132.5435,34.1727],[132.4609,34.0873],[132.5494,34.0751],[132.5784,34.1152]],[[132.36,33.847],[132.4449,33.9132],[132.208,33.9478],[132.2088,33.8729],[132.36,33.847]],[[129.7068,31.7183],[129.6868,31.6396],[129.7937,31.7425],[129.7873,31.7871],[129.7068,31.7183]],[[142.1617,26.71],[142.1071,26.7215],[142.1882,26.6165],[142.2021,26.6488],[142.1617,26.71]]]}},{"type":"Feature","properties":{"name":"Jamaica","aliases":["Jamaica"],"kind":"country"},"geometry":{"type":"MultiLineString","coordinates":[[[-76.3499,18.1519],[-76.7007,18.2572],[-76.9082,18.3904],[-77.8734,18.5222],[-77.9782,18.4678],[-78.2167,18.4481],[-78.326,18.3498],[-78.3395,18.2872],[-78.2941,18.2181],[-78.0445,18.1738],[-77.963,18.0476],[-77.8813,18.019],[-77.7682,17.8774],[-77.3614,17.8337],[-77.205,17.7149],[-77.1195,17.8801],[-77.0713,17.9013],[-77.0359,17.8541],[-76.9441,17.8488],[-76.8532,17.9737],[-76.5246,17.8662],[-76.2108,17.9135],[-76.3499,18.1519]]]}},{"type":"Feature","properties":{"name":"Italy","aliases":["Italy","Italian Republic"],"kind":"country"},"geometry":{"type":"MultiLineString","coordinates":[[[9.682,40.8181],[9.5537,40.9321],[9.6153,41.0173],[9.4552,41.1501],[9.283,41.2017],[9.2284,41.2571],[8.8212,40.9499],[8.5719,40.8502],[8.3633,40.8463],[8.2242,40.9133],[8.1899,40.6516],[8.3532,40.5005],[8.4713,40.2927],[8.4708,40.1307],[8.4086,40.0376],[8.4078,39.9172],[8.4959,39.8975],[8.5478,39.8392],[8.5405,39.7316],[8.4512,39.7217],[8.4471,39.5628],[8.3991,39.4816],[8.4182,39.2057],[8.6485,38.9266],[8.8813,38.9129],[8.9666,38.9637],[9.0227,39.0433],[9.0563,39.2392],[9.1493,39.197],[9.2642,39.2168],[9.4863,39.1396],[9.5625,39.166],[9.7067,40.017],[9.643,40.2684],[9.8053,40.4996],[9.682,40.8181]],[[15.3407,38.2173],[15.2796,38.2304],[15.1188,38.1527],[14.7896,38.167],[14.506,38.0455],[14.2877,38.0168],[14.05,38.0405],[13.7889,37.9812],[13.2911,38.1915],[13.16,38.1903],[13.0568,38.1309],[13.049,38.0841],[12.9027,38.0349],[12.7344,38.1831],[12.5477,38.0529],[12.4355,37.8198],[12.5268,37.6695],[12.6402,37.5943],[12.9241,37.5705],[13.1699,37.4793],[13.8006,37.1359],[13.9055,37.1006],[14.143,37.1037],[14.2591,37.0464],[14.3673,36.9729],[14.5019,36.7987],[14.776,36.7104],[15.1126,36.6878],[15.1158,36.8393],[15.2945,37.0133],[15.2957,37.0552],[15.1741,37.2092],[15.2303,37.2443],[15.117,37.3347],[15.0995,37.4586],[15.2345,37.7848],[15.6347,38.2676],[15.4987,38.2909],[15.3407,38.2173]],[[13.8712,40.7618],[13.8677,40.7087],[13.9608,40.7182],[13.9621,40.7394],[13.8712,40.7618]],[[11.948,36.8431],[11.9406,36.7804],[12.0513,36.757],[12.0242,36.8209],[11.948,36.8431]],[[10.359,42.8223],[10.1275,42.8103],[10.1098,42.7851],[10.1312,42.742],[10.3356,42.7611],[10.4193,42.7132],[10.4283,42.8192],[10.3951,42.8582],[10.359,42.8223]],[[8.3668,39.1159],[8.3609,39.0387],[8.4215,38.9687],[8.4789,39.0675],[8.3668,39.1159]],[[8.3438,41.1016],[8.2674,41.0991],[8.2057,40.9975],[8.2527,40.9941],[8.3438,41.1016]],[[7.4922,43.7668],[8.005,43.8768],[8.552,44.3461],[8.7658,44.4223],[9.2894,44.3192],[9.7309,44.1012],[10.1881,43.9475],[10.2458,43.8521],[10.3205,43.5131],[10.4476,43.3712],[10.5208,43.2038],[10.5148,42.9675],[10.7084,42.9363],[10.8031,42.8043],[10.9378,42.7387],[11.1678,42.5352],[11.1848,42.4566],[11.1032,42.4166],[11.1412,42.3899],[11.2963,42.4233],[11.6373,42.2875],[11.807,42.082],[12.0753,41.9409],[12.6309,41.4697],[12.8492,41.4087],[13.0887,41.2438],[13.2469,41.2889],[13.7334,41.2356],[13.8598,41.13],[14.0477,40.8703],[14.0443,40.8123],[14.3089,40.8126],[14.4605,40.7287],[14.3399,40.5988],[14.7657,40.6684],[14.8396,40.63],[14.9477,40.4693],[14.9861,40.3775],[14.9291,40.3096],[14.9509,40.239],[15.2945,40.07],[15.5852,40.0528],[15.6928,39.9902],[16.0236,39.3536],[16.1074,39.0238],[16.21,38.9411],[16.1968,38.7592],[15.9724,38.7126],[15.8789,38.6139],[15.9048,38.4835],[15.8224,38.303],[15.7002,38.2623],[15.6431,38.1754],[15.6458,38.0342],[15.7245,37.9391],[16.0568,37.9418],[16.2824,38.2496],[16.5456,38.4091],[16.559,38.7148],[16.6167,38.8001],[16.7555,38.8897],[16.9515,38.9398],[17.0985,38.9193],[17.1746,38.9981],[17.1229,39.1366],[17.1146,39.3806],[16.8243,39.5783],[16.5978,39.6389],[16.5219,39.7476],[16.53,39.8597],[16.6696,40.1372],[16.9282,40.4581],[17.0312,40.5135],[17.18,40.5028],[17.2577,40.3991],[17.3958,40.3402],[17.865,40.2802],[18.0779,39.937],[18.3438,39.8214],[18.4858,40.1048],[18.4606,40.221],[18.3282,40.3708],[17.955,40.6552],[17.4742,40.8406],[17.1034,41.0622],[16.5519,41.232],[16.0126,41.4354],[15.9005,41.5121],[15.9138,41.6208],[16.1513,41.7585],[16.1892,41.814],[16.1646,41.8962],[15.9641,41.9395],[15.1687,41.934],[14.8661,42.0525],[14.5407,42.2443],[14.1827,42.5064],[14.0104,42.6896],[13.8047,43.1804],[13.5642,43.5713],[13.2953,43.6861],[12.907,43.9212],[12.6911,43.9947],[12.3963,44.2239],[12.305,44.4294],[12.2483,44.7225],[12.2789,44.8322],[12.3845,44.7983],[12.4636,44.8452],[12.5234,44.968],[12.3925,45.0398],[12.2863,45.2077],[12.2257,45.2415],[12.2743,45.446],[12.4918,45.5463],[12.5361,45.5449],[12.4321,45.4679],[13.0303,45.6375],[13.2063,45.7714],[13.4651,45.71],[13.6283,45.7709],[13.7833,45.6272],[13.719,45.5871]]]}},{"type":"Feature","properties":{"name":"Israel","aliases":["Israel","State of Israel"],"kind":"country"},"geometry":{"type":"MultiLineString","coordinates":[[[35.1092,33.0847],[34.6784,31.8957],[34.4767,31.5841]],[[34.9035,29.4767],[34.9736,29.5537]]]}},{"type":"Feature","properties":{"name":"Palestine","aliases":["Palestine","West Bank and Gaza"],"kind":"country"},"geometry":{"type":"MultiLineString","coordinates":[[[34.478,31.5856],[34.1974,31.3219]]]}},{"type":"Feature","properties":{"name":"Ireland","aliases":["Ireland"],"kind":"country"},"geometry":{"type":"MultiLineString","coordinates":[[[-9.5424,51.6645],[-9.5798,51.6893],[-10.1208,51.6007],[-9.7495,51.8243],[-9.5988,51.8744],[-10.0842,51.771],[-10.3411,51.7989],[-10.3787,51.8687],[-9.9097,52.1229],[-10.3902,52.1349],[-10.3826,52.1691],[-10.2109,52.2717],[-9.7721,52.2501],[-9.9061,52.4037],[-9.6322,52.5469],[-8.7834,52.6796],[-8.9903,52.7554],[-9.1754,52.6349],[-9.3942,52.6171],[-9.561,52.654],[-9.7644,52.58],[-9.9166,52.5697],[-9.4649,52.8232],[-9.3937,52.8962],[-9.462,52.9473],[-9.2992,53.0976],[-8.9301,53.2071],[-9.1403,53.2505],[-9.5142,53.2382],[-9.626,53.3345],[-9.8758,53.3427],[-9.7954,53.395],[-10.0913,53.4128],[-10.0544,53.4783],[-10.117,53.5485],[-9.7207,53.6045],[-9.9097,53.6576],[-9.9016,53.7272],[-9.5782,53.8054],[-9.5789,53.8798],[-9.9141,53.8637],[-9.8564,54.0954],[-9.9345,54.0752],[-9.9771,54.1871],[-10.0927,54.1558],[-10.0897,54.2158],[-9.9959,54.276],[-9.5623,54.3085],[-9.3155,54.2986],[-9.1459,54.2096],[-9.0024,54.288],[-8.5456,54.2412],[-8.6231,54.3469],[-8.471,54.4419],[-8.2304,54.5073],[-8.1334,54.6408],[-8.4565,54.6093],[-8.7639,54.6812],[-8.3773,54.8895],[-8.4117,54.9651],[-8.3933,55.0204],[-8.2746,55.1463],[-8.0061,55.1953],[-7.7505,55.1858],[-7.7625,55.2483],[-7.6671,55.2565],[-7.5566,55.1222],[-7.6343,55.055],[-7.5898,55.025],[-7.6587,54.9709],[-7.4784,55.047],[-7.5179,55.2479],[-7.3018,55.2988],[-7.366,55.3602],[-7.2467,55.353],[-6.9617,55.2379],[-7.2179,55.0913]],[[-6.2156,54.088],[-6.1569,54.0172],[-6.3076,54.011],[-6.3476,53.9413],[-6.1418,53.5775],[-6.1517,53.3664],[-6.045,53.0912],[-6.0274,52.9271],[-6.1693,52.7381],[-6.2172,52.5431],[-6.3454,52.402],[-6.4632,52.3454],[-6.325,52.2467],[-6.5611,52.1888],[-6.7822,52.2105],[-6.8902,52.1592],[-6.9658,52.2495],[-7.0033,52.1659],[-7.5273,52.0989],[-7.6249,51.9931],[-7.8722,51.9353],[-8.0578,51.8256],[-8.145,51.8135],[-8.2902,51.8907],[-8.4092,51.8888],[-8.3474,51.8477],[-8.3491,51.7393],[-8.8134,51.5849],[-9.2965,51.4982],[-9.4629,51.5291],[-9.8354,51.4834],[-9.7104,51.6037],[-9.5424,51.6645]],[[-10.1398,54.0053],[-10.2658,53.9777],[-10.0623,53.9598],[-9.9525,53.8846],[-9.9562,53.9874],[-10.1398,54.0053]]]}},{"type":"Feature","properties":{"name":"Iraq","aliases":["Iraq","Republic of Iraq"],"kind":"country"},"geometry":{"type":"MultiLineString","coordinates":[[[47.9786,29.9818],[47.9825,30.0113],[48.1417,30.0409],[48.3546,29.9567],[48.5475,29.9626]]]}},{"type":"Feature","properties":{"name":"Iran","aliases":["Iran","Islamic Republic of Iran"],"kind":"country"},"geometry":{"type":"MultiLineString","coordinates":[[[56.0741,26.9834],[55.9071,26.9098],[55.7576,26.9477],[55.7626,26.812],[55.347,26.6479],[55.2965,26.6576],[55.3115,26.5926],[55.4237,26.5831],[55.8477,26.7308],[55.9543,26.7011],[56.188,26.9211],[56.2794,26.9521],[56.214,27.0033],[56.0741,26.9834]],[[53.9139,37.3445],[54.0238,36.9013],[53.9701,36.8183],[53.6795,36.8531],[53.9154,36.9303],[53.7677,36.9303],[52.1901,36.6217],[51.762,36.6145],[51.1186,36.7426],[50.5332,37.0137],[50.3379,37.1492],[50.1305,37.4071],[49.3725,37.52],[49.081,37.6676],[48.9251,38.0151],[48.8687,38.4365]],[[48.5451,29.962],[48.6709,30.0283],[48.8701,30.0624],[48.9191,30.1209],[48.8912,30.3276],[48.9168,30.3973],[49.0371,30.4505],[49.002,30.5065],[49.2245,30.4723],[49.2473,30.4125],[49.1903,30.3754],[49.0962,30.4068],[49.002,30.3739],[49.0543,30.3069],[49.43,30.1305],[49.5549,30.029],[49.9831,30.2094],[50.0716,30.1985],[50.1689,29.9212],[50.6496,29.4201],[50.6752,29.1466],[50.8758,29.0627],[50.843,28.9278],[50.867,28.8702],[51.062,28.7261],[51.0938,28.5121],[51.2761,28.2188],[51.2789,28.1313],[51.5891,27.8642],[52.0308,27.8244],[52.1919,27.7173],[52.4759,27.6165],[52.6026,27.4934],[52.6916,27.3234],[52.9825,27.1419],[53.455,26.9433],[53.5071,26.8518],[53.7058,26.7256],[54.0693,26.7324],[54.2471,26.6966],[54.6449,26.5089],[54.7593,26.5051],[55.2941,26.7859],[55.424,26.7706],[55.6503,26.9775],[55.9411,27.0376],[56.1181,27.1431],[56.3562,27.2002],[56.7281,27.1277],[56.9104,26.9946],[57.036,26.8007],[57.1043,26.3714],[57.2014,26.1588],[57.2056,26.0372],[57.3346,25.7916],[57.7325,25.7249],[57.7961,25.653],[57.9366,25.6916],[58.2029,25.5916],[58.7979,25.5546],[59.0461,25.4173],[59.4561,25.4815],[59.616,25.4033],[59.8184,25.4009],[59.8971,25.3618],[60.0247,25.3841],[60.4002,25.3116],[60.5105,25.4371],[60.5875,25.4135],[60.6639,25.2822],[61.243,25.142],[61.4122,25.1021],[61.5356,25.1948]]]}},{"type":"Feature","properties":{"name":"Indonesia","aliases":["Indonesia","Republic of Indonesia"],"kind":"country"},"geometry":{"type":"MultiLineString","coordinates":[[[127.3727,0.7913],[127.3538,0.8475],[127.2928,0.8425],[127.3061,0.7694],[127.3727,0.7913]],[[127.6874,-0.0799],[127.7087,0.2881],[127.5554,0.4896],[127.5371,0.6109],[127.608,0.8482],[127.5204,0.924],[127.4203,1.252],[127.5371,1.4675],[127.5347,1.5721],[127.6317,1.8437],[127.8999,2.1374],[128.0364,2.199],[128.0312,2.1199],[127.9067,1.9457],[127.8868,1.833],[128.0109,1.7012],[128.0117,1.3317],[127.8854,1.1628],[127.6528,1.0139],[127.6344,0.9361],[127.7327,0.8481],[127.8811,0.8321],[127.9673,1.0426],[128.1607,1.1578],[128.1574,1.3166],[128.2225,1.4006],[128.4241,1.5175],[128.6884,1.5726],[128.7026,1.1064],[128.2988,0.8768],[128.2606,0.7338],[128.6112,0.55],[128.6916,0.3604],[128.8154,0.3054],[128.8996,0.2163],[128.4465,0.3916],[127.9831,0.4719],[127.9244,0.4381],[127.889,0.0495],[127.9778,-0.2483],[128.2535,-0.7316],[128.4255,-0.8927],[128.2781,-0.87],[128.2334,-0.7877],[128.0464,-0.7061],[127.889,-0.4235],[127.6916,-0.2419],[127.6874,-0.0799]],[[138.7698,-7.3904],[138.5438,-7.3796],[138.2955,-7.4385],[138.0818,-7.5662],[137.8325,-7.9322],[137.6504,-8.3861],[138.2963,-8.4052],[138.5354,-8.2736],[138.7859,-8.0591],[138.9891,-7.6961],[138.9626,-7.588],[138.7698,-7.3904]],[[130.7734,-3.4188],[130.6711,-3.3915],[130.5699,-3.1309],[130.3791,-2.9894],[129.9844,-2.9767],[129.4842,-2.7857],[129.1744,-2.9335],[129.1163,-2.937],[129.0577,-2.8385],[128.9911,-2.8285],[128.1985,-2.8659],[127.8779,-3.2221],[127.9279,-3.3414],[127.9204,-3.5061],[128.0821,-3.1841],[128.132,-3.1574],[128.28,-3.2405],[128.4192,-3.416],[128.5166,-3.4491],[128.639,-3.4334],[128.8625,-3.235],[128.9578,-3.2411],[128.9675,-3.3261],[129.4677,-3.4532],[129.5217,-3.4337],[129.5117,-3.3285],[129.8441,-3.3271],[130.0195,-3.4747],[130.8051,-3.8577],[130.86,-3.5703],[130.7734,-3.4188]],[[127.1635,-3.3381],[127.0255,-3.166],[126.8083,-3.0691],[126.5551,-3.0652],[126.2196,-3.1481],[126.0883,-3.1055],[126.0265,-3.1705],[126.0565,-3.421],[126.1783,-3.5794],[126.6863,-3.8236],[126.9409,-3.7646],[127.0851,-3.6709],[127.2296,-3.633],[127.2273,-3.391],[127.1635,-3.3381]],[[122.9783,-8.152],[122.8457,-8.0933],[122.7924,-8.1266],[122.7586,-8.1859],[122.9191,-8.2219],[122.8505,-8.3044],[122.5559,-8.4315],[122.4335,-8.6008],[122.3232,-8.6283],[121.9665,-8.4552],[121.4445,-8.5778],[121.0087,-8.3655],[120.7514,-8.3215],[120.6103,-8.2404],[120.3541,-8.2578],[119.9638,-8.4355],[119.8748,-8.4198],[119.8079,-8.6977],[119.9094,-8.8576],[120.1209,-8.777],[120.3195,-8.8203],[120.5505,-8.8019],[121.0353,-8.9354],[121.1908,-8.8955],[121.3283,-8.9169],[121.4146,-8.8148],[121.5846,-8.8206],[121.6514,-8.8987],[121.8387,-8.8604],[122.0941,-8.7447],[122.4702,-8.7255],[122.82,-8.5957],[122.8468,-8.5622],[122.8111,-8.4812],[123.006,-8.3291],[122.9783,-8.152]],[[120.7004,-9.9031],[120.5037,-9.674],[120.2911,-9.6479],[120.2211,-9.5063],[120.0576,-9.4197],[119.9421,-9.3015],[119.7951,-9.3805],[119.6147,-9.3524],[119.1856,-9.3845],[119.0314,-9.4402],[118.9588,-9.5193],[119.0854,-9.7069],[119.3626,-9.7718],[119.6011,-9.7735],[119.9307,-9.9665],[120.1448,-10.2001],[120.4392,-10.294],[120.698,-10.2066],[120.8042,-10.1085],[120.8326,-10.0375],[120.7004,-9.9031]],[[119.0438,-8.4567],[118.9878,-8.3377],[118.9262,-8.2977],[118.7483,-8.3312],[118.7139,-8.4149],[118.6706,-8.3234],[118.5521,-8.2704],[118.2924,-8.3572],[118.1175,-8.1223],[117.921,-8.0891],[117.7553,-8.1495],[117.7664,-8.279],[117.9791,-8.4589],[118.174,-8.5275],[118.2349,-8.5919],[118.206,-8.6521],[118.1041,-8.6503],[117.9695,-8.728],[117.8061,-8.7111],[117.5671,-8.4264],[117.3566,-8.4285],[117.1648,-8.3672],[116.9531,-8.5034],[116.8351,-8.5324],[116.7831,-8.6646],[116.8069,-8.8109],[116.768,-8.9555],[116.7885,-9.0063],[117.0613,-9.099],[117.2103,-9.0341],[117.3879,-9.0319],[117.7316,-8.9199],[117.8612,-8.9314],[118.1899,-8.8405],[118.3789,-8.6746],[118.427,-8.8555],[118.7279,-8.8053],[118.8326,-8.8334],[118.7459,-8.7354],[118.9033,-8.7027],[119.0062,-8.7496],[119.1297,-8.6682],[119.0421,-8.5609],[119.0438,-8.4567]],[[116.4016,-8.2042],[116.2198,-8.2952],[116.0611,-8.4374],[116.0765,-8.7449],[115.8693,-8.7428],[115.8746,-8.8256],[116.3772,-8.929],[116.5865,-8.8861],[116.5143,-8.821],[116.7341,-8.3869],[116.6875,-8.3041],[116.4016,-8.2042]],[[115.5494,-8.2083],[115.154,-8.0657],[114.9385,-8.1871],[114.5043,-8.1166],[114.4676,-8.1663],[114.5018,-8.2608],[114.6132,-8.3783],[114.8421,-8.4285],[115.0551,-8.573],[115.1416,-8.6969],[115.0915,-8.8294],[115.1449,-8.849],[115.2202,-8.8195],[115.3338,-8.6157],[115.7043,-8.4071],[115.5494,-8.2083]],[[106.3659,-2.4648],[106.2088,-2.1887],[106.1617,-1.867],[106.0273,-1.5932],[105.9101,-1.505],[105.7204,-1.5339],[105.7545,-1.6587],[105.7009,-1.7311],[105.5854,-1.5268],[105.4596,-1.5747],[105.3731,-1.6573],[105.3748,-1.8132],[105.1377,-1.9727],[105.1334,-2.0426],[105.2926,-2.1143],[105.5527,-2.079],[105.7858,-2.1813],[105.8068,-2.3074],[105.9391,-2.4935],[105.908,-2.6433],[105.9987,-2.8249],[106.2501,-2.894],[106.5468,-3.0556],[106.6672,-3.0718],[106.612,-2.8955],[106.7066,-2.658],[106.8185,-2.5733],[106.3659,-2.4648]],[[124.0372,-9.3412],[123.7094,-9.6148],[123.5893,-9.9668],[123.5994,-10.0151],[123.7164,-10.0786],[123.6048,-10.2701],[123.7473,-10.3472],[123.8576,-10.3436],[124.176,-10.1833],[124.4275,-10.1486],[124.9631,-9.6656],[124.9979,-9.5653],[125.069,-9.5112]],[[124.9231,-8.9419],[124.5755,-9.1554],[124.4434,-9.1907]],[[140.6615,-8.8468],[140.4897,-8.6204],[139.9833,-8.1665],[140.117,-7.9237],[139.9348,-8.1012],[139.3856,-8.1891],[139.2791,-8.1069],[139.2488,-7.9824],[139.193,-8.0861],[138.9335,-8.2624],[138.8906,-8.2378],[138.8562,-8.1451],[139.088,-7.5872],[138.7479,-7.2515],[138.8648,-7.2014],[139.0625,-7.2271],[139.1769,-7.1904],[139.049,-7.2006],[138.8457,-7.1363],[138.72,-7.0698],[138.6014,-6.9365],[138.6002,-6.9107],[138.8646,-6.8584],[138.7267,-6.7312],[138.6981,-6.6257],[138.4387,-6.3434],[138.2963,-5.949],[138.3746,-5.8437],[138.1996,-5.807],[138.2436,-5.7244],[138.3396,-5.6757],[138.0871,-5.7092],[138.0608,-5.4652],[137.3066,-5.0144],[137.2798,-4.9454],[137.1959,-4.9904],[137.0893,-4.9244],[136.6188,-4.8187],[135.9797,-4.5309],[135.4502,-4.4431],[135.1956,-4.4507],[134.7542,-4.1954],[134.6797,-4.0791],[134.7065,-3.9548],[134.8865,-3.9385],[134.7598,-3.9222],[134.5469,-3.9793],[134.391,-3.91],[134.2662,-3.9458],[134.1471,-3.7968],[133.9738,-3.818],[133.723,-3.5779],[133.6783,-3.4795],[133.6972,-3.2481],[133.8415,-3.0548],[133.7674,-3.0443],[133.7004,-3.0875],[133.6531,-3.3644],[133.5994,-3.4161],[133.5182,-3.4119],[133.5423,-3.5164],[133.4151,-3.7321],[133.4009,-3.899],[133.2487,-4.0623],[132.9686,-4.0949],[132.9145,-4.0569],[132.8371,-3.9489],[132.7539,-3.7036],[132.8697,-3.551],[132.7514,-3.2946],[132.3482,-2.9751],[132.0539,-2.9146],[131.9712,-2.7886],[132.2307,-2.6804],[132.5755,-2.7271],[132.725,-2.7891],[132.8973,-2.6582],[133.0338,-2.4874],[133.191,-2.4378],[133.6087,-2.5472],[133.7001,-2.6246],[133.7533,-2.4507],[133.9049,-2.3909],[133.8989,-2.3045],[133.791,-2.2937],[133.9024,-2.1836],[133.9216,-2.1021],[133.7104,-2.1892],[133.2249,-2.2145],[132.9628,-2.2726],[132.5026,-2.2185],[132.3076,-2.2423],[132.0234,-1.9903],[131.9361,-1.7149],[131.9304,-1.5597],[131.7314,-1.5412],[131.2937,-1.3935],[131.1178,-1.4553],[130.9959,-1.4247],[131.0462,-1.2841],[131.1908,-1.1658],[131.2541,-1.0069],[131.2572,-0.8555],[131.8043,-0.7038],[132.1284,-0.4541],[132.3938,-0.3555],[132.6251,-0.3589],[132.8564,-0.4174],[133.4727,-0.7262],[133.9745,-0.7443],[134.1115,-0.8468],[134.072,-1.0019],[134.2596,-1.363],[134.217,-1.5291],[134.1059,-1.721],[134.1948,-2.3091],[134.46,-2.8323],[134.4833,-2.583],[134.5669,-2.5104],[134.6274,-2.5367],[134.7021,-2.9336],[134.8434,-2.9092],[134.8868,-3.2099],[135.0374,-3.3331],[135.2516,-3.3686],[135.4866,-3.3451],[135.8592,-2.9953],[136.013,-2.7343],[136.2433,-2.5831],[136.3899,-2.2733],[136.8433,-2.1977],[137.0721,-2.1051],[137.1711,-2.0255],[137.1234,-1.8409],[137.8063,-1.4832],[137.9111,-1.4838],[138.1109,-1.6159],[138.6498,-1.7911],[138.8114,-1.9178],[139.1488,-2.0389],[139.7896,-2.3482],[140.1546,-2.35],[140.251,-2.412],[140.6226,-2.4458],[140.7205,-2.5081],[140.7475,-2.6071],[140.9744,-2.6098]],[[140.977,-9.1193],[140.6615,-8.8468]],[[119.7717,-0.4836],[119.7219,-0.0885],[119.7358,-0.051],[119.8383,-0.0221],[119.8656,0.0401],[119.8093,0.2387],[119.9133,0.4451],[120.0352,0.5666],[120.0564,0.6925],[120.2298,0.8612],[120.2938,0.9791],[120.416,0.8487],[120.5166,0.8175],[120.6025,0.8544],[120.7549,1.0356],[120.868,1.2528],[120.9654,1.3118],[121.0817,1.3276],[121.2084,1.2625],[121.4041,1.2436],[121.5133,1.1047],[121.5918,1.068],[121.8674,1.0885],[122.1082,1.0312],[122.4366,1.0181],[122.8383,0.8457],[123.0665,0.9418],[123.8467,0.8382],[124.2736,1.0223],[124.4108,1.1851],[124.5337,1.2305],[124.6002,1.3924],[124.7877,1.4676],[124.9893,1.701],[125.1648,1.6437],[125.2338,1.5023],[125.1175,1.3789],[124.9668,1.0826],[124.6981,0.8256],[124.5141,0.5571],[124.4275,0.4706],[124.2168,0.3804],[123.526,0.3003],[123.2654,0.3266],[123.0825,0.4858],[122.9969,0.4935],[121.842,0.4366],[121.5157,0.4984],[121.013,0.4417],[120.579,0.5283],[120.349,0.4492],[120.1923,0.2685],[120.0133,-0.1962],[120.0629,-0.5556],[120.2406,-0.8683],[120.5176,-1.0395],[120.6674,-1.3701],[121.0337,-1.4065],[121.1485,-1.3395],[121.2769,-1.1182],[121.5756,-0.8285],[121.7377,-0.9257],[121.9696,-0.9333],[122.28,-0.757],[122.8888,-0.7552],[122.8295,-0.6589],[123.1715,-0.5707],[123.3797,-0.6485],[123.4342,-0.7782],[123.3779,-1.0041],[123.2258,-1.0018],[123.1527,-0.907],[123.0494,-0.8724],[122.9028,-0.901],[122.8074,-0.966],[122.5066,-1.3479],[122.2507,-1.5553],[121.8586,-1.6933],[121.651,-1.8954],[121.5727,-1.9058],[121.3947,-1.8338],[121.3555,-1.8782],[121.3488,-1.946],[121.502,-2.045],[121.575,-2.1509],[121.7697,-2.2409],[122.0826,-2.7495],[122.2917,-2.9076],[122.3065,-3.0516],[122.399,-3.2009],[122.3173,-3.2751],[122.2529,-3.6204],[122.5786,-3.8823],[122.6896,-4.0845],[122.8479,-4.0646],[122.8998,-4.2294],[122.8723,-4.392],[122.7197,-4.3407],[122.7217,-4.4107],[122.4714,-4.4221],[122.1143,-4.5402],[122.0542,-4.6201],[122.0732,-4.7917],[122.0381,-4.8324],[121.917,-4.8479],[121.5887,-4.7596],[121.5144,-4.6813],[121.4865,-4.5811],[121.6181,-4.0927],[121.5374,-4.0148],[121.3127,-3.9194],[120.8918,-3.5206],[120.9069,-3.404],[121.0543,-3.1671],[121.0521,-2.7517],[120.9901,-2.6703],[120.8794,-2.6456],[120.6536,-2.6676],[120.261,-2.9493],[120.2541,-3.0528],[120.3924,-3.3481],[120.4366,-3.7073],[120.3625,-4.0857],[120.4201,-4.6174],[120.2793,-5.1461],[120.3909,-5.3926],[120.4304,-5.591],[120.3116,-5.5416],[119.9516,-5.5776],[119.7173,-5.6934],[119.4631,-5.5217],[119.3762,-5.4248],[119.3604,-5.3142],[119.5195,-4.8773],[119.5155,-4.7419],[119.6117,-4.4235],[119.6236,-4.0344],[119.4801,-3.7298],[119.4945,-3.5541],[119.3621,-3.459],[118.9946,-3.5376],[118.9222,-3.4827],[118.8328,-3.2802],[118.8125,-3.1566],[118.8581,-2.9285],[118.7833,-2.7208],[119.0922,-2.4829],[119.1723,-2.14],[119.3219,-1.9297],[119.3482,-1.8253],[119.309,-1.4082],[119.5082,-0.9067],[119.7113,-0.6808],[119.8443,-0.8619],[119.7717,-0.4836]],[[110.6072,-8.1494],[111.51,-8.3051],[112.1151,-8.3239],[112.6788,-8.4092],[113.2533,-8.2867],[113.9403,-8.5684],[114.1597,-8.6265],[114.277,-8.6146],[114.4592,-8.7405],[114.5838,-8.7696],[114.5992,-8.7272],[114.595,-8.6848],[114.4488,-8.5593],[114.3869,-8.4052],[114.4442,-7.8956],[114.3827,-7.7711],[114.0707,-7.633],[113.4977,-7.7238],[113.2484,-7.7182],[113.0136,-7.6577],[112.7945,-7.5524],[112.7943,-7.3045],[112.6487,-7.2213],[112.5393,-6.9265],[112.0873,-6.8934],[111.9898,-6.806],[111.7376,-6.7734],[111.5403,-6.6482],[111.3421,-6.6995],[111.1815,-6.6867],[110.9723,-6.4356],[110.8348,-6.4242],[110.7369,-6.4724],[110.5836,-6.8057],[110.5209,-6.8973],[110.4263,-6.9473],[110.1984,-6.8951],[109.821,-6.9024],[109.5006,-6.8102],[109.2942,-6.867],[108.6778,-6.7905],[108.6036,-6.7292],[108.5159,-6.4712],[108.3302,-6.286],[108.1376,-6.2967],[107.6668,-6.2158],[107.4747,-6.1218],[107.3318,-5.9781],[107.0463,-5.9042],[107.0116,-6.0085],[106.8252,-6.0982],[106.6759,-6.0384],[106.1658,-5.9647],[106.075,-5.9142],[105.8683,-6.1164],[105.7869,-6.4569],[105.7061,-6.4979],[105.6551,-6.4695],[105.5809,-6.671],[105.4837,-6.7815],[105.387,-6.7508],[105.3709,-6.6644],[105.2432,-6.778],[105.2555,-6.8353],[105.3029,-6.841],[105.9443,-6.859],[106.5197,-7.0537],[106.4113,-7.3117],[106.5354,-7.3942],[107.285,-7.4717],[107.5469,-7.5419],[107.8044,-7.6884],[108.2205,-7.7823],[108.4518,-7.797],[108.5705,-7.7072],[108.7412,-7.6671],[109.2816,-7.7049],[110.0387,-7.8905],[110.6072,-8.1494]],[[100.8169,2.1402],[100.8282,2.2426],[100.8771,2.2833],[101.0462,2.2575],[101.3008,2.0118],[101.4051,1.7574],[101.4767,1.6931],[101.7848,1.6214],[102.0199,1.4421],[102.1572,1.2589],[102.2391,0.9903],[102.3899,0.842],[102.5664,0.7488],[102.8494,0.7155],[103.0318,0.5789],[103.0665,0.492],[103.0075,0.4153],[102.55,0.2165],[102.8959,0.2786],[103.339,0.5137],[103.4789,0.4802],[103.5787,0.3871],[103.7428,0.1744],[103.7867,0.047],[103.4285,-0.1918],[103.4116,-0.2404],[103.4444,-0.2717],[103.4052,-0.3622],[103.5092,-0.4655],[103.4312,-0.5336],[103.4386,-0.5756],[103.5327,-0.7547],[103.7211,-0.8867],[104.1985,-1.0543],[104.3605,-1.0384],[104.5186,-1.6987],[104.5159,-1.8194],[104.5687,-1.9218],[104.8452,-2.093],[104.8261,-2.2342],[104.6473,-2.4299],[104.6508,-2.5952],[104.6983,-2.5981],[104.9708,-2.3709],[105.397,-2.3802],[105.582,-2.492],[106.0443,-3.1063],[106.0584,-3.2172],[105.9015,-3.4101],[105.8438,-3.6137],[105.8516,-3.7306],[105.9305,-3.833],[105.8314,-4.1629],[105.8865,-4.5539],[105.8872,-5.0096],[105.8161,-5.6766],[105.7483,-5.8183],[105.6186,-5.7996],[105.5227,-5.6728],[105.3494,-5.5495],[105.0813,-5.7455],[104.6396,-5.5204],[104.6182,-5.6415],[104.684,-5.8927],[104.6016,-5.9046],[104.0668,-5.3859],[103.8314,-5.0796],[102.9189,-4.4707],[102.5377,-4.1521],[102.1275,-3.5992],[101.649,-3.244],[101.3057,-2.7287],[101.1186,-2.5878],[100.8896,-2.2485],[100.848,-2.1439],[100.8553,-1.9342],[100.4865,-1.2991],[100.2891,-0.7988],[99.8601,-0.3138],[99.6698,0.0451],[99.3346,0.2086],[99.1592,0.3518],[98.7964,1.4946],[98.5953,1.8646],[98.0865,2.1951],[97.795,2.2829],[97.7008,2.3585],[97.5908,2.8466],[97.3913,2.9753],[96.9689,3.5751],[96.801,3.7085],[96.4447,3.8163],[96.2301,4.0728],[95.5786,4.662],[95.2066,5.284],[95.2471,5.4108],[95.2278,5.5648],[95.3961,5.6288],[95.6289,5.6091],[95.8413,5.5145],[96.1333,5.2943],[96.4926,5.2293],[96.8427,5.2745],[97.1904,5.2073],[97.4512,5.236],[97.5472,5.2059],[97.9084,4.88],[97.9998,4.6623],[98.2484,4.4146],[98.2733,4.3223],[98.2412,4.1945],[98.3073,4.0929],[98.6587,3.9281],[98.7779,3.7594],[99.1512,3.5812],[99.7323,3.1831],[100.457,2.2574],[100.8879,1.9482],[100.8169,2.1402]],[[109.6294,2.0265],[109.3785,1.9227],[109.2731,1.7055],[109.0759,1.4959],[109.0103,1.2396],[109.1315,1.2539],[108.9586,1.1346],[108.9168,0.9126],[108.9445,0.3557],[109.2575,0.0312],[109.1946,-0.0094],[109.1211,-0.3909],[109.1605,-0.4949],[109.3728,-0.6382],[109.271,-0.732],[109.2588,-0.8074],[109.3335,-0.8754],[109.4538,-0.8688],[109.7874,-1.0113],[109.9833,-1.2748],[110.0361,-1.5257],[109.9599,-1.8628],[110.0966,-2.0014],[110.2561,-2.9661],[110.3025,-2.9854],[110.574,-2.8914],[110.7031,-3.0209],[110.8993,-2.9086],[110.8297,-2.9951],[110.9301,-3.0711],[111.3676,-2.9337],[111.6255,-2.9755],[111.6947,-2.8895],[111.823,-3.0572],[111.8221,-3.5325],[111.8581,-3.5519],[111.9549,-3.5297],[112.1267,-3.3814],[112.285,-3.321],[112.6003,-3.4005],[112.758,-3.3222],[112.9715,-3.1871],[113.034,-2.9335],[113.3432,-3.2465],[113.526,-3.1841],[113.6101,-3.1957],[113.6336,-3.4199],[113.7051,-3.4553],[113.9588,-3.3943],[114.0822,-3.2789],[114.2363,-3.3611],[114.3443,-3.2352],[114.3017,-3.3647],[114.3443,-3.4444],[114.446,-3.4818],[114.5256,-3.3767],[114.606,-3.7033],[114.6253,-4.1117],[114.6936,-4.1697],[115.9562,-3.595],[116.0575,-3.3482],[116.1671,-3.183],[116.2572,-3.1264],[116.1723,-3.0253],[116.1663,-2.9346],[116.2258,-2.977],[116.3307,-2.9021],[116.3755,-2.578],[116.3072,-2.6033],[116.3168,-2.5519],[116.5293,-2.5105],[116.5654,-2.2997],[116.5281,-2.2079],[116.314,-2.1398],[116.4235,-2.0525],[116.452,-1.9231],[116.4243,-1.7849],[116.2755,-1.7849],[116.5176,-1.598],[116.5545,-1.4739],[116.7534,-1.3273],[116.7398,-1.0442],[116.7971,-1.1838],[116.914,-1.2236],[117.0032,-1.1877],[117.2407,-0.9257],[117.5625,-0.7709],[117.5489,-0.5544],[117.4629,-0.3237],[117.5222,0.2359],[117.7451,0.7296],[117.9643,0.8896],[117.9773,0.9638],[117.9116,1.0987],[118.1961,0.8744],[118.5348,0.8135],[118.8924,0.8869],[118.985,0.9821],[118.9635,1.0443],[118.8525,1.0958],[118.639,1.319],[118.0804,1.7019],[117.7893,2.0269],[117.8811,2.0606],[118.0416,2.2154],[118.0666,2.3178],[117.8857,2.5417],[117.7859,2.7468],[117.6389,2.8253],[117.6977,2.8873],[117.5691,2.9293],[117.6379,2.9508],[117.6106,3.0644],[117.3524,3.1938],[117.3219,3.2436],[117.3847,3.3654],[117.3463,3.4266],[117.1664,3.592],[117.056,3.6227],[117.4504,3.6285],[117.5097,3.7304],[117.6299,3.6363],[117.7772,3.6893],[117.7282,3.7967],[117.566,3.9299],[117.5594,3.9883],[117.4653,4.0761],[117.5752,4.1713]],[[134.6791,-6.4561],[134.6337,-6.4772],[134.6608,-6.5589],[134.7161,-6.5494],[134.7285,-6.5059],[134.6791,-6.4561]],[[123.5485,-1.5082],[123.4866,-1.5349],[123.4825,-1.6814],[123.5286,-1.7108],[123.5976,-1.7043],[123.6164,-1.6274],[123.5485,-1.5082]],[[114.2988,-7.0976],[114.3469,-7.1633],[114.3977,-7.1731],[114.3836,-7.0807],[114.2988,-7.0976]],[[113.0674,-6.88],[112.8681,-6.8999],[112.7259,-7.0728],[112.7638,-7.1396],[113.127,-7.2241],[113.4707,-7.2185],[113.6559,-7.1117],[113.8256,-7.1199],[113.8854,-7.049],[114.083,-6.9894],[113.9747,-6.873],[113.0674,-6.88]],[[136.2826,-1.0646],[135.8936,-0.7258],[135.749,-0.7325],[135.6732,-0.6883],[135.383,-0.6514],[135.4316,-0.7688],[135.5238,-0.7873],[135.6457,-0.8819],[135.7471,-0.823],[135.8388,-1.1194],[135.915,-1.1784],[136.0025,-1.1697],[136.1104,-1.2168],[136.3054,-1.1731],[136.3753,-1.094],[136.2826,-1.0646]],[[136.7186,-1.734],[136.3896,-1.7216],[136.2016,-1.655],[135.4697,-1.6162],[135.4876,-1.6684],[135.8657,-1.7521],[136.2281,-1.8937],[136.6219,-1.873],[136.8926,-1.7997],[136.7186,-1.734]],[[134.9567,-1.0306],[134.8893,-0.9385],[134.8089,-1.0376],[134.9174,-1.1343],[134.9653,-1.116],[134.9963,-1.0341],[134.9567,-1.0306]],[[134.3508,-2.0369],[134.3351,-2.0952],[134.3452,-2.1388],[134.419,-2.0518],[134.3508,-2.0369]],[[138.7962,-8.1736],[138.6767,-8.1992],[138.5634,-8.3091],[138.5942,-8.3715],[138.8951,-8.3887],[138.7962,-8.1736]],[[133.4644,-4.1998],[133.3209,-4.111],[133.333,-4.1696],[133.6219,-4.2993],[133.4644,-4.1998]],[[130.425,-1.8046],[130.3533,-1.6905],[130.318,-1.692],[129.9937,-1.7589],[129.7377,-1.8669],[129.8865,-1.9864],[130.1335,-2.0639],[130.4188,-1.9713],[130.3806,-1.9026],[130.425,-1.8046]],[[131.033,-0.9176],[130.8972,-0.89],[130.6729,-0.9598],[130.7394,-1.1726],[130.8451,-1.3173],[130.9666,-1.3435],[131.0019,-1.3155],[131.0739,-0.9683],[131.033,-0.9176]],[[130.807,-0.765],[130.8135,-0.8139],[130.4843,-0.8325],[130.4024,-0.9239],[130.8324,-0.8629],[130.9053,-0.7774],[130.807,-0.765]],[[130.6159,-0.4173],[130.5259,-0.4487],[130.4654,-0.4865],[130.6267,-0.5287],[130.6843,-0.4691],[130.6159,-0.4173]],[[131.2769,-0.1498],[131.0258,-0.0399],[130.8133,-0.0041],[130.431,-0.0985],[130.3625,-0.0729],[130.2949,-0.1015],[130.2366,-0.2097],[130.3405,-0.2623],[130.4963,-0.2674],[130.5508,-0.3664],[130.6887,-0.2966],[130.6998,-0.3916],[130.7502,-0.4438],[130.8963,-0.416],[130.8992,-0.3444],[130.7613,-0.2914],[130.6222,-0.0859],[130.6835,-0.0807],[130.8084,-0.2265],[131.0054,-0.3607],[131.0978,-0.3301],[131.2575,-0.3657],[131.3397,-0.2903],[131.2769,-0.1498]],[[129.3088,0.0454],[129.3701,-0.0664],[129.5057,-0.1898],[129.5489,-0.187],[129.542,-0.1393],[129.3088,0.0454]],[[128.6021,2.5976],[128.4721,2.5705],[128.3304,2.4693],[128.218,2.2975],[128.2959,2.0347],[128.5476,2.0971],[128.6232,2.2244],[128.6885,2.4737],[128.6021,2.5976]],[[127.4313,0.1426],[127.3968,0.0166],[127.4486,-0.0366],[127.4494,0.069],[127.4313,0.1426]],[[127.4197,0.6421],[127.4426,0.7334],[127.3826,0.7436],[127.3736,0.6349],[127.4197,0.6421]],[[127.2806,-0.391],[127.253,-0.3187],[127.29,-0.2844],[127.1896,-0.2558],[127.1265,-0.2786],[127.1191,-0.5205],[127.2499,-0.4953],[127.2806,-0.391]],[[127.2582,-0.6234],[127.2091,-0.6193],[127.1564,-0.7609],[127.2891,-0.8016],[127.2582,-0.6234]],[[127.8043,-0.6944],[127.6586,-0.6895],[127.605,-0.6102],[127.6824,-0.4684],[127.567,-0.3189],[127.5273,-0.3066],[127.4552,-0.4063],[127.3712,-0.3316],[127.3251,-0.3358],[127.3,-0.5003],[127.4687,-0.643],[127.4383,-0.7391],[127.4627,-0.806],[127.6238,-0.766],[127.7611,-0.8837],[127.8802,-0.8087],[127.8043,-0.6944]],[[127.9051,-1.4391],[127.6467,-1.3324],[127.5918,-1.3508],[127.4567,-1.4537],[127.3922,-1.6448],[127.5616,-1.7285],[127.9138,-1.6852],[128.0612,-1.7124],[128.153,-1.6605],[128.1487,-1.6037],[127.9051,-1.4391]],[[134.7444,-6.2023],[134.7521,-6.0501],[134.7122,-5.9497],[134.755,-5.8827],[134.747,-5.707],[134.7008,-5.603],[134.6455,-5.5813],[134.6165,-5.4386],[134.5064,-5.4385],[134.4903,-5.5251],[134.3413,-5.7129],[134.2473,-5.6819],[134.2054,-5.7072],[134.3431,-5.833],[134.302,-6.0098],[134.1531,-6.0195],[134.1549,-6.0629],[134.4411,-6.3349],[134.6376,-6.3653],[134.7142,-6.2951],[134.7444,-6.2023]],[[134.5204,-6.5127],[134.5368,-6.4423],[134.415,-6.3867],[134.1681,-6.1763],[134.1146,-6.1908],[134.1246,-6.4265],[134.1946,-6.4598],[134.107,-6.4716],[134.0592,-6.7693],[134.0908,-6.8338],[134.2,-6.9088],[134.3228,-6.8487],[134.5043,-6.5914],[134.5204,-6.5127]],[[133.0088,-5.6214],[132.9377,-5.6826],[132.845,-5.988],[132.9263,-5.9021],[132.9711,-5.7358],[133.1196,-5.576],[133.1729,-5.3481],[133.1385,-5.3179],[133.0088,-5.6214]],[[132.7378,-5.6617],[132.6979,-5.609],[132.6302,-5.607],[132.6813,-5.7389],[132.6814,-5.9126],[132.7463,-5.9471],[132.8071,-5.8508],[132.7378,-5.6617]],[[128.6665,-3.5167],[128.5852,-3.5122],[128.6195,-3.5886],[128.7133,-3.6025],[128.7225,-3.5469],[128.6665,-3.5167]],[[128.4516,-3.5147],[128.4283,-3.5404],[128.3916,-3.6379],[128.5626,-3.5854],[128.4516,-3.5147]],[[128.2644,-3.5123],[128.0162,-3.6009],[127.9275,-3.6794],[127.9344,-3.7431],[127.978,-3.771],[128.1469,-3.6771],[128.1432,-3.7327],[128.2499,-3.7111],[128.3291,-3.5159],[128.2644,-3.5123]],[[123.0515,-5.1564],[122.9811,-5.1857],[122.9717,-5.1385],[123.018,-4.8317],[123.0552,-4.7482],[123.1192,-4.7234],[123.1957,-4.8227],[123.203,-4.7662],[123.1798,-4.5512],[123.0689,-4.4336],[123.0746,-4.3869],[122.9469,-4.4427],[122.8533,-4.6184],[122.8494,-4.8312],[122.7665,-5.2102],[122.5864,-5.4889],[122.645,-5.6634],[122.7331,-5.635],[122.8121,-5.6713],[122.9688,-5.4058],[123.0434,-5.4193],[123.1873,-5.333],[123.202,-5.2733],[123.0515,-5.1564]],[[122.7397,-4.675],[122.702,-4.6187],[122.3689,-4.7672],[122.3345,-4.8466],[122.3963,-5.0698],[122.329,-5.1377],[122.2831,-5.3195],[122.307,-5.381],[122.3713,-5.3831],[122.392,-5.3354],[122.5639,-5.3875],[122.6193,-5.3358],[122.6451,-5.2694],[122.6141,-5.1387],[122.7599,-4.9339],[122.7397,-4.675]],[[122.041,-5.1588],[121.9657,-5.0756],[121.9137,-5.0723],[121.8663,-5.096],[121.8085,-5.2562],[121.9796,-5.4647],[122.043,-5.438],[122.041,-5.1588]],[[122.969,-4.03],[122.9947,-4.148],[123.0762,-4.2271],[123.1445,-4.2333],[123.2424,-4.113],[123.2119,-3.9976],[123.0249,-3.981],[122.969,-4.03]],[[125.976,-2.1681],[125.9927,-2.0118],[125.9228,-1.9748],[125.8629,-2.0771],[125.9779,-2.4154],[126.0379,-2.4694],[126.0657,-2.3658],[125.976,-2.1681]],[[126.0242,-1.7897],[125.5209,-1.8009],[125.3872,-1.8431],[125.4326,-1.9381],[125.4792,-1.94],[125.9564,-1.9166],[126.3317,-1.8229],[126.0242,-1.7897]],[[125.1879,-1.7129],[125.1458,-1.6926],[125.063,-1.741],[124.664,-1.6359],[124.483,-1.6443],[124.3809,-1.6875],[124.3297,-1.8589],[124.4178,-2.0052],[124.6392,-1.9782],[124.8345,-1.8944],[125.0067,-1.9431],[125.1348,-1.889],[125.3141,-1.8771],[125.3202,-1.8101],[125.1977,-1.7803],[125.1879,-1.7129]],[[123.7835,-1.8783],[123.8035,-1.9943],[123.866,-1.9957],[123.8482,-1.9555],[123.7835,-1.8783]],[[123.4348,-1.2368],[123.3386,-1.254],[123.2378,-1.3894],[123.198,-1.2877],[123.2343,-1.2337],[123.2123,-1.1713],[122.908,-1.1822],[122.8322,-1.283],[122.8108,-1.4321],[122.8585,-1.5482],[122.8904,-1.5872],[122.9844,-1.5106],[123.1504,-1.3045],[123.1829,-1.4928],[123.1229,-1.5561],[123.1729,-1.616],[123.2374,-1.577],[123.2749,-1.4372],[123.3286,-1.4431],[123.367,-1.5071],[123.4487,-1.4988],[123.5119,-1.4474],[123.5473,-1.3374],[123.4348,-1.2368]],[[123.0709,-1.8549],[123.0788,-1.8989],[123.1525,-1.8165],[123.1375,-1.7727],[123.0709,-1.8549]],[[121.7974,-0.4177],[121.7493,-0.407],[121.6553,-0.5262],[121.8812,-0.5026],[121.9068,-0.4513],[121.8644,-0.4068],[121.7974,-0.4177]],[[126.8651,4.4798],[126.7573,4.5479],[126.7221,4.3442],[126.8136,4.2585],[126.7045,4.071],[126.7112,4.0203],[126.8166,4.0335],[126.8477,4.18],[126.9211,4.291],[126.8651,4.4798]],[[126.6375,4.0419],[126.6612,3.9284],[126.7218,3.8325],[126.7396,3.9177],[126.6375,4.0419]],[[126.7996,3.7839],[126.8355,3.7569],[126.8578,3.7872],[126.8045,3.8579],[126.7996,3.7839]],[[125.5856,3.5711],[125.5435,3.6704],[125.4688,3.7333],[125.5115,3.4611],[125.6332,3.4054],[125.6581,3.436],[125.5856,3.5711]],[[125.3908,2.8054],[125.3601,2.7468],[125.3973,2.6295],[125.4465,2.763],[125.3908,2.8054]],[[120.4773,-5.7753],[120.4355,-6.1802],[120.4873,-6.4648],[120.5492,-5.9692],[120.4773,-5.7753]],[[131.9223,-7.1045],[131.7508,-7.1168],[131.8845,-7.1675],[131.9695,-7.2514],[131.982,-7.2021],[131.9223,-7.1045]],[[131.0201,-8.0913],[130.8334,-8.2708],[130.7752,-8.3499],[130.8622,-8.3187],[130.9081,-8.2457],[131.1764,-8.1308],[131.0201,-8.0913]],[[131.7008,-7.1402],[131.6435,-7.1128],[131.5607,-7.1357],[131.5353,-7.2206],[131.3492,-7.4254],[131.2601,-7.4705],[131.19,-7.6719],[131.1378,-7.6849],[131.1368,-7.7817],[131.0868,-7.865],[131.1138,-7.9974],[131.3256,-7.9995],[131.3771,-7.8691],[131.6244,-7.6262],[131.6911,-7.4389],[131.6438,-7.2669],[131.7361,-7.1971],[131.7008,-7.1402]],[[129.6555,-7.7948],[129.609,-7.8034],[129.5919,-7.9174],[129.7135,-8.0407],[129.7798,-8.0465],[129.8389,-7.9546],[129.813,-7.8197],[129.6555,-7.7948]],[[128.6277,-7.0687],[128.5298,-7.1346],[128.625,-7.2086],[128.6701,-7.1833],[128.6732,-7.1134],[128.6277,-7.0687]],[[127.9984,-8.1391],[127.8234,-8.0988],[127.7862,-8.1203],[127.8209,-8.1902],[128.0235,-8.2554],[128.1192,-8.1707],[128.0988,-8.1349],[127.9984,-8.1391]],[[127.3707,-7.5128],[127.375,-7.5725],[127.3553,-7.6465],[127.474,-7.5785],[127.4752,-7.5311],[127.3707,-7.5128]],[[126.7264,-7.6622],[126.6096,-7.5718],[126.2137,-7.7067],[125.9753,-7.6634],[125.8432,-7.8167],[125.7982,-7.9846],[126.04,-7.8858],[126.4721,-7.9504],[126.5773,-7.8076],[126.8127,-7.7379],[126.801,-7.6679],[126.7264,-7.6622]],[[123.3953,-10.1714],[123.3256,-10.2642],[123.326,-10.3375],[123.4162,-10.3026],[123.4051,-10.2271],[123.4968,-10.1939],[123.4588,-10.1399],[123.3953,-10.1714]],[[123.3396,-10.4862],[123.0614,-10.6984],[122.8457,-10.7618],[122.8262,-10.8991],[122.9489,-10.9093],[123.2148,-10.8062],[123.3107,-10.6984],[123.4182,-10.6513],[123.3711,-10.4749],[123.3396,-10.4862]],[[121.7963,-10.5074],[121.7047,-10.5557],[121.883,-10.5903],[121.9813,-10.5284],[121.9983,-10.447],[121.867,-10.4389],[121.7963,-10.5074]],[[124.7522,-8.1596],[124.5996,-8.2018],[124.5756,-8.1408],[124.5086,-8.1354],[124.4307,-8.1832],[124.3936,-8.253],[124.426,-8.2958],[124.3556,-8.3859],[124.4442,-8.4446],[125.1317,-8.3265],[125.1246,-8.2048],[124.7522,-8.1596]],[[124.2396,-8.2034],[124.1105,-8.3643],[124.0138,-8.3187],[123.9277,-8.4489],[124.0173,-8.4438],[124.0657,-8.5517],[124.1467,-8.5314],[124.2866,-8.3295],[124.3045,-8.2288],[124.2396,-8.2034]],[[123.776,-8.1904],[123.6006,-8.2913],[123.3912,-8.2805],[123.4759,-8.3223],[123.2301,-8.5307],[123.4107,-8.5866],[123.4887,-8.5323],[123.553,-8.5668],[123.6292,-8.4225],[123.6979,-8.4244],[123.7839,-8.2996],[123.9248,-8.2725],[123.776,-8.1904]],[[123.2171,-8.2354],[123.0326,-8.3378],[123.025,-8.3955],[123.2973,-8.3986],[123.336,-8.269],[123.2171,-8.2354]],[[119.4705,-8.4557],[119.4465,-8.4292],[119.3789,-8.5865],[119.3855,-8.736],[119.4249,-8.7505],[119.4641,-8.741],[119.444,-8.6718],[119.5555,-8.5534],[119.547,-8.4826],[119.4705,-8.4557]],[[119.0366,-8.1578],[119.03,-8.24],[119.1349,-8.1971],[119.0978,-8.1392],[119.0366,-8.1578]],[[115.4805,-8.7154],[115.5819,-8.8042],[115.61,-8.7698],[115.6133,-8.7132],[115.5614,-8.6699],[115.4805,-8.7154]],[[115.4145,-6.8397],[115.2405,-6.8612],[115.2203,-6.9525],[115.2958,-6.9878],[115.5461,-6.9387],[115.4145,-6.8397]],[[112.586,-5.8036],[112.6021,-5.8437],[112.6979,-5.8465],[112.7273,-5.7527],[112.6485,-5.7309],[112.586,-5.8036]],[[117.6496,4.17],[117.6251,4.1215],[117.7368,4.004],[117.9229,4.0543],[117.8833,4.1869]],[[117.5479,3.432],[117.5604,3.3282],[117.6458,3.2478],[117.6809,3.4075],[117.5479,3.432]],[[116.3266,-3.5391],[116.3878,-3.6367],[116.427,-3.3999],[116.3953,-3.4233],[116.3266,-3.5391]],[[116.282,-3.5348],[116.2697,-3.2511],[116.1174,-3.3396],[116.0225,-3.6124],[116.0184,-3.6999],[116.077,-3.8175],[116.0588,-4.0069],[116.0934,-4.0541],[116.3033,-3.8682],[116.282,-3.5348]],[[108.8772,-1.5398],[108.8037,-1.5678],[108.8379,-1.6616],[108.9531,-1.6196],[108.9568,-1.5641],[108.8772,-1.5398]],[[109.6995,-1.0073],[109.476,-0.9854],[109.4281,-1.2412],[109.4637,-1.2775],[109.7508,-1.145],[109.7434,-1.0394],[109.6995,-1.0073]],[[108.7865,2.8856],[108.8389,2.853],[108.8875,2.9054],[108.8857,2.999],[108.7865,2.8856]],[[108.3929,3.9862],[108.2556,4.1518],[108.2483,4.2171],[108.0035,4.0426],[108.0445,3.889],[108.2433,3.8104],[108.1004,3.7045],[108.1796,3.6531],[108.316,3.6896],[108.3936,3.8362],[108.3929,3.9862]],[[106.2146,3.1286],[106.2837,3.0882],[106.2712,3.2163],[106.201,3.2049],[106.2146,3.1286]],[[105.7307,3.037],[105.6922,3.0625],[105.7186,2.8592],[105.8094,2.904],[105.8367,2.9765],[105.7307,3.037]],[[101.6407,2.1267],[101.5447,2.0607],[101.4503,2.0678],[101.4097,2.0217],[101.4034,1.9013],[101.5008,1.7332],[101.6027,1.7157],[101.7194,1.7892],[101.7623,1.9965],[101.6407,2.1267]],[[102.2765,1.3953],[102.2286,1.3479],[102.2555,1.1472],[102.3809,0.9598],[102.4271,0.9901],[102.4429,1.2342],[102.2765,1.3953]],[[102.4919,1.4592],[102.4695,1.5101],[102.024,1.608],[102.0209,1.5582],[102.0787,1.4986],[102.2742,1.4531],[102.4994,1.3309],[102.4919,1.4592]],[[102.7801,0.9594],[102.5492,1.1302],[102.4539,0.8895],[102.5416,0.8316],[103.0088,0.7081],[103.0024,0.8593],[102.7801,0.9594]],[[103.0676,1.0147],[102.7901,1.1655],[102.7256,1.1588],[102.7019,1.0537],[102.8863,0.9968],[103.1372,0.8417],[103.1664,0.8702],[103.0676,1.0147]],[[103.2382,0.6986],[103.1874,0.6998],[103.1396,0.5491],[103.2845,0.5419],[103.2951,0.614],[103.2382,0.6986]],[[103.38,1.1336],[103.3154,1.0713],[103.3633,1.0068],[103.4297,0.9934],[103.38,1.1336]],[[103.3861,0.8696],[103.3444,0.7779],[103.4297,0.6509],[103.4975,0.7227],[103.3861,0.8696]],[[103.752,0.8914],[103.7424,0.83],[103.834,0.7722],[103.8066,0.8463],[103.752,0.8914]],[[104.0248,1.1806],[103.9554,1.1375],[103.9322,1.0714],[103.9636,1.0132],[104.0661,0.9896],[104.1398,1.1656],[104.0881,1.137],[104.0248,1.1806]],[[104.591,1.1411],[104.5854,1.2161],[104.3618,1.1815],[104.2502,1.1026],[104.252,1.0149],[104.4393,1.0504],[104.4624,0.9956],[104.4286,0.9565],[104.4811,0.9325],[104.5043,0.8526],[104.5752,0.8319],[104.6629,1.0495],[104.591,1.1411]],[[104.1705,0.8967],[104.1228,0.944],[104.1011,0.9175],[104.1768,0.8049],[104.2394,0.834],[104.2271,0.8799],[104.1705,0.8967]],[[104.5438,0.2233],[104.4992,0.2321],[104.6981,0.0347],[104.6599,0.1031],[104.5438,0.2233]],[[104.8432,-0.1406],[104.8075,-0.1925],[104.6527,-0.076],[104.6356,-0.0185],[104.5427,0.0177],[104.4471,-0.1892],[104.5666,-0.2456],[104.7022,-0.2087],[104.9143,-0.3233],[105.0054,-0.2828],[104.8432,-0.1406]],[[104.3636,-0.4028],[104.3023,-0.3857],[104.2571,-0.4633],[104.3298,-0.5391],[104.3632,-0.6586],[104.4139,-0.5837],[104.5065,-0.5967],[104.5901,-0.4666],[104.4742,-0.3347],[104.3636,-0.4028]],[[103.6109,-0.2306],[103.5489,-0.2275],[103.4613,-0.3576],[103.6063,-0.3829],[103.7643,-0.3178],[103.6109,-0.2306]],[[108.2151,-2.697],[108.0744,-2.597],[107.8378,-2.5303],[107.6663,-2.5663],[107.5635,-2.9201],[107.6367,-3.1248],[107.6145,-3.2094],[107.8218,-3.1607],[107.8582,-3.0863],[107.9411,-3.1293],[107.9771,-3.2218],[108.0553,-3.2269],[108.1673,-3.1428],[108.2906,-2.83],[108.2151,-2.697]],[[107.4328,-2.9253],[107.4733,-2.8995],[107.4997,-2.845],[107.4193,-2.8381],[107.4328,-2.9253]],[[106.7969,-2.8989],[106.7492,-2.9604],[106.8697,-3.0253],[106.9106,-2.934],[106.7969,-2.8989]],[[105.1214,-6.6149],[105.1904,-6.6625],[105.2528,-6.6404],[105.2605,-6.5239],[105.1214,-6.6149]],[[97.7864,1.1459],[97.6983,1.1837],[97.4815,1.4651],[97.356,1.5397],[97.2442,1.4236],[97.0792,1.4255],[97.2969,1.1874],[97.4054,0.947],[97.6039,0.8339],[97.684,0.5961],[97.8204,0.5645],[97.8765,0.6283],[97.9319,0.9739],[97.7864,1.1459]],[[102.3718,-5.3664],[102.1984,-5.2889],[102.1107,-5.3226],[102.2859,-5.4835],[102.3672,-5.4787],[102.4055,-5.4048],[102.3718,-5.3664]],[[100.4643,-3.1169],[100.4546,-3.002],[100.2456,-2.7832],[100.1985,-2.7855],[100.2043,-2.9868],[100.332,-3.1131],[100.3461,-3.2292],[100.4651,-3.3285],[100.4251,-3.1829],[100.4643,-3.1169]],[[100.0119,-2.5103],[99.9693,-2.5941],[99.9919,-2.7698],[100.0149,-2.8197],[100.1327,-2.8214],[100.2041,-2.741],[100.202,-2.6797],[100.0119,-2.5103]],[[99.7348,-2.1777],[99.6864,-2.0634],[99.5722,-2.0258],[99.5374,-2.1615],[99.607,-2.2575],[99.8479,-2.3697],[99.7348,-2.1777]],[[99.1307,-1.4424],[98.9326,-0.954],[98.869,-0.9156],[98.6761,-0.9705],[98.6018,-1.1979],[98.627,-1.2613],[98.8163,-1.5383],[98.8277,-1.61],[99.0718,-1.7835],[99.2715,-1.7385],[99.2673,-1.6277],[99.1307,-1.4424]],[[98.4154,-0.0175],[98.3229,-0.0008],[98.4271,-0.2265],[98.3097,-0.5318],[98.3997,-0.5769],[98.4593,-0.5305],[98.5441,-0.2576],[98.4154,-0.0175]],[[97.2914,2.2008],[97.1566,2.2322],[97.1083,2.2169],[97.3283,2.0533],[97.2914,2.2008]],[[96.4173,2.5152],[95.9979,2.7814],[95.8958,2.8891],[95.8063,2.916],[95.7172,2.826],[95.8086,2.6556],[96.022,2.5958],[96.401,2.3507],[96.4637,2.36],[96.4173,2.5152]],[[95.242,5.907],[95.2177,5.8895],[95.2832,5.7985],[95.3426,5.7841],[95.3592,5.8768],[95.242,5.907]],[[134.7953,-6.3931],[134.7951,-6.4424],[134.8858,-6.3235],[134.8519,-6.3246],[134.7953,-6.3931]],[[134.6291,-6.7128],[134.6574,-6.7653],[134.7357,-6.6233],[134.6977,-6.6257],[134.6291,-6.7128]],[[127.8343,-3.0044],[127.9377,-3.02],[127.9879,-2.9365],[127.9384,-2.9523],[127.8343,-3.0044]],[[127.5545,-3.2543],[127.4877,-3.2882],[127.6293,-3.3592],[127.6063,-3.3151],[127.5545,-3.2543]],[[124.0229,-5.9021],[123.9758,-5.8802],[123.9723,-5.9394],[124.0421,-6.0216],[124.0229,-5.9021]],[[123.5501,-5.3318],[123.6228,-5.373],[123.6268,-5.2716],[123.5606,-5.2498],[123.5501,-5.3318]],[[120.6334,-7.0183],[120.6408,-7.1158],[120.7744,-7.1189],[120.7817,-7.0631],[120.6334,-7.0183]],[[123.0105,-8.4483],[122.9328,-8.4971],[122.8878,-8.5873],[122.9455,-8.604],[123.0301,-8.4948],[123.1531,-8.4758],[123.0105,-8.4483]],[[117.5461,-8.152],[117.4905,-8.1834],[117.4821,-8.2393],[117.4904,-8.3487],[117.5336,-8.368],[117.6692,-8.1893],[117.665,-8.1482],[117.5461,-8.152]]]}},{"type":"Feature","properties":{"name":"India","aliases":["India","Republic of India"],"kind":"country"},"geometry":{"type":"MultiLineString","coordinates":[[[93.859,7.2068],[93.8225,7.2366],[93.6842,7.1836],[93.6563,7.1362],[93.658,7.0161],[93.7093,7.0007],[93.8288,6.7487],[93.9296,6.9735],[93.859,7.2068]],[[93.6547,7.3799],[93.5973,7.3187],[93.6385,7.2619],[93.7336,7.3565],[93.6925,7.4106],[93.6547,7.3799]],[[93.097,8.3494],[93.0643,8.275],[93.1706,8.2121],[93.1407,8.2495],[93.097,8.3494]],[[93.3755,8.0179],[93.3094,7.964],[93.365,7.8766],[93.4426,7.8778],[93.3755,8.0179]],[[93.5116,8.1598],[93.5316,8.2138],[93.494,8.2247],[93.4564,8.1719],[93.49,8.0194],[93.5369,8.0566],[93.5116,8.1598]],[[92.7133,9.2049],[92.7436,9.131],[92.8093,9.1734],[92.7857,9.2405],[92.7133,9.2049]],[[92.5104,10.8975],[92.3528,10.7511],[92.3695,10.5474],[92.4727,10.5208],[92.5743,10.7042],[92.5104,10.8975]],[[92.69,11.4634],[92.6402,11.5091],[92.5957,11.3864],[92.6932,11.3812],[92.69,11.4634]],[[93.0174,12.0368],[92.9554,12.0024],[93.0621,11.8994],[93.0174,12.0368]],[[92.6797,12.9393],[92.6857,12.8],[92.7309,12.9485],[92.6797,12.9393]],[[93.016,13.3362],[93.0767,13.4007],[93.0623,13.5455],[92.9246,13.4858],[92.8573,13.3581],[92.8309,13.0026],[92.74,12.7796],[92.7592,12.6691],[92.7207,12.5413],[92.7189,12.3573],[92.7776,12.3025],[92.7883,12.2258],[92.6765,12.1924],[92.6075,11.9495],[92.5339,11.8734],[92.5756,11.7182],[92.7008,11.5125],[92.7646,11.6392],[92.7976,11.8747],[92.7477,11.9928],[92.8795,12.2279],[92.8637,12.436],[92.9326,12.4531],[92.9902,12.5385],[92.965,12.8505],[92.8862,12.9423],[93.0661,13.2216],[93.016,13.3362]],[[68.1645,23.8552],[68.235,23.597],[68.3434,23.6168],[68.4969,23.748],[68.7768,23.8521],[68.4175,23.5715],[68.6407,23.1899],[68.8171,23.0537],[69.2359,22.8485],[69.6646,22.7591],[70.1183,22.947],[70.2512,22.9709],[70.3395,22.9397],[70.4346,23.0771],[70.4893,23.0895],[70.5135,23.0025],[70.4404,22.9703],[70.1772,22.5728],[70.0059,22.5477],[69.819,22.4518],[69.7275,22.4652],[69.6552,22.4035],[69.5492,22.4084],[69.2766,22.2855],[69.1313,22.4163],[69.0517,22.4373],[68.9835,22.3854],[68.9699,22.2903],[69.1917,21.9915],[69.7484,21.5057],[70.1273,21.0947],[70.4851,20.8402],[70.7193,20.7404],[70.8797,20.7145],[71.0246,20.7389],[72.0152,21.1557],[72.254,21.531],[72.2566,21.6612],[72.2104,21.7282],[72.0372,21.823],[72.2744,22.0897],[72.3064,22.1892],[72.1828,22.2697],[72.456,22.2481],[72.5901,22.2781],[72.8092,22.2333],[72.553,22.16],[72.5223,21.9762],[72.7002,21.9719],[72.5925,21.8776],[72.5431,21.6966],[72.8397,21.6873],[73.1125,21.7504],[72.8105,21.6199],[72.6133,21.4618],[72.7348,21.4708],[72.6238,21.372],[72.6924,21.1776],[72.8139,21.1172],[72.8937,20.6728],[72.6678,19.831],[72.7266,19.5783],[72.7994,19.5198],[72.7564,19.4505],[72.7879,19.363],[72.9872,19.2774],[72.8116,19.2989],[72.803,19.0793],[72.8347,18.9756],[72.9007,19.0145],[72.9721,19.1533],[73.0056,19.0211],[72.8755,18.6428],[72.9172,18.5761],[72.9939,18.0977],[73.1561,17.6219],[73.3376,16.4599],[73.4761,16.0542],[73.6799,15.7089],[73.7328,15.6569],[73.8328,15.6594],[73.7718,15.573],[73.9319,15.397],[73.8008,15.397],[73.8843,15.3064],[73.9492,15.0748],[74.3822,14.4947],[74.4985,14.0463],[74.6709,13.6676],[74.7705,13.0773],[74.9455,12.5646],[75.1967,12.0575],[75.5245,11.7031],[75.7238,11.3618],[75.9226,10.7841],[76.2015,10.2006],[76.1956,10.0861],[76.3465,9.9221],[76.4588,9.5362],[76.3756,9.5399],[76.3431,9.8273],[76.2424,9.9271],[76.3246,9.4521],[76.5534,8.9028],[77.0659,8.3159],[77.3015,8.1453],[77.5176,8.0783],[77.7703,8.1898],[78.0602,8.3846],[78.1264,8.5113],[78.1925,8.8909],[78.4215,9.105],[78.9796,9.2686],[79.2129,9.256],[79.4114,9.1924],[79.2755,9.2846],[79.0199,9.3333],[78.9191,9.4529],[78.9399,9.5658],[79.2578,10.0352],[79.2536,10.1748],[79.3146,10.2567],[79.5316,10.3296],[79.6674,10.2997],[79.8382,10.3226],[79.8486,11.1969],[79.799,11.3387],[79.6932,11.3125],[79.7934,11.4467],[79.7541,11.5753],[79.8585,11.9888],[80.1431,12.452],[80.2291,12.6903],[80.3424,13.3613],[80.0621,13.6062],[80.1562,13.7138],[80.3065,13.4851],[80.1117,14.2122],[80.1787,14.4783],[80.0534,15.074],[80.1011,15.3236],[80.2935,15.7107],[80.3849,15.7928],[80.6466,15.895],[80.7818,15.8673],[80.826,15.7659],[80.9787,15.7584],[81.0301,15.8814],[81.1321,15.9618],[81.2861,16.3371],[81.4019,16.3652],[81.7619,16.3295],[82.2588,16.5599],[82.3598,16.7828],[82.2819,16.9361],[82.3596,17.0962],[82.5932,17.2739],[83.1983,17.609],[83.6543,18.0699],[84.1041,18.2927],[84.6908,18.9647],[84.771,19.1254],[85.2256,19.5084],[85.4416,19.6266],[85.3709,19.6789],[85.1808,19.5949],[85.1628,19.6209],[85.2486,19.7577],[85.46,19.8959],[85.5041,19.8877],[85.5551,19.8669],[85.5598,19.7535],[85.4969,19.6969],[85.575,19.6929],[86.2162,19.8958],[86.2795,19.9194],[86.3119,19.9878],[86.2452,20.053],[86.3766,20.0067],[86.4987,20.1716],[86.7504,20.3132],[86.7625,20.4191],[86.9755,20.7001],[86.8423,21.1063],[86.8596,21.2367],[87.1007,21.5008],[87.6782,21.6535],[87.9484,21.8254],[88.1593,22.1217],[87.9616,22.255],[87.9414,22.3743],[87.9944,22.2657],[88.1963,22.1396],[88.0568,21.6941],[88.1221,21.6358],[88.2537,21.6223],[88.2875,21.7582],[88.446,21.6143],[88.5847,21.6597],[88.5668,21.8321],[88.6416,22.122],[88.7402,22.0054],[88.6912,21.7335],[88.745,21.5844],[88.8344,21.6614],[88.8575,21.7447],[88.9074,21.6531],[89.0517,21.6541],[89.0196,21.8336],[88.9493,21.9379],[89.0279,21.9372],[89.0522,22.0913]],[[72.7879,11.2159],[72.773,11.1961],[72.7927,11.2627],[72.7959,11.2604],[72.7879,11.2159]],[[73.0533,8.2567],[73.0285,8.2535],[73.0261,8.2753],[73.0795,8.3165],[73.0533,8.2567]]]}},{"type":"Feature","properties":{"name":"Iceland","aliases":["Iceland","Republic of Iceland"],"kind":"country"},"geometry":{"type":"MultiLineString","coordinates":[[[-14.7882,66.3314],[-14.9122,66.2843],[-15.1174,66.1256],[-15.0103,66.0613],[-14.7872,66.0591],[-14.6982,66.0202],[-14.6882,65.897],[-14.8271,65.7643],[-14.3918,65.7874],[-14.3182,65.6845],[-14.4734,65.5753],[-14.1669,65.6423],[-13.6179,65.5193],[-13.6678,65.399],[-13.8048,65.3548],[-13.6411,65.275],[-13.6489,65.237],[-13.7549,65.1925],[-13.5586,65.1247],[-13.5993,65.0359],[-13.854,64.9929],[-13.8278,64.958],[-13.8529,64.8622],[-14.0444,64.7419],[-14.1352,64.7148],[-14.3851,64.7452],[-14.3753,64.6774],[-14.4654,64.6357],[-14.417,64.5831],[-14.4326,64.5383],[-14.6282,64.416],[-15.0216,64.2959],[-15.2559,64.2969],[-15.8329,64.1767],[-16.6403,63.8655],[-17.8157,63.713],[-17.9148,63.6364],[-17.8803,63.5902],[-17.9469,63.5357],[-18.08,63.4963],[-18.2522,63.5297],[-18.2223,63.4732],[-18.6536,63.4067],[-20.1981,63.5558],[-20.494,63.6874],[-20.47,63.7482],[-20.363,63.7649],[-20.414,63.8052],[-20.6509,63.7374],[-20.7299,63.7934],[-21.1366,63.8879],[-21.1558,63.9068],[-21.106,63.9398],[-21.2462,63.9354],[-21.4486,63.8584],[-22.6522,63.8277],[-22.743,64.0194],[-22.7012,64.0832],[-22.5101,63.9915],[-22.1876,64.0392],[-21.8659,64.1803],[-21.6687,64.349],[-21.4633,64.3791],[-21.6467,64.3979],[-22.0534,64.3139],[-21.9013,64.3916],[-22.0007,64.4132],[-21.9503,64.515],[-21.5906,64.6264],[-21.675,64.6477],[-22.106,64.5331],[-22.3247,64.6244],[-22.2476,64.7269],[-22.467,64.795],[-23.347,64.8244],[-23.819,64.7392],[-24.0262,64.8634],[-23.9244,64.9152],[-23.3527,64.9528],[-23.198,65.0021],[-23.1088,64.9659],[-22.7881,65.0465],[-21.8921,65.0488],[-21.7637,65.1737],[-22.0993,65.1262],[-22.5091,65.1968],[-21.8444,65.4474],[-22.0058,65.4935],[-22.3115,65.4807],[-22.3897,65.5354],[-22.6436,65.5678],[-22.8126,65.5474],[-22.9025,65.5805],[-23.8999,65.4076],[-24.4757,65.5252],[-24.2489,65.615],[-23.8567,65.5384],[-24.01,65.6162],[-24.0176,65.6909],[-24.1119,65.7597],[-24.0926,65.7765],[-23.9091,65.7656],[-23.6159,65.6796],[-23.2854,65.75],[-23.7047,65.7812],[-23.8326,65.8492],[-23.7413,65.8846],[-23.525,65.88],[-23.7773,66.0176],[-23.7372,66.0694],[-23.4345,66.0242],[-23.5985,66.1088],[-23.4525,66.181],[-23.0625,66.0862],[-23.019,65.9821],[-22.6599,66.0259],[-22.6097,65.9765],[-22.616,65.8675],[-22.4417,65.9083],[-22.4453,66.07],[-22.9479,66.2127],[-22.8616,66.2515],[-22.4844,66.2663],[-22.6862,66.3377],[-23.1169,66.3387],[-22.8892,66.4406],[-22.4261,66.4301],[-21.4069,66.0256],[-21.5166,65.9676],[-21.3088,65.8953],[-21.3749,65.7419],[-21.4566,65.6982],[-21.6584,65.7236],[-21.4663,65.6352],[-21.4336,65.6097],[-21.4551,65.5847],[-21.3647,65.5782],[-21.4322,65.4741],[-21.23,65.4206],[-21.1297,65.2666],[-20.9397,65.5652],[-20.8043,65.6364],[-20.679,65.6631],[-20.5481,65.5795],[-20.4548,65.571],[-20.3566,65.719],[-20.3566,66.0333],[-20.2075,66.1001],[-20.0261,66.0493],[-19.6479,65.8008],[-19.4897,65.7681],[-19.4339,65.8145],[-19.4563,65.9849],[-19.383,66.0757],[-18.8459,66.1839],[-18.277,65.8847],[-18.1419,65.7341],[-18.099,65.8303],[-18.3153,66.0932],[-18.2972,66.1574],[-17.907,66.1433],[-17.5504,65.9644],[-17.153,66.2028],[-16.838,66.1252],[-16.485,66.1959],[-16.4281,66.2784],[-16.5407,66.4467],[-16.2493,66.5229],[-15.9854,66.5146],[-15.7138,66.3586],[-15.7028,66.2857],[-15.5431,66.2285],[-15.2409,66.2591],[-14.8561,66.3814],[-14.5939,66.374],[-14.7882,66.3314]]]}},{"type":"Feature","properties":{"name":"Honduras","aliases":["Honduras","Republic of Honduras"],"kind":"country"},"geometry":{"type":"MultiLineString","coordinates":[[[-86.3378,16.4392],[-86.2555,16.4282],[-86.6304,16.3018],[-86.5569,16.3621],[-86.3378,16.4392]],[[-87.8151,13.3987],[-87.4891,13.3529],[-87.4984,13.2749],[-87.4128,13.1274],[-87.3325,13.0847],[-87.3373,12.9782]],[[-83.1582,14.9921],[-83.2909,15.0789],[-83.3692,15.24],[-83.6464,15.3684],[-83.6761,15.3654],[-83.4979,15.2221],[-83.5896,15.2658],[-83.7604,15.2204],[-83.9274,15.394],[-84.0951,15.4009],[-84.1113,15.4924],[-83.9728,15.5196],[-83.7653,15.4055],[-84.2614,15.8226],[-84.5196,15.8728],[-84.426,15.8295],[-84.5597,15.802],[-84.6461,15.8836],[-84.9737,15.9899],[-85.1637,15.9182],[-85.4837,15.8995],[-85.784,16.0028],[-85.9856,16.0242],[-85.9363,15.9534],[-86.1812,15.8852],[-86.3566,15.7832],[-86.757,15.7942],[-86.9072,15.7624],[-87.2859,15.8344],[-87.4869,15.7902],[-87.6182,15.9099],[-87.7019,15.9106],[-87.875,15.8793],[-88.1311,15.701],[-88.2292,15.7296]],[[-85.961,16.4297],[-85.9472,16.4036],[-85.8338,16.5109],[-85.8782,16.514],[-85.961,16.4297]]]}},{"type":"Feature","properties":{"name":"Haiti","aliases":["Haiti","Republic of Haiti"],"kind":"country"},"geometry":{"type":"MultiLineString","coordinates":[[[-71.7783,19.7185],[-71.8347,19.6967],[-72.2198,19.7446],[-72.637,19.9009],[-72.8765,19.9281],[-73.2178,19.8837],[-73.4005,19.8074],[-73.4384,19.7221],[-73.3963,19.6587],[-73.0527,19.6107],[-72.7032,19.4411],[-72.768,19.2406],[-72.7412,19.1313],[-72.8111,19.0716],[-72.6491,18.8941],[-72.3477,18.675],[-72.3761,18.5745],[-72.6181,18.5508],[-72.7894,18.4348],[-73.5916,18.5224],[-74.2277,18.6627],[-74.3875,18.6247],[-74.4781,18.45],[-74.419,18.3462],[-74.0854,18.2151],[-73.885,18.0419],[-73.7473,18.1902],[-73.3852,18.2512],[-72.8767,18.1518],[-72.5036,18.2199],[-72.0599,18.2286],[-71.9461,18.1861],[-71.7675,18.0386]],[[-73.1706,18.9673],[-73.2764,18.9541],[-73.2853,18.8967],[-72.8222,18.7071],[-72.8046,18.7777],[-73.1706,18.9673]],[[-72.8515,20.0937],[-72.9604,20.0623],[-72.6389,19.9858],[-72.6235,20.0142],[-72.8515,20.0937]]]}},{"type":"Feature","properties":{"name":"Guyana","aliases":["Guyana","Co-operative Republic of Guyana"],"kind":"country"},"geometry":{"type":"MultiLineString","coordinates":[[[-57.1942,5.5476],[-57.1672,5.885],[-57.2275,6.1784],[-57.3437,6.2721],[-57.5401,6.3315],[-57.6076,6.4504],[-57.9826,6.7859],[-58.2984,6.8793],[-58.415,6.8512],[-58.5695,6.6272],[-58.594,6.4515],[-58.6729,6.3908],[-58.6135,6.5025],[-58.5829,6.8437],[-58.4806,7.0381],[-58.4773,7.3258],[-58.5111,7.398],[-58.8116,7.7356],[-59.2002,8.0746],[-59.6661,8.3626],[-59.7393,8.38],[-59.7567,8.3395],[-59.8365,8.3738],[-60.0184,8.5497]]]}},{"type":"Feature","properties":{"name":"Guinea-Bissau","aliases":["Guinea-Bissau","Republic of Guinea-Bissau"],"kind":"country"},"geometry":{"type":"MultiLineString","coordinates":[[[-16.0673,11.1972],[-16.2364,11.1134],[-16.1945,11.0446],[-16.0722,11.0841],[-16.0673,11.1972]],[[-15.9635,11.0953],[-15.964,11.059],[-15.9052,11.0547],[-15.9377,11.1928],[-15.9635,11.0953]],[[-15.7175,11.3018],[-15.7547,11.2687],[-15.7675,11.1823],[-15.7251,11.1745],[-15.6672,11.2579],[-15.6584,11.2865],[-15.7175,11.3018]],[[-15.5366,11.6176],[-15.6196,11.5335],[-15.5628,11.5138],[-15.4844,11.5675],[-15.4825,11.6323],[-15.5366,11.6176]],[[-15.9487,11.4344],[-15.9018,11.4658],[-15.9153,11.5891],[-15.9646,11.5983],[-16.0232,11.4771],[-15.9487,11.4344]],[[-16.1024,11.7732],[-16.0383,11.7597],[-15.9864,11.882],[-16.1524,11.8768],[-16.1024,11.7732]],[[-16.7124,12.3556],[-16.4368,12.2042],[-16.2446,12.2371],[-16.3188,12.1438],[-16.3281,12.0516],[-16.2743,11.9781],[-16.1384,11.9173],[-15.9588,11.9596],[-15.9202,11.9378],[-15.9417,11.7866],[-15.8194,11.7635],[-15.4348,11.9436],[-15.1881,11.9273],[-15.0783,11.969],[-15.1017,11.914],[-15.2108,11.8709],[-15.4672,11.8428],[-15.5019,11.7238],[-15.413,11.6152],[-15.2304,11.6868],[-15.1224,11.6616],[-15.0727,11.5978],[-15.4291,11.4989],[-15.4795,11.4103],[-15.3547,11.3963],[-15.3945,11.3345],[-15.3931,11.2172],[-15.3175,11.152],[-15.2167,11.1562],[-15.2221,11.0309],[-15.0546,11.1419],[-15.0938,11.011],[-15.0431,10.9391]]]}},{"type":"Feature","properties":{"name":"Guinea","aliases":["Guinea","Republic of Guinea"],"kind":"country"},"geometry":{"type":"MultiLineString","coordinates":[[[-15.0436,10.941],[-15.0512,10.8346],[-15.0124,10.8043],[-14.975,10.8034],[-14.8867,10.9681],[-14.7759,10.9316],[-14.6773,10.689],[-14.5935,10.7667],[-14.6096,10.5499],[-14.4269,10.2483],[-14.1704,10.1286],[-14.045,10.1413],[-13.9546,9.9687],[-13.8201,9.8872],[-13.7537,9.8703],[-13.6898,9.9278],[-13.6571,9.6391],[-13.6914,9.5358],[-13.5683,9.5434],[-13.4363,9.4203],[-13.3961,9.3143],[-13.2695,9.1706],[-13.2924,9.0483]]]}},{"type":"Feature","properties":{"name":"Guatemala","aliases":["Guatemala","Republic of Guatemala"],"kind":"country"},"geometry":{"type":"MultiLineString","coordinates":[[[-92.236,14.546],[-91.8191,14.2282],[-91.3773,13.9902],[-91.146,13.9256],[-90.6069,13.929],[-90.0943,13.7361]],[[-88.2274,15.7287],[-88.5939,15.9503],[-88.5362,15.8496],[-88.6034,15.7642],[-88.8943,15.8916]]]}},{"type":"Feature","properties":{"name":"Grenada","aliases":["Grenada"],"kind":"country"},"geometry":{"type":"MultiLineString","coordinates":[[[-61.6604,12.2373],[-61.715,12.1851],[-61.7821,12.0082],[-61.6271,12.0542],[-61.6068,12.2234],[-61.6604,12.2373]]]}},{"type":"Feature","properties":{"name":"Greece","aliases":["Greece","Hellenic Republic"],"kind":"country"},"geometry":{"type":"MultiLineString","coordinates":[[[26.1679,35.2151],[26.028,35.2153],[25.7913,35.1229],[25.745,35.1427],[25.7302,35.3486],[25.4757,35.3062],[25.1043,35.3469],[25.0031,35.4099],[24.7213,35.4248],[24.3129,35.3638],[24.2554,35.4686],[24.109,35.4958],[24.1978,35.5375],[24.166,35.5952],[24.0934,35.5938],[24.0133,35.5294],[23.8522,35.5354],[23.7934,35.5562],[23.7369,35.6555],[23.6727,35.5139],[23.6087,35.5663],[23.5698,35.5348],[23.5476,35.4156],[23.5616,35.2952],[23.6381,35.2352],[23.8836,35.2461],[24.4637,35.1604],[24.7089,35.0891],[24.7452,34.9506],[24.7998,34.9345],[25.8297,35.0252],[26.1656,35.0186],[26.2443,35.0447],[26.3202,35.3151],[26.1679,35.2151]],[[24.464,38.1451],[24.2758,38.22],[24.1875,38.4634],[24.1997,38.541],[24.099,38.671],[23.8782,38.6866],[23.525,38.8135],[23.3127,39.0349],[23.1458,39.0027],[22.8703,38.8705],[22.9357,38.8396],[23.0291,38.8734],[23.2521,38.8012],[23.6174,38.5525],[23.6508,38.4431],[23.7588,38.4012],[24.0401,38.39],[24.1891,38.2043],[24.212,38.1175],[24.3595,38.0186],[24.5365,37.9797],[24.5785,38.0202],[24.5884,38.124],[24.464,38.1451]],[[27.9145,36.3453],[27.7163,36.1716],[27.7573,36.0692],[27.7155,35.9573],[27.7457,35.911],[27.8428,35.9293],[27.9655,36.0475],[28.0878,36.0653],[28.0677,36.1297],[28.144,36.2099],[28.2318,36.4336],[27.9145,36.3453]],[[27.1572,35.6295],[27.2231,35.8205],[27.158,35.7887],[27.0707,35.5978],[27.1379,35.4091],[27.2336,35.4786],[27.1572,35.6295]],[[27.8625,36.6412],[27.7857,36.6075],[27.8383,36.538],[27.869,36.5827],[27.8625,36.6412]],[[27.0401,37.0016],[26.9666,37.0521],[26.8887,37.0873],[26.9377,37.0246],[26.9199,36.9452],[27.0197,36.959],[27.0401,37.0016]],[[27.0611,36.8404],[26.9184,36.7259],[27.3521,36.8689],[27.2656,36.9051],[27.0611,36.8404]],[[25.3619,37.0704],[25.4567,36.9297],[25.5459,36.9676],[25.5879,37.1525],[25.5253,37.1964],[25.3619,37.0704]],[[25.2753,37.1378],[25.1465,37.1074],[25.1055,37.035],[25.1994,36.9913],[25.2789,37.0684],[25.2753,37.1378]],[[25.4146,36.4423],[25.3705,36.3589],[25.4359,36.3401],[25.4824,36.3926],[25.409,36.4737],[25.4146,36.4423]],[[25.3644,36.6583],[25.4069,36.7173],[25.2959,36.7892],[25.26,36.7584],[25.3644,36.6583]],[[26.9815,37.782],[26.7434,37.8098],[26.5811,37.7237],[26.8449,37.6447],[27.0551,37.7093],[27.0396,37.77],[26.9815,37.782]],[[26.2115,37.6383],[26.0863,37.6349],[25.9824,37.5256],[26.2049,37.5685],[26.3514,37.6743],[26.2115,37.6383]],[[25.942,36.8866],[25.7968,36.807],[25.7432,36.7897],[25.8594,36.7904],[26.0645,36.9027],[26.0007,36.9374],[25.942,36.8866]],[[26.337,36.5806],[26.2698,36.5954],[26.27,36.5469],[26.3314,36.5114],[26.4606,36.5854],[26.37,36.6386],[26.3842,36.6079],[26.337,36.5806]],[[24.2774,37.6011],[24.289,37.5283],[24.4008,37.649],[24.3204,37.6777],[24.2774,37.6011]],[[24.3978,37.3834],[24.3789,37.3141],[24.4814,37.408],[24.4312,37.4752],[24.3697,37.4196],[24.3978,37.3834]],[[24.4252,36.7129],[24.3574,36.7443],[24.326,36.6556],[24.5307,36.684],[24.5357,36.7638],[24.4252,36.7129]],[[24.9429,37.4935],[24.9065,37.5089],[24.9115,37.3906],[24.9379,37.3897],[24.9429,37.4935]],[[24.9484,37.8577],[24.9563,37.9048],[24.8551,37.9137],[24.7904,37.9901],[24.7002,37.9617],[24.7144,37.8989],[24.9622,37.6924],[24.9917,37.7596],[24.9484,37.8577]],[[25.1563,37.5451],[25.2188,37.5351],[25.2559,37.5996],[24.9965,37.6769],[25.1563,37.5451]],[[24.6765,36.9593],[24.7026,36.9171],[24.7632,36.9492],[24.7161,37.0238],[24.6814,37.0216],[24.6765,36.9593]],[[26.0125,38.6017],[25.8461,38.574],[25.8513,38.5084],[25.9914,38.3535],[25.8743,38.2696],[25.9985,38.1615],[26.157,38.3029],[26.1604,38.5407],[26.0125,38.6017]],[[26.5311,39.1718],[26.3928,39.2701],[26.4102,39.3294],[26.3478,39.383],[26.1654,39.3735],[26.1648,39.332],[26.0884,39.3043],[25.9096,39.2875],[25.8441,39.2],[25.9062,39.139],[26.0724,39.0956],[26.176,39.1943],[26.2731,39.1976],[26.1079,39.0811],[26.1608,39.0259],[26.3901,38.9739],[26.5472,38.9941],[26.4887,39.0748],[26.584,39.0314],[26.5311,39.1718]],[[23.7352,39.0806],[23.7798,39.1144],[23.5939,39.2086],[23.6661,39.0954],[23.7352,39.0806]],[[23.9709,39.2677],[23.8881,39.2264],[23.8412,39.1466],[23.9397,39.2005],[23.9709,39.2677]],[[24.5813,38.8789],[24.5641,38.9422],[24.4856,38.9803],[24.461,38.8886],[24.5664,38.8324],[24.541,38.7887],[24.6747,38.8092],[24.5813,38.8789]],[[25.5686,40.5159],[25.448,40.4828],[25.5727,40.4004],[25.6857,40.4266],[25.5686,40.5159]],[[25.3736,40.0155],[25.2857,39.9563],[25.2342,40.0054],[25.058,39.9997],[25.0622,39.8524],[25.1852,39.8299],[25.2494,39.8941],[25.2634,39.8229],[25.357,39.8081],[25.4491,40.0348],[25.3736,40.0155]],[[24.6233,40.7929],[24.5155,40.647],[24.6459,40.5794],[24.7742,40.6152],[24.7736,40.7303],[24.7191,40.7863],[24.6233,40.7929]],[[20.7889,38.1421],[20.6952,38.2462],[20.6247,38.2679],[20.5632,38.475],[20.5196,38.3323],[20.4351,38.3562],[20.3522,38.2217],[20.3525,38.1799],[20.4521,38.2342],[20.5235,38.1066],[20.5689,38.0977],[20.6062,38.1197],[20.7613,38.0706],[20.7889,38.1421]],[[20.8398,37.8407],[20.7587,37.853],[20.6915,37.9295],[20.6195,37.855],[20.8186,37.6647],[20.9091,37.7321],[20.9939,37.708],[20.8398,37.8407]],[[20.6479,38.601],[20.7148,38.6383],[20.6941,38.8442],[20.6347,38.8176],[20.5579,38.6619],[20.5547,38.5826],[20.6479,38.601]],[[20.7013,38.4514],[20.6236,38.4803],[20.7093,38.3186],[20.7587,38.3294],[20.7013,38.4514]],[[19.9553,39.4704],[19.9041,39.6195],[19.8467,39.6681],[19.9261,39.7737],[19.8386,39.8201],[19.6465,39.7671],[19.884,39.4615],[20.0996,39.3766],[20.0779,39.4327],[19.9553,39.4704]],[[23.5114,37.9012],[23.551,37.9259],[23.5155,37.986],[23.4193,37.9312],[23.5114,37.9012]],[[22.9505,36.3839],[22.9057,36.3203],[22.9108,36.221],[23.0422,36.1464],[23.0971,36.2466],[22.9505,36.3839]],[[25.4027,37.4191],[25.463,37.4711],[25.3127,37.4893],[25.3071,37.413],[25.4027,37.4191]],[[24.4838,37.2102],[24.4248,37.132],[24.4865,37.1101],[24.5359,37.1677],[24.4838,37.2102]],[[20.0012,39.7104],[20.1914,39.5458],[20.3008,39.3271],[20.4683,39.2553],[20.7134,39.0352],[20.7797,39.0085],[21.1184,39.03],[21.1523,38.9221],[21.1116,38.8963],[20.8932,38.9411],[20.7773,38.9279],[20.7686,38.8744],[20.7769,38.8075],[20.8732,38.7757],[20.9922,38.654],[21.1132,38.3847],[21.1826,38.3456],[21.3033,38.3739],[21.3311,38.4873],[21.4726,38.3214],[21.9653,38.4125],[22.3199,38.3568],[22.4217,38.4385],[22.8344,38.2347],[23.1489,38.1761],[23.1835,38.1337],[23.1221,38.0733],[22.8932,38.0509],[22.9203,37.9583],[21.9533,38.3212],[21.8247,38.3281],[21.6584,38.1751],[21.4037,38.1967],[21.3081,38.0274],[21.1247,37.8916],[21.2885,37.7745],[21.3293,37.6693],[21.5713,37.541],[21.6789,37.3872],[21.6925,37.3093],[21.5788,37.2004],[21.5829,37.081],[21.7381,36.8632],[21.8924,36.7373],[21.9556,36.9901],[22.0805,37.029],[22.376,36.7019],[22.3748,36.5136],[22.4277,36.4758],[22.4895,36.4469],[22.4891,36.5682],[22.6084,36.7797],[22.7172,36.7939],[22.7799,36.7862],[22.9829,36.5284],[23.1602,36.4481],[23.041,36.6445],[23.0604,36.8535],[22.8511,37.2908],[22.765,37.3933],[22.7254,37.5421],[22.775,37.5851],[23.0151,37.4818],[23.0965,37.4406],[23.1,37.3638],[23.1615,37.3338],[23.4893,37.4402],[23.3962,37.5798],[23.1976,37.6202],[23.1472,37.7953],[23.0363,37.8784],[23.1937,37.959],[23.5018,38.0349],[23.5805,38.0105],[23.9716,37.6768],[24.0197,37.6777],[24.0623,37.7745],[24.0245,38.1398],[23.967,38.275],[23.684,38.3524],[23.5696,38.4894],[23.3689,38.5255],[23.2529,38.6612],[23.1377,38.668],[23.0203,38.7419],[22.5691,38.8675],[22.8026,38.9016],[23.0667,39.0379],[22.9655,39.0309],[22.886,39.17],[22.839,39.2586],[22.9214,39.3063],[22.9929,39.3311],[23.1617,39.2578],[23.1194,39.1328],[23.1547,39.1015],[23.3277,39.1749],[23.2334,39.3584],[22.9788,39.5638],[22.8357,39.8006],[22.5922,40.0369],[22.5693,40.1193],[22.6427,40.3666],[22.6295,40.4956],[22.9223,40.5909],[22.8514,40.4906],[22.8965,40.3999],[23.312,40.2165],[23.3282,40.0899],[23.3956,39.9898],[23.6273,39.9241],[23.6741,39.9589],[23.4332,40.1154],[23.3864,40.222],[23.4263,40.264],[23.6646,40.2238],[23.8354,40.0223],[23.9471,39.9656],[24.0008,40.0246],[23.9675,40.1146],[23.7205,40.2863],[23.7279,40.3297],[23.9132,40.3588],[24.1588,40.28],[24.3434,40.1477],[24.2128,40.3278],[24.0306,40.4093],[23.8668,40.4186],[23.8319,40.4815],[23.8789,40.5444],[23.7433,40.677],[23.7628,40.7478],[24.0823,40.7241],[24.4771,40.9478],[24.793,40.8575],[25.1045,40.9947],[25.2501,40.9328],[25.8557,40.8441],[26.0395,40.7259]]]}},{"type":"Feature","properties":{"name":"Ghana","aliases":["Ghana","Republic of Ghana"],"kind":"country"},"geometry":{"type":"MultiLineString","coordinates":[[[-3.0195,5.1318],[-3.0878,5.1285]],[[-3.115,5.0889],[-2.3989,4.9293],[-2.0902,4.7641],[-2.0019,4.7625],[-1.5017,5.038],[-1.0643,5.1827],[-0.7977,5.2267],[-0.3487,5.5008],[0.2597,5.7573],[0.7488,5.7601],[0.9497,5.8103],[1.0503,5.994],[1.1882,6.0899]]]}},{"type":"Feature","properties":{"name":"Germany","aliases":["Germany","Federal Republic of Germany"],"kind":"country"},"geometry":{"type":"MultiLineString","coordinates":[[[13.6019,54.4251],[13.5805,54.464],[13.6707,54.5354],[13.6576,54.5596],[13.4912,54.6154],[13.4228,54.6993],[13.3368,54.6971],[13.1767,54.5442],[13.1563,54.3969],[13.19,54.3256],[13.3644,54.2458],[13.4146,54.2496],[13.482,54.3374],[13.5949,54.3382],[13.7073,54.2812],[13.7342,54.3154],[13.7092,54.3827],[13.6019,54.4251]],[[11.085,54.5334],[11.0117,54.4662],[11.1293,54.416],[11.2828,54.418],[11.2336,54.5013],[11.085,54.5334]],[[8.4515,55.0554],[8.4052,55.0587],[8.2957,54.9083],[8.2847,54.7671],[8.3474,54.8476],[8.6296,54.8917],[8.3799,54.8999],[8.3904,54.9863],[8.4515,55.0554]],[[8.51,54.7603],[8.4177,54.7387],[8.4004,54.7141],[8.5879,54.7127],[8.51,54.7603]],[[14.2123,53.9499],[13.8277,54.1272],[13.8271,54.0596],[13.9217,53.9966],[13.9258,53.8791],[14.2147,53.8706]],[[14.26,53.7294],[14.025,53.7674],[13.8655,53.8534],[13.8223,54.019],[13.7242,54.1532],[13.448,54.1409],[13.1475,54.2827],[13.0286,54.411],[12.5754,54.4674],[12.1113,54.1683],[11.7963,54.1455],[11.3996,53.9446],[11.1043,54.0092],[10.8546,54.0098],[10.8107,54.0751],[11.0086,54.1812],[11.0644,54.2805],[11.0134,54.3792],[10.7315,54.3163],[10.3604,54.4383],[10.2124,54.4089],[10.1435,54.4884],[9.8687,54.4725],[10.0288,54.5813],[10.0222,54.6739],[9.8923,54.7806],[9.7394,54.8265]],[[8.6702,54.9044],[8.6823,54.7918],[8.9572,54.5383],[8.9519,54.4676],[8.648,54.3977],[8.6449,54.295],[8.7804,54.313],[8.9066,54.2608],[8.9035,54.0003],[8.9781,53.9262],[9.312,53.8591],[9.6312,53.6002],[9.784,53.5546],[9.5854,53.6005],[9.322,53.8135],[9.2056,53.856],[8.8978,53.8357],[8.6189,53.875],[8.5284,53.7811],[8.5062,53.6708],[8.5385,53.5569],[8.4952,53.3942],[8.4927,53.5144],[8.3339,53.6062],[8.2452,53.4453],[8.1085,53.4677],[8.1671,53.5434],[8.0093,53.6907],[7.2853,53.6813],[7.2064,53.6545],[7.0743,53.4776],[7.0533,53.3758],[7.1956,53.2825]]]}},{"type":"Feature","properties":{"name":"Georgia","aliases":["Georgia"],"kind":"country"},"geometry":{"type":"MultiLineString","coordinates":[[[39.9774,43.4203],[40.4621,43.1457],[40.8366,43.0635],[41.0616,42.9309],[41.1287,42.8281],[41.4194,42.7376],[41.4888,42.6593],[41.6633,42.1469],[41.763,41.97],[41.7588,41.8171],[41.7018,41.7054],[41.5093,41.5168]]]}},{"type":"Feature","properties":{"name":"Gambia","aliases":["Gambia","The Gambia","Republic of the Gambia"],"kind":"country"},"geometry":{"type":"MultiLineString","coordinates":[[[-16.5625,13.5883],[-16.5301,13.458],[-16.4405,13.3532],[-16.3518,13.3434],[-16.1354,13.4482],[-15.5695,13.4999],[-15.4275,13.4684],[-16.1584,13.384],[-16.1851,13.2827],[-16.4134,13.2697],[-16.5564,13.3032],[-16.6693,13.475],[-16.8248,13.3411],[-16.7633,13.0632]]]}},{"type":"Feature","properties":{"name":"Gabon","aliases":["Gabon","Gabonese Republic"],"kind":"country"},"geometry":{"type":"MultiLineString","coordinates":[[[9.5913,1.0332],[9.618,0.5765],[9.4953,0.6648],[9.33,0.6108],[9.3248,0.5521],[9.5465,0.2959],[9.7767,0.1925],[9.9444,0.2199],[10.0015,0.195],[9.8127,0.1256],[9.7968,0.0442],[9.4682,0.1598],[9.4111,0.2004],[9.3549,0.3436],[9.3019,0.2885],[9.3391,-0.0583],[9.2967,-0.3513],[9.1365,-0.5733],[8.9464,-0.6888],[8.8214,-0.7084],[8.7031,-0.591],[9.0646,-1.2983],[9.2038,-1.3824],[9.3467,-1.325],[9.2958,-1.5152],[9.4483,-1.5089],[9.5011,-1.5552],[9.5233,-1.5983],[9.3188,-1.632],[9.0363,-1.3089],[9.2584,-1.7263],[9.2656,-1.8251],[9.4832,-1.8946],[9.4828,-1.9623],[9.2989,-1.903],[9.5332,-2.1639],[9.6246,-2.3671],[10.062,-2.5499],[10.002,-2.5884],[9.7221,-2.4676],[10.3477,-3.0131],[10.5854,-3.278],[10.6407,-3.398],[10.9473,-3.6621],[11.032,-3.8265],[11.1309,-3.917]]]}},{"type":"Feature","properties":{"name":"France","aliases":["France","French Republic"],"kind":"country"},"geometry":{"type":"MultiLineString","coordinates":[[[8.6416,42.1182],[8.701,42.0956],[8.7025,42.0431],[8.6219,41.9307],[8.7404,41.9251],[8.7587,41.8704],[8.718,41.7614],[8.8868,41.7007],[8.8075,41.5884],[9.1861,41.3849],[9.3742,41.6788],[9.4009,41.9262],[9.5564,42.1609],[9.5262,42.5526],[9.4542,42.6586],[9.4633,42.981],[9.3632,43.0174],[9.3384,42.7669],[9.2877,42.6946],[9.1379,42.7329],[9.0437,42.6617],[8.7131,42.5498],[8.5656,42.3577],[8.6755,42.284],[8.5662,42.2188],[8.6416,42.1182]],[[45.1348,-12.7092],[45.0924,-12.653],[45.0426,-12.7013],[45.0936,-12.7861],[45.0694,-12.8956],[45.1176,-12.985],[45.1803,-12.9768],[45.2231,-12.7521],[45.1348,-12.7092]],[[55.6619,-20.9062],[55.4505,-20.8651],[55.3113,-20.9041],[55.2328,-21.0584],[55.3627,-21.2736],[55.5576,-21.3583],[55.7974,-21.3394],[55.8391,-21.1386],[55.6619,-20.9062]],[[-1.3887,46.0504],[-1.3687,45.9677],[-1.2136,45.8166],[-1.1783,45.9041],[-1.3887,46.0504]],[[-60.9337,14.6862],[-60.9271,14.7552],[-61.0271,14.8262],[-61.1274,14.8753],[-61.2133,14.8486],[-61.1411,14.6524],[-61.0113,14.6019],[-61.0903,14.5297],[-61.0637,14.4671],[-60.8994,14.4738],[-60.8621,14.4263],[-60.8263,14.4945],[-60.9337,14.6862]],[[-61.25,16.0063],[-61.3184,15.9549],[-61.3107,15.8947],[-61.2034,15.9212],[-61.25,16.0063]],[[-61.1726,16.2561],[-61.3555,16.3632],[-61.4064,16.4683],[-61.4712,16.5066],[-61.5106,16.4777],[-61.5222,16.228],[-61.1726,16.2561]],[[-61.6415,16.326],[-61.748,16.3553],[-61.7941,16.301],[-61.7594,16.0621],[-61.6705,15.9621],[-61.5639,16.0478],[-61.5523,16.2709],[-61.6415,16.326]],[[-51.6517,4.0627],[-51.6658,4.2288],[-51.8275,4.6357],[-51.8803,4.6337],[-51.9277,4.4361],[-52.0029,4.3523],[-51.9619,4.5144],[-52.0581,4.7174],[-52.22,4.8628],[-52.3246,4.7709],[-52.2905,4.9422],[-52.454,5.0213],[-52.8993,5.425],[-53.4544,5.5635],[-53.8472,5.7822],[-53.9199,5.769],[-53.9896,5.676],[-54.0853,5.4118],[-54.1549,5.361]],[[2.5258,51.0975],[1.9125,50.9906],[1.6723,50.885],[1.5795,50.7393],[1.5516,50.2939],[1.5928,50.2522],[1.2455,49.9982],[0.6162,49.8629],[0.1867,49.703],[0.1094,49.5575],[0.1294,49.5084],[0.2776,49.4633],[0.4393,49.4732],[0.4169,49.4484],[0.1361,49.4015],[-0.1635,49.2968],[-1.1385,49.3879],[-1.2323,49.4949],[-1.2586,49.6802],[-1.3657,49.7073],[-1.5882,49.6677],[-1.8564,49.6838],[-1.8701,49.5951],[-1.8134,49.4901],[-1.5831,49.2024],[-1.5655,48.8055],[-1.4805,48.6976],[-1.3765,48.6526],[-1.8247,48.6305],[-1.9057,48.6971],[-2.0037,48.5821],[-2.0794,48.645],[-2.4462,48.6483],[-2.6923,48.5368],[-3.0032,48.7907],[-3.2314,48.8408],[-3.4715,48.8129],[-3.7148,48.7105],[-4.0589,48.7075],[-4.5312,48.62],[-4.7208,48.5399],[-4.7625,48.4502],[-4.7194,48.3631],[-4.3932,48.3676],[-4.2414,48.3037],[-4.5771,48.29],[-4.5122,48.2297],[-4.3294,48.17],[-4.3778,48.1288],[-4.6292,48.0858],[-4.6788,48.0395],[-4.428,47.9689],[-4.3121,47.8229],[-3.9009,47.8375],[-3.4439,47.711],[-3.1588,47.6947],[-3.0642,47.6213],[-2.9641,47.6011],[-2.7872,47.6255],[-2.7331,47.6018],[-2.7968,47.5373],[-2.7703,47.5139],[-2.5541,47.5271],[-2.4277,47.4709],[-2.53,47.3816],[-2.5031,47.3121],[-2.353,47.2788],[-1.9754,47.3107],[-1.7425,47.216],[-2.0276,47.2736],[-2.1083,47.2629],[-2.1971,47.1629],[-2.0189,47.0376],[-2.0903,46.9205],[-2.0594,46.8103],[-1.7865,46.5148],[-1.3925,46.3501],[-1.1463,46.3114],[-1.1044,45.9253],[-1.0317,45.7411],[-1.21,45.7709],[-1.196,45.7145],[-0.7908,45.468],[-0.6411,45.0902],[-0.5485,45.0006],[-0.6911,45.0935],[-0.7667,45.3144],[-0.8263,45.3807],[-1.081,45.5324],[-1.1891,45.1615],[-1.2452,44.6667],[-1.1529,44.764],[-1.077,44.6898],[-1.1708,44.6618],[-1.2455,44.5599],[-1.346,44.0202],[-1.4849,43.5638],[-1.6314,43.438],[-1.795,43.4071]],[[3.2118,42.4302],[3.0909,42.5909],[3.0518,42.9151],[3.2589,43.1932],[3.7848,43.4616],[3.9108,43.5631],[4.0526,43.5931],[4.2242,43.4796],[4.7121,43.3733],[5.0598,43.4445],[5.0731,43.3666],[5.3202,43.3449],[5.4065,43.2285],[5.6716,43.1778],[5.8095,43.0979],[6.1159,43.0724],[6.5702,43.1991],[6.6572,43.2617],[6.7166,43.3736],[7.1814,43.6591],[7.3788,43.7321]],[[7.4377,43.7501],[7.4942,43.7673]]]}},{"type":"Feature","properties":{"name":"Saint Pierre and Miquelon","aliases":["Saint Pierre and Miquelon","St. Pierre and Miquelon"],"kind":"country"},"geometry":{"type":"MultiLineString","coordinates":[[[-56.2433,46.7672],[-56.1717,46.7528],[-56.1374,46.8016],[-56.1851,46.8073],[-56.2433,46.7672]],[[-56.3149,46.9539],[-56.2874,47.071],[-56.3646,47.099],[-56.3869,47.068],[-56.3326,46.916],[-56.3848,46.8194],[-56.3542,46.7953],[-56.2555,46.861],[-56.3149,46.9539]]]}},{"type":"Feature","properties":{"name":"Wallis and Futuna","aliases":["Wallis and Futuna","Wallis and Futuna Is.","Wallis and Futuna Islands"],"kind":"country"},"geometry":{"type":"MultiLineString","coordinates":[[[-176.1954,-13.3017],[-176.1606,-13.3328],[-176.1281,-13.2682],[-176.1479,-13.2217],[-176.1954,-13.3017]],[[-178.1422,-14.2426],[-178.1944,-14.2555],[-178.1586,-14.3119],[-178.0467,-14.3184],[-178.1422,-14.2426]]]}},{"type":"Feature","properties":{"name":"Saint Martin","aliases":["Saint Martin","St-Martin","Saint-Martin","Saint-Martin (French part)"],"kind":"country"},"geometry":{"type":"MultiLineString","coordinates":[[[-63.115,18.0907],[-63.1234,18.068]],[[-63.0112,18.0679],[-63.0248,18.1131],[-63.115,18.0907]]]}},{"type":"Feature","properties":{"name":"French Polynesia","aliases":["French Polynesia","Fr. Polynesia"],"kind":"country"},"geometry":{"type":"MultiLineString","coordinates":[[[-151.5058,-16.574],[-151.5124,-16.619],[-151.4849,-16.6651],[-151.4381,-16.6234],[-151.5058,-16.574]],[[-149.8137,-17.545],[-149.7824,-17.4878],[-149.9021,-17.4695],[-149.8866,-17.5528],[-149.8137,-17.545]],[[-151.4855,-16.8637],[-151.3645,-16.8643],[-151.4667,-16.7396],[-151.4764,-16.7607],[-151.4855,-16.8637]],[[-139.0243,-9.6952],[-139.1665,-9.7702],[-139.1341,-9.8295],[-138.875,-9.7929],[-138.8273,-9.7416],[-139.0243,-9.6952]],[[-139.1342,-9.9263],[-139.134,-10.0096],[-139.0597,-9.9313],[-139.1342,-9.9263]],[[-138.6877,-10.5324],[-138.6245,-10.463],[-138.6904,-10.4256],[-138.6877,-10.5324]],[[-149.3215,-17.69],[-149.3792,-17.5224],[-149.5081,-17.4964],[-149.635,-17.5643],[-149.5789,-17.735],[-149.3411,-17.7324],[-149.2905,-17.8225],[-149.1818,-17.8623],[-149.1509,-17.8121],[-149.1777,-17.7366],[-149.3215,-17.69]],[[-140.2244,-8.7815],[-140.2527,-8.848],[-140.2174,-8.9297],[-140.0726,-8.9104],[-140.0461,-8.8736],[-140.0577,-8.8015],[-140.2244,-8.7815]],[[-140.1444,-9.3594],[-140.0974,-9.4441],[-140.0311,-9.3447],[-140.0709,-9.3281],[-140.1444,-9.3594]],[[-139.5346,-8.8754],[-139.6118,-8.8724],[-139.621,-8.9479],[-139.5099,-8.9156],[-139.5346,-8.8754]],[[-140.8094,-17.8566],[-140.8325,-17.8385],[-140.7763,-17.7541],[-140.6382,-17.678],[-140.8036,-17.7517],[-140.8516,-17.8666],[-140.8094,-17.8566]],[[-136.3141,-18.5663],[-136.2939,-18.5443],[-136.3276,-18.5193],[-136.4785,-18.4708],[-136.3141,-18.5663]],[[-136.9713,-18.3609],[-137.0296,-18.2729],[-137.0676,-18.2653],[-136.9713,-18.3609]],[[-138.5349,-20.8759],[-138.5059,-20.8572],[-138.5464,-20.7712],[-138.5684,-20.7871],[-138.5349,-20.8759]],[[-140.6719,-18.4161],[-140.6854,-18.3799],[-140.7817,-18.3342],[-140.7732,-18.3638],[-140.6719,-18.4161]],[[-140.8227,-18.2169],[-140.9251,-18.0838],[-140.9735,-18.0592],[-140.8601,-18.1987],[-140.8227,-18.2169]],[[-142.5296,-16.1071],[-142.5068,-16.0277],[-142.4812,-16.0178],[-142.5118,-16.0963],[-142.5296,-16.1071]],[[-143.3862,-16.6688],[-143.4406,-16.6197],[-143.5507,-16.6211],[-143.4585,-16.6354],[-143.3862,-16.6688]],[[-143.5711,-16.6348],[-143.6702,-16.5809],[-143.7074,-16.5809],[-143.6106,-16.6404],[-143.5711,-16.6348]],[[-145.0577,-15.9011],[-145.0514,-15.8561],[-145.1607,-15.757],[-145.0764,-15.8576],[-145.0577,-15.9011]],[[-145.4822,-16.3468],[-145.4867,-16.3298],[-145.6138,-16.0792],[-145.6091,-16.1652],[-145.4822,-16.3468]]]}},{"type":"Feature","properties":{"name":"New Caledonia","aliases":["New Caledonia"],"kind":"country"},"geometry":{"type":"MultiLineString","coordinates":[[[166.9424,-22.0901],[166.6896,-21.953],[166.3033,-21.6372],[165.6628,-21.2672],[165.4472,-21.0806],[165.3806,-20.9358],[165.1918,-20.7688],[164.9757,-20.6811],[164.4359,-20.2822],[164.3151,-20.3089],[164.0597,-20.1415],[164.0373,-20.2336],[164.1581,-20.3479],[164.1697,-20.4802],[164.3745,-20.7393],[164.9274,-21.2898],[165.242,-21.5255],[165.7438,-21.7773],[165.8234,-21.8538],[166.0961,-21.9566],[166.1767,-22.0892],[166.4164,-22.1962],[166.468,-22.2561],[166.5706,-22.2655],[166.7741,-22.3762],[166.9703,-22.3229],[167.0043,-22.2615],[166.9424,-22.0901]],[[168.0109,-21.43],[167.9885,-21.3379],[167.8154,-21.3927],[167.8759,-21.5821],[167.9668,-21.6416],[168.1207,-21.6158],[168.1391,-21.4452],[168.0109,-21.43]],[[166.5597,-20.5611],[166.5578,-20.6171],[166.4936,-20.7086],[166.5889,-20.6619],[166.6179,-20.4775],[166.6708,-20.4502],[166.5825,-20.4134],[166.5597,-20.5611]],[[167.2935,-20.8915],[167.2689,-20.7006],[167.204,-20.6735],[167.0558,-20.7202],[167.045,-20.7595],[167.1895,-20.8035],[167.1117,-20.9041],[167.0327,-20.9226],[167.0727,-20.9973],[167.3462,-21.1687],[167.4009,-21.1606],[167.4306,-21.0553],[167.2935,-20.8915]],[[167.4435,-22.5414],[167.4221,-22.6186],[167.5127,-22.6611],[167.5295,-22.5792],[167.4435,-22.5414]],[[159.9282,-19.1743],[159.9364,-19.3331],[159.9751,-19.2383],[159.9599,-19.1146],[159.9282,-19.1743]]]}},{"type":"Feature","properties":{"name":"French Southern and Antarctic Lands","aliases":["French Southern and Antarctic Lands","Fr. S. Antarctic Lands","Territory of the French Southern and Antarctic Lands"],"kind":"country"},"geometry":{"type":"MultiLineString","coordinates":[[[70.3202,-49.0586],[70.2084,-49.135],[70.0613,-49.136],[69.7707,-49.2481],[69.5424,-49.2557],[69.4051,-49.1817],[69.4362,-49.124],[69.644,-49.1174],[69.5873,-49.072],[69.5928,-48.971],[69.3143,-49.1063],[69.0521,-49.0819],[69.0327,-49.0176],[69.1361,-48.861],[69.1228,-48.766],[69.0716,-48.7528],[69.0812,-48.6793],[69.0024,-48.6612],[68.832,-48.8487],[68.8369,-48.9262],[68.7695,-49.0659],[68.8834,-49.1649],[68.7988,-49.2316],[68.8721,-49.4443],[68.7828,-49.6513],[68.8147,-49.6996],[68.993,-49.705],[69.0859,-49.6529],[69.1531,-49.5297],[69.6129,-49.651],[69.7467,-49.6018],[69.9189,-49.6894],[70.1243,-49.7044],[70.3071,-49.5835],[70.1658,-49.5094],[70.0734,-49.5178],[70.0629,-49.5894],[69.9864,-49.5816],[69.856,-49.544],[69.7492,-49.4476],[69.8611,-49.4205],[69.9156,-49.3485],[69.9932,-49.3449],[70.1658,-49.343],[70.2977,-49.4248],[70.3861,-49.434],[70.3898,-49.3656],[70.4851,-49.3276],[70.5555,-49.2015],[70.4843,-49.0839],[70.3202,-49.0586]],[[69.2206,-49.0668],[69.3212,-49.0343],[69.3947,-48.9512],[69.3688,-48.8904],[69.1672,-48.8829],[69.1501,-48.919],[69.2206,-49.0668]],[[51.7419,-46.3269],[51.6593,-46.3736],[51.6966,-46.4281],[51.8346,-46.4399],[51.7419,-46.3269]]]}},{"type":"Feature","properties":{"name":"Aland","aliases":["Aland","\u00c5land","\u00c5land Islands"],"kind":"country"},"geometry":{"type":"MultiLineString","coordinates":[[[19.5514,60.2438],[19.5365,60.145],[19.6675,60.1647],[19.6288,60.2461],[19.5514,60.2438]],[[20.0732,60.1935],[20.1947,60.1936],[20.2589,60.2613],[19.8883,60.4058],[19.7878,60.3541],[19.8716,60.3016],[19.8477,60.2206],[19.7853,60.2134],[19.779,60.2855],[19.6723,60.233],[19.746,60.099],[19.7998,60.0817],[20.034,60.0936],[20.0732,60.1935]],[[20.5691,60.0696],[20.4901,60.0749],[20.3979,60.0407],[20.6034,60.0169],[20.5691,60.0696]]]}},{"type":"Feature","properties":{"name":"Finland","aliases":["Finland","Republic of Finland"],"kind":"country"},"geometry":{"type":"MultiLineString","coordinates":[[[21.9078,60.3932],[21.9503,60.4017],[21.8272,60.4699],[21.8187,60.3818],[21.9942,60.3367],[21.9078,60.3932]],[[21.366,63.2618],[21.2285,63.2227],[21.2363,63.2777],[21.0839,63.2775],[21.2534,63.152],[21.4156,63.1974],[21.422,63.2459],[21.366,63.2618]],[[22.3058,60.2286],[22.3129,60.27],[22.4155,60.3034],[22.355,60.3559],[22.1751,60.3708],[22.0771,60.2863],[22.2583,60.1656],[22.3605,60.1656],[22.3058,60.2286]],[[21.2146,60.6039],[21.3,60.4798],[21.4369,60.4831],[21.4509,60.5296],[21.2681,60.6383],[21.2146,60.6039]],[[21.7643,60.1988],[21.7048,60.1723],[21.695,60.1144],[21.8332,60.1405],[21.8644,60.2018],[21.7643,60.1988]],[[21.6341,60.169],[21.568,60.1723],[21.486,60.1268],[21.6283,60.1078],[21.6341,60.169]],[[24.786,65.0864],[24.5766,65.0429],[24.5786,64.9786],[24.6989,64.9578],[24.9976,65.0387],[24.786,65.0864]],[[24.1544,65.8052],[24.4043,65.7805],[24.628,65.8592],[24.5815,65.7571],[24.6749,65.6707],[24.8394,65.6604],[25.2418,65.5463],[25.3479,65.4792],[25.2559,65.1433],[25.3402,65.0986],[25.3727,65.0095],[25.228,64.951],[25.2882,64.8604],[24.9422,64.884],[24.5579,64.801],[24.2783,64.5153],[23.6529,64.1342],[23.5989,64.0409],[23.4939,64.0345],[22.7563,63.6833],[22.5323,63.6479],[22.5276,63.58],[22.398,63.4912],[22.3187,63.5044],[22.346,63.4424],[22.2433,63.4379],[22.3197,63.3104],[21.8957,63.2103],[21.8004,63.2377],[21.5451,63.2043],[21.5687,63.1137],[21.651,63.0393],[21.4735,63.0333],[21.4575,62.95],[21.1438,62.74],[21.1036,62.6229],[21.1656,62.4141],[21.3234,62.3426],[21.3434,62.2774],[21.3537,62.2238],[21.256,61.9896],[21.3849,61.9149],[21.606,61.5916],[21.4982,61.552],[21.565,61.4843],[21.5066,61.4843],[21.5135,61.2812],[21.3605,60.9675],[21.436,60.5964],[21.6133,60.531],[21.8053,60.5941],[21.8543,60.5054],[22.2579,60.4009],[22.585,60.3806],[22.5123,60.2813],[22.5899,60.2284],[22.4697,60.2013],[22.4427,60.1569],[22.4711,60.147],[22.4386,60.0903],[22.4627,60.0292],[22.7498,60.0573],[22.8191,60.1014],[22.8671,60.2158],[22.9117,60.2097],[22.9941,60.0985],[23.1984,60.0218],[23.1885,59.9722],[22.9639,59.8264],[23.0213,59.816],[23.1814,59.8449],[23.4636,59.9862],[23.7218,59.9657],[24.3426,60.0423],[24.4456,60.0213],[24.6005,60.1143],[25.1559,60.1941],[25.6564,60.3332],[25.758,60.2675],[25.9459,60.3468],[26.0358,60.3415],[25.956,60.4742],[26.2047,60.4066],[26.3777,60.4241],[26.4564,60.4668],[26.5693,60.6246],[26.6064,60.6279],[26.5197,60.4716],[26.5347,60.4129],[27.2053,60.5435],[27.4624,60.4648],[27.8,60.5363]]]}},{"type":"Feature","properties":{"name":"Fiji","aliases":["Fiji","Republic of Fiji"],"kind":"country"},"geometry":{"type":"MultiLineString","coordinates":[[[180.0,-16.1529],[179.8481,-16.2143],[179.6353,-16.2232],[179.3592,-16.3799],[178.9605,-16.4828],[178.8051,-16.6314],[178.6863,-16.6656],[178.5836,-16.6219],[178.4975,-16.7879],[178.6037,-16.8006],[178.7066,-16.9762],[178.8837,-16.886],[179.0068,-16.9002],[179.0555,-16.8136],[179.2023,-16.7127],[179.3233,-16.7181],[179.4193,-16.8065],[179.7147,-16.7436],[179.9279,-16.7444],[179.89,-16.667],[179.9304,-16.5194],[179.841,-16.5375],[179.5682,-16.7475],[179.5642,-16.6369],[179.6191,-16.5277],[179.7481,-16.4463],[179.9992,-16.1686]],[[177.2575,-17.0542],[177.2874,-17.0486],[177.2758,-17.1049],[177.1828,-17.1639],[177.2575,-17.0542]],[[178.5749,-17.7493],[178.5916,-17.6515],[178.2802,-17.4162],[178.2472,-17.3291],[178.1876,-17.313],[177.618,-17.461],[177.4007,-17.6316],[177.4232,-17.7373],[177.3602,-17.82],[177.264,-17.8635],[177.2549,-17.9149],[177.3214,-18.0775],[177.4573,-18.1482],[177.8471,-18.2549],[178.1602,-18.2502],[178.3315,-18.1353],[178.6677,-18.0809],[178.5749,-17.7493]],[[-179.0392,-17.9884],[-178.9881,-17.9767],[-179.0476,-17.9204],[-179.079,-17.9441],[-179.0392,-17.9884]],[[-178.8479,-18.2021],[-178.7736,-18.2524],[-178.7619,-18.2339],[-178.7631,-18.1914],[-178.8479,-18.2021]],[[-178.3254,-17.8758],[-178.3572,-17.9209],[-178.3068,-17.9633],[-178.2511,-17.9527],[-178.2803,-17.8864],[-178.3254,-17.8758]],[[-180.0,-16.9631],[-179.8223,-16.7653],[-179.861,-16.6883],[-180.0,-16.7855]],[[-180.0,-16.54],[-179.9294,-16.5028],[-179.9009,-16.4315],[-180.0,-16.4889]],[[179.9992,-16.9631],[179.9259,-17.0003],[179.897,-16.9641],[180.0,-16.7857]],[[179.3731,-17.2562],[179.389,-17.3938],[179.4472,-17.3062],[179.3731,-17.2562]],[[179.3064,-17.944],[179.2535,-18.0306],[179.3404,-18.1104],[179.3624,-18.0652],[179.3064,-17.944]],[[178.7477,-17.6857],[178.7761,-17.7468],[178.8275,-17.729],[178.8311,-17.6188],[178.7477,-17.6857]],[[-179.0149,-17.1824],[-178.9715,-17.2127],[-178.9818,-17.307],[-178.9148,-17.223],[-179.005,-17.1483],[-179.0149,-17.1824]],[[178.3343,-18.9345],[178.2084,-18.9696],[178.1041,-19.0662],[177.9587,-19.1216],[178.0208,-19.1517],[178.1621,-19.1215],[178.288,-19.0037],[178.359,-19.0456],[178.4877,-19.0171],[178.4879,-18.9741],[178.3343,-18.9345]],[[180.0,-16.54],[180.0,-16.489]],[[-180.0,-16.1529],[-179.9446,-16.1261],[-180.0,-16.1683]],[[-178.5762,-19.1252],[-178.5959,-19.1514],[-178.5463,-19.175],[-178.5351,-19.166],[-178.5762,-19.1252]],[[-179.8673,-18.9784],[-179.8512,-19.0029],[-179.7999,-18.9403],[-179.8311,-18.9242],[-179.8673,-18.9784]],[[-178.7231,-20.6668],[-178.7291,-20.6602],[-178.7275,-20.6452],[-178.7095,-20.6705],[-178.7231,-20.6668]],[[177.1181,-12.4823],[177.0676,-12.477],[177.0062,-12.4911],[177.0824,-12.5156],[177.1181,-12.4823]],[[174.593,-21.7023],[174.5872,-21.6801],[174.6277,-21.676],[174.6219,-21.7059],[174.593,-21.7023]]]}},{"type":"Feature","properties":{"name":"Estonia","aliases":["Estonia","Republic of Estonia"],"kind":"country"},"geometry":{"type":"MultiLineString","coordinates":[[[22.9643,58.6057],[22.547,58.6274],[22.3281,58.5809],[22.2666,58.508],[21.8623,58.4972],[21.9841,58.3867],[21.9244,58.3159],[21.8545,58.3017],[21.8821,58.2624],[22.1877,58.1543],[21.9855,57.9952],[21.9969,57.9313],[22.1524,57.9668],[22.2693,58.1607],[22.3717,58.2171],[22.7303,58.2307],[23.1271,58.436],[23.3232,58.4508],[22.9643,58.6057]],[[22.411,58.8634],[22.4727,58.7121],[22.5422,58.69],[22.6614,58.7092],[22.7673,58.8209],[22.8417,58.7774],[23.0087,58.8339],[22.9099,58.9912],[22.7255,59.0151],[22.7022,59.0744],[22.6494,59.0871],[22.5872,59.0812],[22.4626,58.9743],[22.0562,58.9436],[22.411,58.8634]],[[23.1654,58.6781],[23.0635,58.6111],[23.2604,58.54],[23.3436,58.5503],[23.3328,58.6486],[23.1654,58.6781]],[[28.0131,59.4851],[27.8926,59.4142],[26.9747,59.4506],[26.625,59.5539],[25.5093,59.639],[25.5209,59.5595],[25.4438,59.5211],[24.8775,59.5221],[24.5836,59.4557],[24.3804,59.4727],[24.1754,59.3759],[24.0536,59.3723],[24.0834,59.2919],[23.7825,59.2751],[23.4944,59.1957],[23.517,59.1076],[23.4678,59.0322],[23.515,58.9992],[23.432,58.9207],[23.5036,58.7898],[23.6808,58.7872],[23.5307,58.7163],[23.5093,58.6585],[23.5628,58.5758],[23.6915,58.5056],[23.7676,58.3608],[24.1148,58.2661],[24.2356,58.2896],[24.3369,58.3814],[24.5291,58.3542],[24.5497,58.3046],[24.4875,58.2616],[24.4639,58.106],[24.3223,57.8696]]]}},{"type":"Feature","properties":{"name":"Eritrea","aliases":["Eritrea","State of Eritrea"],"kind":"country"},"geometry":{"type":"MultiLineString","coordinates":[[[40.0481,16.1045],[39.9961,16.0427],[40.1101,15.9857],[40.0765,16.0824],[40.0481,16.1045]],[[40.2501,15.7035],[40.1825,15.6429],[40.0968,15.8385],[39.9567,15.8894],[40.0005,15.8283],[39.9399,15.7445],[40.0163,15.7333],[40.0705,15.6766],[40.0239,15.6556],[39.9475,15.6961],[39.9752,15.6125],[40.399,15.5799],[40.4082,15.6292],[40.2501,15.7035]],[[43.117,12.7076],[43.0829,12.8246],[42.999,12.8995],[42.9695,12.8084],[42.7962,12.8643],[42.7345,13.0186],[42.5229,13.2215],[42.3993,13.2126],[42.2451,13.5876],[41.6582,13.9831],[41.1765,14.6203],[40.7993,14.743],[40.5463,14.9336],[40.2041,15.0141],[40.0841,15.152],[40.041,15.3345],[39.8638,15.4703],[39.7903,15.3188],[39.8194,15.2013],[39.7855,15.1249],[39.6313,15.4525],[39.5788,15.5225],[39.5065,15.5321],[39.4223,15.7867],[39.2989,15.9211],[39.1426,16.7292],[39.0345,17.0855],[38.9117,17.4271],[38.609,18.006]]]}},{"type":"Feature","properties":{"name":"Equatorial Guinea","aliases":["Equatorial Guinea","Eq. Guinea","Republic of Equatorial Guinea"],"kind":"country"},"geometry":{"type":"MultiLineString","coordinates":[[[8.7604,3.7543],[8.6759,3.7359],[8.5772,3.4824],[8.4646,3.4506],[8.4343,3.3324],[8.4749,3.2646],[8.704,3.2236],[8.7635,3.3046],[8.9461,3.6275],[8.9507,3.7053],[8.9101,3.7582],[8.7604,3.7543]],[[9.8009,2.3054],[9.7797,2.0682],[9.807,1.9275],[9.6321,1.5655],[9.4942,1.4353],[9.3859,1.1393],[9.5099,1.1148],[9.5905,1.031]]]}},{"type":"Feature","properties":{"name":"El Salvador","aliases":["El Salvador","Republic of El Salvador"],"kind":"country"},"geometry":{"type":"MultiLineString","coordinates":[[[-90.0964,13.737],[-89.8042,13.5601],[-89.2776,13.4781],[-88.867,13.2833],[-88.512,13.1839],[-88.4839,13.1972],[-88.6856,13.2815],[-88.1807,13.164],[-87.9309,13.1807],[-87.8207,13.2852],[-87.8132,13.3987]]]}},{"type":"Feature","properties":{"name":"Egypt","aliases":["Egypt","Arab Republic of Egypt"],"kind":"country"},"geometry":{"type":"MultiLineString","coordinates":[[[34.1989,31.3233],[33.9025,31.181],[33.6665,31.1304],[33.3779,31.131],[33.1943,31.0845],[33.1299,31.1682],[32.6033,31.0688],[32.2162,31.2937],[32.2818,31.2009],[32.2065,31.119],[32.1018,31.0928],[32.0085,31.2205],[31.7711,31.2926],[31.8922,31.4825],[32.0761,31.3445],[32.136,31.3411],[31.889,31.5414],[31.5244,31.4583],[31.0829,31.6033],[31.0018,31.4628],[30.7005,31.4039],[30.563,31.417],[30.8842,31.5224],[30.9235,31.5668],[30.3951,31.4576],[30.2227,31.2584],[30.0494,31.2654],[29.9298,31.2275],[29.4285,30.9274],[29.0721,30.8303],[28.5148,31.0504],[27.9676,31.0974],[27.83,31.195],[27.54,31.2127],[27.248,31.3779],[25.8933,31.6209],[25.3822,31.5128],[25.2255,31.5338],[25.15,31.6558]],[[36.8714,21.9957],[36.8297,22.0977],[36.4146,22.3942],[36.2297,22.6288],[35.9134,22.7396],[35.6979,22.9462],[35.5228,23.4425],[35.5044,23.7793],[35.5408,23.9207],[35.7839,23.9378],[35.4778,24.1548],[35.1941,24.4751],[34.5651,25.6912],[33.9591,26.649],[33.8493,27.1849],[33.6973,27.3411],[33.5498,27.6074],[33.5471,27.8981],[33.2021,28.2083],[32.8982,28.5652],[32.6318,28.9922],[32.6381,29.1822],[32.599,29.3219],[32.3973,29.5338],[32.3598,29.6307],[32.4895,29.8515],[32.473,29.9254],[32.5657,29.974],[32.7215,29.5218],[33.1302,28.9783],[33.2478,28.5677],[33.5941,28.2556],[33.7603,28.0477],[34.0451,27.8289],[34.2201,27.7643],[34.3997,28.016],[34.4465,28.3573],[34.6172,28.7579],[34.7364,29.2706],[34.905,29.4782]]]}},{"type":"Feature","properties":{"name":"Ecuador","aliases":["Ecuador","Republic of Ecuador"],"kind":"country"},"geometry":{"type":"MultiLineString","coordinates":[[[-80.2237,-2.7531],[-80.2729,-2.9959],[-80.1507,-3.0117],[-80.0934,-2.8459],[-79.909,-2.7256],[-80.0808,-2.6688],[-80.2237,-2.7531]],[[-78.9917,1.2932],[-78.9656,1.2454],[-78.9092,1.2528],[-78.8998,1.3598],[-78.9917,1.2932]],[[-90.2694,-0.4847],[-90.4697,-0.5174],[-90.5317,-0.5814],[-90.5421,-0.6765],[-90.3871,-0.7733],[-90.2611,-0.742],[-90.1927,-0.6588],[-90.1853,-0.5448],[-90.2694,-0.4847]],[[-89.4231,-0.7223],[-89.6086,-0.8886],[-89.6026,-0.9135],[-89.5366,-0.9523],[-89.4189,-0.911],[-89.2594,-0.7284],[-89.3184,-0.6801],[-89.4231,-0.7223]],[[-91.3994,-0.3225],[-91.4602,-0.2557],[-91.6467,-0.2845],[-91.6466,-0.3908],[-91.5264,-0.4782],[-91.426,-0.4608],[-91.3994,-0.3225]],[[-90.4772,-1.221],[-90.5195,-1.2991],[-90.4239,-1.3399],[-90.3791,-1.2923],[-90.4772,-1.221]],[[-90.9589,-0.5953],[-90.9755,-0.4169],[-91.1762,-0.223],[-91.2101,-0.0393],[-91.3058,0.0914],[-91.3614,0.1258],[-91.491,0.1052],[-91.5901,-0.0148],[-91.55,-0.0467],[-91.4289,-0.0234],[-91.3692,-0.2872],[-91.2495,-0.3736],[-91.197,-0.497],[-91.1209,-0.5591],[-91.1447,-0.6229],[-91.4583,-0.7995],[-91.4835,-0.9246],[-91.3715,-1.017],[-91.1311,-1.0196],[-90.9055,-0.9405],[-90.7997,-0.7521],[-90.9589,-0.5953]],[[-90.6675,-0.1898],[-90.7804,-0.1604],[-90.8678,-0.2714],[-90.809,-0.3294],[-90.6205,-0.3643],[-90.5533,-0.2784],[-90.6675,-0.1898]],[[-78.8601,1.4563],[-78.8271,1.2959],[-78.8997,1.2063],[-79.4654,1.0601],[-79.6132,0.9711],[-79.7412,0.9798],[-80.0883,0.7848],[-80.025,0.4102],[-80.0461,0.1554],[-80.1334,-0.0061],[-80.4823,-0.3683],[-80.3848,-0.584],[-80.2824,-0.6205],[-80.4555,-0.5854],[-80.5539,-0.8479],[-80.8414,-0.9747],[-80.9024,-1.0789],[-80.8014,-1.3834],[-80.835,-1.6324],[-80.7606,-1.9346],[-80.7704,-2.0767],[-80.9628,-2.1893],[-80.9322,-2.2691],[-80.8391,-2.349],[-80.6849,-2.3969],[-80.4501,-2.626],[-80.2847,-2.7067],[-80.0066,-2.3538],[-80.0302,-2.5567],[-79.989,-2.5787],[-79.9256,-2.5485],[-79.8803,-2.4236],[-79.8934,-2.1457],[-79.8421,-2.0674],[-79.8224,-2.3565],[-79.7299,-2.5791],[-79.9633,-3.1577],[-80.1599,-3.3243],[-80.3255,-3.3884]]]}},{"type":"Feature","properties":{"name":"Dominican Republic","aliases":["Dominican Republic","Dominican Rep."],"kind":"country"},"geometry":{"type":"MultiLineString","coordinates":[[[-68.6848,18.9048],[-68.9014,18.9885],[-69.6236,19.1178],[-69.606,19.2065],[-69.3228,19.2011],[-69.2325,19.2718],[-69.325,19.3277],[-69.7394,19.2992],[-69.8234,19.3671],[-69.8912,19.5897],[-69.9568,19.6719],[-70.1938,19.638],[-70.4364,19.7712],[-70.6362,19.7756],[-70.9541,19.914],[-71.2359,19.8481],[-71.5578,19.8954],[-71.6674,19.8486],[-71.7802,19.7178]],[[-71.7693,18.0401],[-71.6737,17.9541],[-71.6317,17.7736],[-71.5184,17.725],[-71.439,17.6356],[-71.3583,17.6941],[-71.106,18.07],[-71.07,18.2503],[-70.7588,18.3456],[-70.6447,18.3362],[-70.4799,18.2173],[-70.1831,18.2518],[-70.0183,18.3736],[-69.7707,18.4436],[-69.5194,18.4157],[-69.2745,18.4398],[-68.935,18.408],[-68.8195,18.3393],[-68.721,18.2184],[-68.6588,18.222],[-68.5638,18.3555],[-68.4448,18.4177],[-68.3392,18.6115],[-68.6848,18.9048]]]}},{"type":"Feature","properties":{"name":"Dominica","aliases":["Dominica","Commonwealth of Dominica"],"kind":"country"},"geometry":{"type":"MultiLineString","coordinates":[[[-61.2511,15.3731],[-61.32,15.5851],[-61.4581,15.6331],[-61.4812,15.5251],[-61.3754,15.2273],[-61.2817,15.249],[-61.2511,15.3731]]]}},{"type":"Feature","properties":{"name":"Djibouti","aliases":["Djibouti","Republic of Djibouti"],"kind":"country"},"geometry":{"type":"MultiLineString","coordinates":[[[43.2468,11.4992],[43.1617,11.566],[43.0428,11.5885],[42.5838,11.4968],[42.5397,11.5043],[42.5218,11.5722],[42.64,11.5601],[42.799,11.7394],[43.048,11.8291],[43.2721,11.9695],[43.3803,12.0913],[43.4098,12.1899],[43.3535,12.367],[43.1164,12.7096]]]}},{"type":"Feature","properties":{"name":"Greenland","aliases":["Greenland"],"kind":"country"},"geometry":{"type":"MultiLineString","coordinates":[[[-25.4678,70.7797],[-25.3937,70.8347],[-25.4323,70.9213],[-25.7268,71.042],[-26.6218,70.8756],[-27.2389,70.8676],[-27.6172,70.9138],[-27.7089,70.8971],[-27.744,70.7897],[-27.7142,70.7128],[-27.8053,70.642],[-27.9396,70.6153],[-28.0353,70.4868],[-27.898,70.454],[-26.6047,70.5534],[-26.3392,70.5114],[-26.2179,70.4541],[-25.9113,70.573],[-25.4022,70.6527],[-25.3463,70.6933],[-25.4678,70.7797]],[[-52.1126,69.4891],[-51.9002,69.6048],[-52.0075,69.6863],[-51.9771,69.7224],[-52.0453,69.8072],[-52.7312,69.9447],[-53.2967,70.2054],[-54.0072,70.2964],[-54.3716,70.3173],[-54.7862,70.2178],[-54.8308,70.133],[-54.7736,70.0525],[-54.3226,69.9419],[-54.7879,69.9499],[-54.9191,69.7136],[-54.7341,69.6105],[-53.825,69.5403],[-53.6583,69.4651],[-54.1827,69.4035],[-53.7543,69.2602],[-52.7705,69.3639],[-52.1126,69.4891]],[[-51.3503,69.8548],[-51.3149,69.6741],[-51.1704,69.5171],[-51.0137,69.5525],[-50.9704,69.583],[-50.9117,69.7567],[-50.679,69.8485],[-51.0946,69.9242],[-51.3503,69.8548]],[[-37.0475,65.7223],[-37.2229,65.6955],[-37.2384,65.6099],[-37.1868,65.5313],[-37.0312,65.532],[-36.9869,65.5756],[-36.9531,65.6633],[-37.0475,65.7223]],[[-53.6288,71.0343],[-53.4878,71.0563],[-53.4369,71.1152],[-53.4414,71.1858],[-53.5845,71.2971],[-53.701,71.283],[-53.9578,71.1277],[-53.6288,71.0343]],[[-55.5236,72.5684],[-55.0169,72.7911],[-55.2058,72.8417],[-55.5163,72.7807],[-55.9936,72.7823],[-56.2148,72.7192],[-56.1409,72.6685],[-55.869,72.6621],[-55.5236,72.5684]],[[-51.9698,70.9765],[-52.1067,70.968],[-52.1442,70.8823],[-51.6069,70.8688],[-51.9698,70.9765]],[[-46.3939,60.9088],[-46.79,60.7798],[-46.7881,60.7584],[-46.5531,60.7408],[-46.3815,60.6603],[-46.2667,60.7814],[-46.2052,60.9435],[-46.3939,60.9088]],[[-72.0891,77.4671],[-72.4364,77.4476],[-72.4896,77.4316],[-72.4949,77.3855],[-72.0235,77.3165],[-71.6673,77.3253],[-71.4671,77.3537],[-71.4334,77.3944],[-72.0891,77.4671]],[[-46.3992,82.6921],[-47.2723,82.6569],[-47.3512,82.5992],[-47.3075,82.5334],[-46.7519,82.3482],[-45.4908,82.1718],[-45.0674,82.066],[-44.8646,82.0836],[-44.7764,82.2424],[-44.7499,82.4011],[-44.9175,82.4805],[-45.4114,82.5775],[-46.3992,82.6921]],[[-19.3146,82.1232],[-19.6105,82.0781],[-19.5945,81.9913],[-19.0314,81.8272],[-18.7677,81.8143],[-18.6647,81.8465],[-18.8127,81.9495],[-19.3146,82.1232]],[[-18.0358,79.7112],[-17.6125,79.8259],[-17.4008,79.9405],[-17.4714,80.0287],[-17.9829,80.0552],[-18.9972,79.9405],[-19.1383,79.8523],[-19.0324,79.7729],[-18.662,79.72],[-18.0358,79.7112]],[[-19.1118,78.4236],[-19.3147,78.3442],[-19.297,78.1854],[-19.1295,77.9385],[-18.9972,77.9738],[-18.8825,78.1149],[-18.953,78.2119],[-18.9354,78.4236],[-19.1118,78.4236]],[[-18.662,76.4039],[-18.5826,76.0423],[-18.6973,76.0159],[-19.0854,76.4304],[-19.0589,76.695],[-18.8825,76.7038],[-18.7326,76.642],[-18.662,76.4039]],[[-18.6355,75.3896],[-18.8561,75.3191],[-18.8913,75.0722],[-18.6708,75.0017],[-17.586,74.9928],[-17.392,75.0369],[-17.4979,75.1515],[-17.7624,75.1428],[-17.8859,75.2044],[-18.0005,75.4073],[-18.4503,75.328],[-18.6355,75.3896]],[[-17.9037,77.8626],[-18.174,77.7144],[-18.22,77.6684],[-17.9537,77.6423],[-17.7295,77.7064],[-17.6414,77.7825],[-17.6814,77.8586],[-17.9037,77.8626]],[[-51.2102,68.4199],[-51.4561,68.3935],[-51.6324,68.273],[-52.1985,68.2208],[-52.6984,68.2615],[-52.78,68.3099],[-53.3832,68.2974],[-53.2133,68.413],[-53.0395,68.6109],[-52.6046,68.7087],[-52.3028,68.7011],[-51.6231,68.5348],[-51.1333,68.5984],[-50.9457,68.6827],[-50.8077,68.817],[-51.2494,68.7399],[-51.0849,69.1283],[-50.3927,69.1374],[-50.2974,69.1706],[-50.5366,69.2479],[-51.077,69.2095],[-51.0578,69.2748],[-50.8922,69.4118],[-50.8041,69.663],[-50.7203,69.7253],[-50.3495,69.7962],[-50.3435,69.8252],[-50.5,69.9358],[-50.2917,70.0145],[-50.4361,70.0394],[-50.8023,70.0032],[-51.1057,70.0574],[-51.4991,69.9872],[-52.2546,70.0589],[-53.023,70.3019],[-54.0145,70.4217],[-54.5308,70.6993],[-54.3436,70.7892],[-54.1658,70.8201],[-52.802,70.7506],[-52.4052,70.6868],[-51.5245,70.4395],[-50.9469,70.3636],[-50.6821,70.3969],[-50.6633,70.4176],[-50.9327,70.4539],[-51.3229,70.5888],[-51.3399,70.6875],[-51.2566,70.8527],[-51.7743,71.0104],[-51.1301,70.9717],[-51.0189,71.0013],[-51.3767,71.119],[-52.0614,71.1216],[-52.5346,71.2004],[-53.0076,71.18],[-53.117,71.3129],[-52.8918,71.4577],[-51.9673,71.5991],[-51.7699,71.6717],[-52.1958,71.63],[-52.6563,71.6723],[-53.1675,71.5359],[-53.4401,71.579],[-53.476,71.6402],[-53.2497,71.7102],[-53.1389,71.7752],[-53.1445,71.8074],[-53.3337,71.7897],[-53.4201,71.9998],[-53.6929,72.1597],[-53.8099,72.2926],[-53.6521,72.3626],[-53.9277,72.3188],[-53.7929,72.1341],[-53.5137,71.9763],[-53.4625,71.8936],[-53.4776,71.85],[-53.7154,71.7577],[-53.7797,71.6785],[-53.8941,71.642],[-54.0199,71.6579],[-53.9121,71.5259],[-53.963,71.459],[-54.3177,71.3845],[-54.6891,71.3672],[-55.3364,71.4268],[-55.594,71.5535],[-55.6678,71.6268],[-55.6693,71.6915],[-55.5492,71.7683],[-55.4524,71.9577],[-55.3156,72.1107],[-54.8401,72.3561],[-54.8963,72.3942],[-55.3201,72.1996],[-55.5814,72.1789],[-55.6595,72.2226],[-55.6358,72.3004],[-55.3779,72.3111],[-55.2957,72.3544],[-55.6017,72.4535],[-55.4568,72.5033],[-55.1219,72.4996],[-54.925,72.572],[-54.74,72.7002],[-54.7379,72.8725],[-54.8662,72.9668],[-55.0731,73.0151],[-55.134,72.9606],[-55.2889,72.9332],[-55.6686,73.0079],[-55.6928,73.1128],[-55.3587,73.2029],[-55.2883,73.3271],[-55.332,73.3974],[-55.4457,73.4605],[-55.7389,73.384],[-55.7871,73.4605],[-55.8755,73.5046],[-56.1041,73.5582],[-55.9684,73.7596],[-55.8383,73.7597],[-55.9295,73.8954],[-56.2254,74.1291],[-56.4932,74.1822],[-57.2306,74.1253],[-56.7063,74.2192],[-56.639,74.2784],[-56.6543,74.3781],[-56.7177,74.4292],[-56.2555,74.5268],[-56.8711,74.695],[-57.1909,74.8937],[-57.8132,75.04],[-58.2533,75.279],[-58.5655,75.3527],[-58.6035,75.3853],[-58.2497,75.5067],[-58.5162,75.6891],[-61.1882,76.1579],[-62.0967,76.2423],[-62.7429,76.2521],[-63.2913,76.3521],[-63.8431,76.2171],[-63.9604,76.2089],[-64.3073,76.3165],[-64.912,76.1725],[-65.3699,76.1306],[-65.9541,76.2417],[-66.4658,76.1392],[-66.874,76.2179],[-67.0787,76.1948],[-67.0548,76.1519],[-66.6748,75.9774],[-66.8262,75.9688],[-68.3173,76.0908],[-69.3729,76.3319],[-69.4841,76.3992],[-68.865,76.5614],[-68.1143,76.6506],[-69.2521,76.6861],[-69.6738,76.7359],[-69.8881,76.8271],[-69.8722,76.8766],[-69.6942,76.9895],[-70.4413,76.8074],[-70.6131,76.8218],[-70.7928,76.8691],[-70.7347,76.929],[-71.015,76.9849],[-71.1415,77.0287],[-71.1549,77.0739],[-70.8628,77.1754],[-70.6037,77.1938],[-69.6565,77.229],[-68.9783,77.1953],[-68.5916,77.3425],[-68.1355,77.3796],[-66.938,77.3642],[-66.3895,77.2803],[-66.4531,77.3931],[-66.2665,77.5154],[-66.4454,77.6157],[-66.8235,77.6866],[-67.6881,77.5238],[-68.1373,77.5305],[-68.6215,77.6019],[-68.9746,77.4926],[-69.3514,77.4671],[-69.9768,77.5477],[-70.1182,77.5835],[-70.1264,77.6378],[-70.5619,77.7172],[-70.0815,77.8314],[-70.1145,77.8414],[-70.4124,77.8431],[-70.7287,77.7927],[-71.2716,77.8131],[-71.6499,77.8998],[-72.1585,77.9569],[-72.7915,78.1549],[-72.8181,78.1943],[-72.5813,78.2791],[-72.7148,78.3623],[-72.4725,78.482],[-71.6513,78.6231],[-70.9058,78.6385],[-69.9735,78.7777],[-68.9935,78.8574],[-68.9239,78.8819],[-69.0305,78.9429],[-68.3771,79.0378],[-67.3545,79.1233],[-66.0753,79.1182],[-65.8255,79.1737],[-65.4199,79.3402],[-65.2878,79.4373],[-65.1169,79.589],[-64.7923,80.0006],[-64.1792,80.0993],[-64.4399,80.1418],[-65.8104,80.0241],[-66.8437,80.0762],[-67.1413,80.1665],[-67.2015,80.2222],[-67.1932,80.2801],[-66.9959,80.413],[-66.6101,80.5296],[-65.6452,80.6851],[-64.5155,81.0],[-63.722,81.0573],[-63.4417,81.0139],[-63.0586,80.8856],[-63.0287,80.8896],[-63.2352,81.0833],[-63.2125,81.1431],[-62.9933,81.207],[-62.2989,81.1944],[-61.6356,81.1157],[-61.436,81.1336],[-61.1621,81.2815],[-61.1,81.3961],[-61.176,81.6319],[-61.2357,81.6946],[-61.2029,81.7469],[-60.8429,81.8554],[-60.4324,81.9202],[-59.9019,81.933],[-59.2819,81.884],[-56.8621,81.3827],[-56.6151,81.3629],[-56.8597,81.46],[-57.853,81.662],[-58.8167,81.9204],[-59.268,81.9821],[-58.7174,82.0931],[-56.5894,82.2271],[-55.5487,82.2458],[-55.3436,82.2996],[-54.5489,82.3506],[-53.9873,82.2792],[-53.6713,82.1641],[-53.582,82.0616],[-53.5955,81.738],[-53.5557,81.6533],[-53.145,81.7998],[-53.0412,81.871],[-52.9255,82.0384],[-53.102,82.1189],[-53.1107,82.2512],[-53.0226,82.3217],[-52.7756,82.3217],[-51.754,82.0782],[-51.3519,82.0256],[-50.8944,81.8952],[-49.5411,81.9181],[-50.3948,82.1207],[-50.7131,82.2374],[-50.9355,82.3828],[-50.9899,82.4602],[-50.0371,82.4724],[-48.8612,82.4054],[-46.6173,82.097],[-45.2911,81.8288],[-44.7295,81.7798],[-44.5324,81.8489],[-44.6371,82.1044],[-44.5471,82.2601],[-44.2389,82.3682],[-44.3266,82.4717],[-45.5565,82.747],[-45.0674,82.785],[-42.6507,82.7415],[-41.8765,82.6803],[-41.3573,82.705],[-41.4344,82.7786],[-44.762,82.8835],[-46.1368,82.8588],[-46.4782,82.9519],[-46.169,83.0639],[-45.4146,83.0177],[-44.6569,83.1291],[-43.1946,83.2551],[-42.2595,83.232],[-41.3001,83.1008],[-40.3568,83.3322],[-38.9311,83.1753],[-38.2784,82.9989],[-38.1562,82.9986],[-38.037,83.0463],[-37.9348,83.1607],[-38.5396,83.2582],[-38.7478,83.3326],[-38.7496,83.3709],[-38.5415,83.4148],[-38.0711,83.4121],[-37.7233,83.4978],[-36.8045,83.4658],[-36.6896,83.4799],[-36.6065,83.537],[-34.6678,83.5711],[-33.8374,83.53],[-32.9844,83.5996],[-30.7029,83.5934],[-28.992,83.5048],[-28.4838,83.4349],[-27.0344,83.3769],[-25.7951,83.261],[-26.1827,83.2214],[-30.092,83.1574],[-31.9927,83.0854],[-32.0327,82.9834],[-29.9636,83.1105],[-27.0021,83.0672],[-25.1234,83.1596],[-24.4703,82.8774],[-23.9195,82.8851],[-23.6946,82.8191],[-22.5249,82.7892],[-21.6918,82.6825],[-21.5207,82.5954],[-21.9939,82.4628],[-23.1181,82.3247],[-29.5794,82.1612],[-29.7728,82.1312],[-29.8874,82.0548],[-29.811,81.9555],[-29.5438,81.9399],[-27.8395,82.0489],[-25.1488,82.0011],[-24.5892,81.8828],[-24.2931,81.701],[-23.4961,81.773],[-23.1798,81.9895],[-22.9401,82.0305],[-21.338,82.0687],[-21.1303,81.9342],[-21.1466,81.6952],[-21.2305,81.6014],[-21.5039,81.4375],[-23.0725,80.9267],[-23.1964,80.8474],[-23.2037,80.7893],[-23.1177,80.7782],[-22.8257,80.9126],[-22.0894,81.0202],[-20.8897,81.2764],[-20.0157,81.5644],[-19.6299,81.6399],[-19.2248,81.64],[-19.153,81.5122],[-18.4565,81.4979],[-17.4561,81.3977],[-17.2262,81.4304],[-16.359,81.7291],[-16.1207,81.7766],[-15.4506,81.837],[-14.242,81.8139],[-12.4344,81.6825],[-11.4255,81.4806],[-11.5288,81.424],[-12.2313,81.3092],[-13.1262,81.0878],[-13.4512,81.0381],[-14.4523,80.9931],[-14.4901,80.9733],[-14.2286,80.8705],[-14.2402,80.8324],[-14.5036,80.7633],[-15.1942,80.7214],[-15.5427,80.6504],[-16.3189,80.6498],[-16.7606,80.5734],[-16.5878,80.5112],[-15.9373,80.4276],[-15.9326,80.3951],[-16.4888,80.252],[-17.0111,80.1902],[-18.0709,80.1721],[-19.4292,80.2577],[-19.8668,80.1447],[-20.1501,80.0112],[-20.1974,79.9376],[-20.1813,79.858],[-20.0688,79.7738],[-19.353,79.7342],[-19.2836,79.6832],[-19.3993,79.4884],[-19.414,79.3488],[-19.1522,79.3254],[-19.0113,79.2515],[-18.9708,79.2114],[-18.992,79.1784],[-19.723,79.065],[-19.8872,78.9109],[-20.0505,78.8418],[-20.6156,78.8039],[-21.1337,78.6586],[-20.9475,78.5959],[-20.9557,78.555],[-21.1948,78.3798],[-21.3973,78.0736],[-21.7476,77.7906],[-21.7296,77.7085],[-21.5789,77.6514],[-21.3797,77.6976],[-21.1319,77.8472],[-20.8626,77.9119],[-20.3186,77.862],[-19.4904,77.7189],[-19.2969,77.6213],[-19.2961,77.5853],[-19.5241,77.572],[-20.1621,77.6898],[-20.6808,77.619],[-20.4638,77.4473],[-20.2319,77.3684],[-19.8086,77.3324],[-19.3003,77.2224],[-18.9034,77.2805],[-18.4426,77.2594],[-18.339,77.2153],[-18.2924,77.1329],[-18.3373,76.9212],[-18.5103,76.7782],[-18.6058,76.7633],[-19.8649,76.9144],[-20.4867,76.9208],[-20.9421,76.887],[-20.9599,76.8427],[-21.6147,76.6879],[-22.3343,76.7937],[-22.6066,76.6808],[-22.3786,76.6122],[-21.8773,76.5735],[-21.7581,76.4005],[-21.4882,76.2719],[-20.8874,76.304],[-20.5638,76.2398],[-20.1036,76.2191],[-19.8629,76.1207],[-19.9577,75.9967],[-19.509,75.7575],[-19.3995,75.4944],[-19.3753,75.2982],[-19.5264,75.1802],[-19.7985,75.1575],[-20.1987,75.308],[-20.485,75.3143],[-20.9059,75.1569],[-21.2465,75.1334],[-21.6493,75.0234],[-22.2329,75.1197],[-21.6951,74.9645],[-20.9858,75.0744],[-20.7857,74.8917],[-20.7953,74.806],[-21.0385,74.6542],[-20.8616,74.6359],[-20.6111,74.7282],[-20.4171,74.9752],[-20.2143,75.0192],[-19.9849,74.9752],[-19.5378,74.6246],[-19.287,74.5464],[-19.2251,74.4795],[-19.2716,74.3426],[-19.3691,74.284],[-19.6462,74.258],[-20.2564,74.2828],[-20.2306,74.2046],[-21.1294,74.1109],[-21.9549,74.2443],[-21.762,74.4828],[-21.9826,74.5675],[-21.9202,74.4392],[-21.9727,74.39],[-22.3343,74.2864],[-22.1957,74.2057],[-22.3353,74.0634],[-22.1348,73.9905],[-21.0222,73.9413],[-20.3673,73.8482],[-20.338,73.8197],[-20.5097,73.4929],[-20.6367,73.4636],[-21.548,73.4317],[-22.1851,73.2699],[-22.3469,73.2692],[-23.2332,73.3977],[-23.7606,73.5431],[-24.1577,73.7645],[-24.4513,73.6285],[-24.6772,73.6022],[-25.5213,73.8516],[-24.7783,73.5399],[-24.7913,73.5113],[-25.3107,73.431],[-25.6654,73.2928],[-26.0623,73.253],[-27.2704,73.4363],[-27.1694,73.3742],[-26.5418,73.249],[-26.7286,73.1714],[-27.2649,73.1765],[-27.5616,73.1385],[-27.348,73.0678],[-27.1899,73.1324],[-26.7532,73.1211],[-25.399,73.2758],[-25.2683,73.362],[-25.057,73.3965],[-24.1327,73.4094],[-23.899,73.3983],[-23.2441,73.1933],[-22.996,73.1716],[-22.8523,73.084],[-22.0363,72.9185],[-22.0067,72.6354],[-22.0748,72.3992],[-22.2802,72.3448],[-22.2393,72.2203],[-22.2932,72.1195],[-24.069,72.4987],[-24.3586,72.6873],[-24.63,73.0376],[-24.9925,73.0131],[-25.1706,72.9803],[-25.2559,72.9241],[-26.6576,72.7158],[-26.3921,72.6728],[-24.8133,72.9015],[-24.65,72.5825],[-24.7007,72.5063],[-25.2037,72.393],[-25.1179,72.347],[-24.6668,72.4374],[-24.5724,72.4202],[-24.4172,72.3482],[-23.5871,72.1398],[-22.4969,71.9138],[-22.3702,71.7698],[-21.9597,71.7447],[-22.0133,71.6888],[-22.5032,71.5004],[-22.4796,71.3834],[-22.4176,71.2487],[-22.299,71.4323],[-21.9614,71.5082],[-21.7522,71.4783],[-21.6712,71.206],[-21.6745,70.8563],[-21.5227,70.5262],[-21.6255,70.4686],[-21.9435,70.4435],[-22.3841,70.4624],[-22.437,70.86],[-22.5261,70.8078],[-22.6097,70.4933],[-22.6907,70.4373],[-23.3278,70.451],[-23.7918,70.5552],[-23.9714,70.6495],[-24.2285,70.9234],[-24.2657,71.0463],[-24.377,71.1464],[-24.5622,71.2235],[-25.8852,71.5719],[-26.6885,71.5833],[-27.0872,71.6266],[-27.1623,71.6022],[-27.107,71.5327],[-25.8427,71.4802],[-25.6994,71.3683],[-25.6676,71.2653],[-25.7422,71.1836],[-26.0141,71.0928],[-26.7179,70.9505],[-28.3984,70.9929],[-27.9922,70.8952],[-27.9793,70.8395],[-28.0699,70.699],[-28.1457,70.6557],[-29.0721,70.445],[-28.5409,70.4769],[-28.015,70.4022],[-27.5961,70.4067],[-26.7473,70.4755],[-26.6218,70.4634],[-26.5084,70.3966],[-27.3281,70.2171],[-27.5608,70.1245],[-27.6289,70.0282],[-27.3842,69.9916],[-27.0277,70.2012],[-26.7521,70.2422],[-26.1557,70.2456],[-25.5299,70.3532],[-24.7488,70.2951],[-23.6673,70.1393],[-22.2066,70.1079],[-22.2871,70.0334],[-22.4351,69.9857],[-23.0882,69.883],[-23.0146,69.8048],[-23.0496,69.7927],[-23.8657,69.7367],[-23.709,69.6272],[-23.7394,69.5886],[-23.9437,69.5581],[-24.2967,69.5855],[-24.2209,69.4793],[-24.2956,69.4393],[-24.8666,69.2931],[-25.1886,69.2605],[-25.0805,69.1925],[-25.0924,69.1652],[-25.2722,69.0916],[-25.544,69.0457],[-25.698,68.8899],[-26.4829,68.6759],[-28.1265,68.479],[-29.2495,68.2988],[-29.8685,68.3116],[-30.1955,68.199],[-30.72,68.2512],[-30.6057,68.1624],[-30.6107,68.1179],[-30.9786,68.0613],[-31.4195,68.1285],[-32.3274,68.4373],[-32.1801,68.2573],[-32.3668,68.213],[-32.156,68.0632],[-32.1646,67.9911],[-32.3695,67.8828],[-33.1082,67.6582],[-33.3489,67.4427],[-33.5044,67.377],[-33.528,67.2582],[-34.1017,66.7259],[-34.2689,66.625],[-34.4229,66.6302],[-34.6328,66.4348],[-35.1886,66.2503],[-35.4117,66.2615],[-35.8672,66.4414],[-35.6301,66.1399],[-36.3792,65.8308],[-36.389,65.9597],[-36.5272,66.0077],[-36.537,65.9409],[-36.6652,65.7901],[-36.9324,65.7826],[-37.0628,65.8714],[-37.2332,65.7881],[-37.316,65.7902],[-37.3298,65.7202],[-37.4101,65.6563],[-37.7542,65.5931],[-37.9548,65.6336],[-38.0013,65.7096],[-37.7974,65.8568],[-37.8265,65.9097],[-37.7878,65.978],[-37.2787,66.3044],[-37.8139,66.3855],[-38.1566,66.3856],[-37.7523,66.2615],[-37.9694,66.1411],[-38.1399,65.9035],[-38.5204,66.0097],[-38.4427,65.9217],[-38.2164,65.8383],[-38.2034,65.7117],[-38.6367,65.6244],[-40.1735,65.5562],[-40.1916,65.5225],[-39.5779,65.3408],[-39.9373,65.1416],[-40.2531,65.0489],[-40.6676,65.1087],[-41.0844,65.1008],[-41.0887,65.0354],[-40.966,64.8688],[-40.6555,64.9153],[-40.5211,64.8255],[-40.4327,64.6732],[-40.2784,64.5959],[-40.1822,64.4799],[-40.4776,64.3444],[-40.6985,64.3297],[-40.6864,64.2669],[-40.7817,64.2218],[-41.581,64.2983],[-41.0306,64.121],[-40.8257,64.1625],[-40.6178,64.1317],[-40.6523,63.9277],[-40.5504,63.7252],[-40.7715,63.6262],[-40.7752,63.5336],[-41.0487,63.5138],[-41.0562,63.4123],[-41.1522,63.3489],[-41.1077,63.2738],[-41.3879,63.0619],[-41.8445,63.0703],[-42.1745,63.2088],[-42.094,63.1167],[-41.6345,62.9725],[-41.6436,62.9159],[-41.909,62.7371],[-42.0583,62.694],[-42.9417,62.7202],[-42.6737,62.6375],[-42.153,62.5685],[-42.1644,62.5122],[-42.2432,62.4661],[-42.1979,62.3971],[-42.3215,62.1527],[-42.1431,62.0135],[-42.1102,61.8572],[-42.2497,61.7714],[-42.5304,61.7553],[-42.5853,61.7175],[-42.3236,61.6817],[-42.646,61.0641],[-42.717,60.7675],[-43.0441,60.5237],[-43.3483,60.5198],[-43.9227,60.5954],[-43.9396,60.5674],[-43.8312,60.522],[-43.2957,60.445],[-43.1565,60.3329],[-43.1229,60.0612],[-43.3201,59.9281],[-43.6169,59.9369],[-43.955,60.0255],[-43.6579,59.8586],[-43.9065,59.8155],[-44.117,59.8319],[-44.0655,59.9248],[-44.3836,59.8991],[-44.4535,60.0146],[-44.2313,60.1803],[-44.1761,60.2444],[-44.2244,60.2735],[-44.5332,60.0295],[-44.6133,60.0166],[-45.3792,60.2029],[-45.3678,60.3729],[-45.2025,60.3827],[-44.9747,60.4572],[-44.7424,60.6553],[-45.0827,60.5072],[-45.3805,60.4449],[-46.0466,60.6157],[-46.1419,60.7765],[-46.0187,60.9718],[-45.8799,61.0941],[-45.8702,61.2183],[-45.9423,61.2056],[-46.0117,61.0968],[-46.5824,60.9621],[-46.8745,60.8164],[-47.2244,60.7829],[-47.4646,60.8426],[-47.7962,60.8289],[-47.7299,60.7295],[-47.8279,60.7248],[-48.014,60.722],[-48.1808,60.7692],[-48.2419,60.8068],[-48.2052,60.8559],[-47.7703,60.9978],[-48.3864,61.0047],[-48.3781,61.1385],[-48.4282,61.1874],[-48.5972,61.2474],[-48.9221,61.2774],[-49.0492,61.5239],[-49.2891,61.5899],[-49.1931,61.6856],[-49.3112,61.7478],[-49.3803,61.8902],[-49.0396,62.0394],[-48.8287,62.0797],[-49.1205,62.1126],[-49.3485,62.0102],[-49.6238,61.9986],[-49.6643,62.0169],[-49.6677,62.1509],[-49.5535,62.2327],[-49.9434,62.3245],[-50.3192,62.4732],[-50.2593,62.5781],[-50.256,62.6798],[-50.2987,62.722],[-50.076,62.9038],[-49.7931,63.0446],[-50.0922,62.9768],[-50.3901,62.822],[-50.5016,62.9449],[-50.8043,63.0908],[-51.4688,63.6423],[-51.5382,63.758],[-51.4511,63.9048],[-51.5475,64.0061],[-50.6994,64.1493],[-50.3419,64.1704],[-50.2607,64.2143],[-50.4866,64.2089],[-50.4371,64.3128],[-50.721,64.2233],[-51.4871,64.1033],[-51.5849,64.1032],[-51.682,64.1647],[-51.7079,64.2051],[-51.5338,64.3142],[-51.4038,64.4632],[-51.2315,64.5606],[-50.8349,64.559],[-50.8492,64.6447],[-50.4921,64.6932],[-50.3551,64.6826],[-50.1582,64.4896],[-50.009,64.4473],[-50.1216,64.7038],[-50.2989,64.7786],[-50.517,64.7665],[-50.6481,64.8533],[-50.9606,65.2011],[-50.7216,64.7976],[-50.8911,64.6952],[-51.2206,64.6285],[-51.139,64.7857],[-51.2554,64.7581],[-51.3636,64.7016],[-51.4009,64.6231],[-51.7581,64.2799],[-51.9226,64.2188],[-51.9987,64.2568],[-52.0934,64.4159],[-52.0889,64.6815],[-52.259,65.1549],[-52.4476,65.2051],[-52.5377,65.3288],[-52.1796,65.4419],[-51.6191,65.7132],[-51.0919,65.7758],[-51.3938,65.7792],[-51.7234,65.7235],[-52.3482,65.4613],[-52.5513,65.4614],[-52.7609,65.5908],[-52.9949,65.566],[-53.199,65.594],[-53.2337,65.7708],[-53.1063,65.9771],[-53.2437,65.9791],[-53.392,66.0483],[-52.0561,66.5073],[-51.8912,66.6231],[-51.5171,66.732],[-51.225,66.8815],[-51.2811,66.891],[-51.823,66.6979],[-53.0358,66.2014],[-53.5388,66.1394],[-53.6147,66.1545],[-53.6347,66.4137],[-53.4188,66.6485],[-53.1146,66.7538],[-53.0383,66.8268],[-52.3869,66.8812],[-53.4436,66.9247],[-53.6872,66.9865],[-53.8844,67.1355],[-53.7986,67.4182],[-52.9695,67.6873],[-52.6665,67.7497],[-52.3836,67.7523],[-51.665,67.6464],[-51.4506,67.6677],[-51.1814,67.6365],[-50.7054,67.5089],[-50.6135,67.5279],[-51.171,67.6936],[-51.168,67.7338],[-50.887,67.7835],[-50.9688,67.8066],[-51.7652,67.7378],[-52.3448,67.8369],[-52.9796,67.7578],[-53.4188,67.5746],[-53.7352,67.549],[-53.578,67.8368],[-53.3529,67.9705],[-53.1516,68.2078],[-51.5969,68.0548],[-51.4565,68.1161],[-51.3937,68.2178],[-51.2073,68.3255],[-51.1691,68.3852],[-51.2102,68.4199]]]}},{"type":"Feature","properties":{"name":"Faroe Islands","aliases":["Faroe Islands","Faeroe Is.","Faeroe Islands","F\u00f8royar Is. (Faeroe Is.)"],"kind":"country"},"geometry":{"type":"MultiLineString","coordinates":[[[-6.6621,61.8618],[-6.7908,61.8954],[-6.8848,61.8991],[-6.8392,61.8408],[-6.6428,61.7683],[-6.6258,61.8267],[-6.6621,61.8618]],[[-6.7035,61.4959],[-6.7406,61.5705],[-6.9349,61.6343],[-6.8881,61.5348],[-6.6797,61.4143],[-6.7035,61.4959]],[[-7.3791,62.0748],[-7.1794,62.04],[-7.0652,62.0732],[-7.2353,62.1512],[-7.4226,62.1403],[-7.3791,62.0748]],[[-7.0136,62.094],[-6.7252,61.9515],[-6.8405,62.1193],[-6.6558,62.0936],[-6.6311,62.2279],[-6.9586,62.3163],[-7.1722,62.2856],[-7.0136,62.094]],[[-6.4539,62.1865],[-6.4061,62.2586],[-6.5546,62.3557],[-6.5595,62.2245],[-6.4539,62.1865]]]}},{"type":"Feature","properties":{"name":"Denmark","aliases":["Denmark","Kingdom of Denmark"],"kind":"country"},"geometry":{"type":"MultiLineString","coordinates":[[[12.073,54.9768],[12.0899,55.1881],[12.4131,55.2862],[12.3852,55.3856],[12.215,55.4665],[12.2435,55.5379],[12.3206,55.5878],[12.5712,55.685],[12.5248,55.9185],[12.6084,56.033],[12.5787,56.0641],[12.3232,56.1221],[12.0396,56.0521],[11.8664,55.9682],[11.9346,55.8959],[11.8197,55.6977],[11.6909,55.729],[11.6959,55.9079],[11.6277,55.9569],[11.4747,55.9435],[11.4637,55.8793],[11.3223,55.7525],[10.9789,55.7215],[11.0088,55.6444],[11.121,55.6007],[11.1897,55.4656],[11.1707,55.3286],[11.2863,55.2044],[11.6538,55.1869],[11.7409,54.9153],[11.8623,54.7726],[12.0504,54.8153],[12.073,54.9768]],[[10.7853,55.1334],[10.8192,55.3219],[10.6451,55.6098],[10.5051,55.5581],[10.2861,55.6108],[9.8606,55.5155],[9.859,55.3572],[9.9888,55.1632],[10.4428,55.0488],[10.6238,55.0524],[10.7853,55.1334]],[[14.7653,55.2967],[14.7137,55.238],[14.6842,55.1022],[15.0508,55.0049],[15.1371,55.0872],[15.1326,55.1445],[14.7653,55.2967]],[[12.3101,55.0409],[12.274,55.0641],[12.1188,54.9144],[12.1845,54.8925],[12.3575,54.9618],[12.5492,54.9658],[12.4695,55.0175],[12.3101,55.0409]],[[12.5203,55.6146],[12.5509,55.5562],[12.6657,55.5965],[12.62,55.6793],[12.5203,55.6146]],[[11.6581,54.8332],[11.5384,54.8296],[11.2585,54.9518],[11.0586,54.9406],[11.0355,54.7731],[11.4574,54.6289],[11.7659,54.6794],[11.7396,54.8074],[11.6581,54.8332]],[[10.347,54.906],[10.1999,54.9627],[10.3405,54.8589],[10.5049,54.8605],[10.347,54.906]],[[9.7812,55.069],[9.8063,54.906],[10.0612,54.8864],[9.9988,54.9865],[9.7812,55.069]],[[10.7383,54.962],[10.6217,54.8514],[10.6897,54.7451],[10.7652,54.7997],[10.9511,55.1562],[10.7383,54.962]],[[10.527,55.7838],[10.5903,55.7651],[10.6617,55.8776],[10.5472,55.9919],[10.5161,55.9585],[10.527,55.7838]],[[10.9346,57.3086],[10.8738,57.2623],[11.0114,57.2291],[11.1745,57.3229],[10.9346,57.3086]],[[9.7401,54.8246],[9.7053,54.9283],[9.7323,54.968],[9.6454,55.0228],[9.4537,55.0396],[9.671,55.2664],[9.5911,55.4932],[10.0236,55.7614],[9.9037,55.8428],[10.183,55.8652],[10.3187,56.2129],[10.427,56.2762],[10.539,56.2003],[10.7534,56.242],[10.8564,56.2955],[10.9262,56.4433],[10.8459,56.5217],[10.4902,56.5205],[10.2827,56.6205],[10.2961,56.9991],[10.5241,57.2432],[10.5371,57.4485],[10.4446,57.5622],[10.481,57.6487],[10.61,57.7369],[10.2591,57.617],[9.9623,57.581],[9.5543,57.2325],[9.4336,57.1743],[8.6186,57.1113],[8.2841,56.8523],[8.2683,56.754],[8.4684,56.6646],[8.772,56.7253],[8.9928,57.0161],[9.1104,57.0437],[9.2549,57.0117],[9.1964,56.7017],[9.0671,56.7938],[8.8881,56.7351],[8.7361,56.6274],[8.6717,56.4957],[8.5529,56.5603],[8.164,56.6069],[8.1215,56.1399],[8.2023,55.9824],[8.1321,55.5998],[8.6159,55.4182],[8.6698,55.1557],[8.5729,55.1343],[8.6383,55.0456],[8.6704,54.9024]]]}},{"type":"Feature","properties":{"name":"Northern Cyprus","aliases":["Northern Cyprus","N. Cyprus","Turkish Republic of Northern Cyprus"],"kind":"country"},"geometry":{"type":"MultiLineString","coordinates":[[[34.2724,35.57],[34.0635,35.474],[33.6076,35.3541],[33.3078,35.3415],[32.9416,35.3904],[32.8799,35.1806],[32.7117,35.1712]],[[34.0052,35.0645],[33.9079,35.2024],[33.942,35.292],[34.5561,35.6621],[34.2724,35.57]]]}},{"type":"Feature","properties":{"name":"Cyprus","aliases":["Cyprus","Republic of Cyprus"],"kind":"country"},"geometry":{"type":"MultiLineString","coordinates":[[[32.7138,35.1708],[32.556,35.1558],[32.3909,35.0498],[32.301,35.083],[32.3172,34.9533],[32.449,34.7294],[32.693,34.6494],[32.8672,34.6611],[32.9418,34.5759],[33.0079,34.5696],[33.0623,34.6748],[33.4149,34.7509],[33.6994,34.9699],[34.0502,34.9884],[34.0037,35.0661]]]}},{"type":"Feature","properties":{"name":"Cuba","aliases":["Cuba","Republic of Cuba"],"kind":"country"},"geometry":{"type":"MultiLineString","coordinates":[[[-74.5131,20.3846],[-74.7321,20.5732],[-74.9597,20.6727],[-75.2133,20.7139],[-75.7246,20.7146],[-75.7604,20.7755],[-75.7402,20.812],[-75.5973,20.8376],[-75.6629,20.8981],[-75.5958,20.9947],[-75.7229,21.111],[-76.0736,21.1334],[-76.2592,21.2274],[-76.6474,21.2845],[-76.7261,21.3589],[-76.8674,21.3304],[-76.8363,21.3995],[-77.0986,21.589],[-77.2079,21.4789],[-77.2529,21.4835],[-77.3662,21.6126],[-77.1813,21.5977],[-77.1441,21.6436],[-77.2995,21.7123],[-77.4973,21.8716],[-77.5832,21.8893],[-77.4971,21.7883],[-77.6368,21.7974],[-77.865,21.9006],[-78.1431,22.1094],[-78.6865,22.3668],[-79.2757,22.4076],[-79.5492,22.5778],[-79.6767,22.7431],[-79.8507,22.8272],[-79.8203,22.887],[-79.9599,22.8769],[-80.0752,22.9423],[-80.3649,22.9434],[-80.5505,23.0166],[-80.6501,23.1031],[-81.1446,23.0549],[-81.2716,23.1286],[-81.2624,23.1568],[-81.5754,23.1165],[-82.1014,23.1904],[-82.3505,23.154],[-82.6658,23.0436],[-83.2578,22.9676],[-84.1218,22.6186],[-84.3613,22.3789],[-84.383,22.2556],[-84.3264,22.0743],[-84.3731,22.0359],[-84.5328,22.0312],[-84.8772,21.8941],[-84.8872,21.857],[-84.8382,21.8279],[-84.6269,21.9204],[-84.5014,21.9303],[-84.5026,21.7762],[-84.2407,21.8983],[-84.031,21.9431],[-83.9007,22.1701],[-83.3796,22.223],[-82.738,22.6893],[-81.8388,22.6725],[-81.7027,22.5919],[-81.7104,22.4967],[-82.0777,22.3877],[-81.8494,22.2137],[-81.4411,22.1838],[-81.3553,22.1041],[-81.2844,22.1094],[-81.2224,22.1429],[-81.1855,22.268],[-81.1167,22.1342],[-81.0356,22.0736],[-80.4991,22.0635],[-80.4854,22.1234],[-80.2313,21.8722],[-79.3574,21.5852],[-79.1892,21.5528],[-78.8229,21.6189],[-78.7277,21.5927],[-78.5766,21.4138],[-78.4908,21.0537],[-78.1164,20.7619],[-77.9973,20.7154],[-77.2296,20.6438],[-77.1079,20.4916],[-77.1038,20.4075],[-77.5538,20.0821],[-77.7151,19.8555],[-76.1584,19.9897],[-75.7651,19.9604],[-75.552,19.8911],[-75.2905,19.8931],[-75.1516,20.0084],[-75.1164,19.9014],[-74.6348,20.0582],[-74.2528,20.0797],[-74.1537,20.1686],[-74.1368,20.2319],[-74.1985,20.3115],[-74.5131,20.3846]],[[-77.7744,22.083],[-77.9186,22.0881],[-77.9,22.0372],[-77.7101,21.9213],[-77.6337,22.054],[-77.7744,22.083]],[[-78.0271,22.2852],[-78.1506,22.4315],[-78.2735,22.4236],[-78.18,22.322],[-78.0271,22.2852]],[[-78.2839,22.4555],[-78.3512,22.5386],[-78.6955,22.534],[-78.5477,22.464],[-78.2839,22.4555]],[[-77.8794,22.1275],[-77.8425,22.149],[-77.9992,22.2987],[-78.0417,22.2013],[-77.8794,22.1275]],[[-82.6818,21.8211],[-82.7558,21.9095],[-82.9912,21.9427],[-83.0825,21.7914],[-82.9736,21.5923],[-83.0549,21.5494],[-83.1802,21.623],[-83.1838,21.5935],[-83.0673,21.4694],[-82.9596,21.4413],[-82.6548,21.5187],[-82.5618,21.5717],[-82.6818,21.8211]],[[-79.3822,22.6813],[-79.5791,22.8067],[-79.6282,22.8052],[-79.5228,22.7111],[-79.3479,22.6377],[-79.3822,22.6813]]]}},{"type":"Feature","properties":{"name":"Croatia","aliases":["Croatia","Republic of Croatia"],"kind":"country"},"geometry":{"type":"MultiLineString","coordinates":[[[16.9775,42.9278],[17.1883,42.917],[17.0937,42.9644],[16.6507,42.9966],[16.7389,42.9127],[16.9775,42.9278]],[[17.1241,43.1154],[17.194,43.1258],[16.6973,43.175],[16.5214,43.2292],[16.3765,43.2138],[16.6792,43.1231],[17.1241,43.1154]],[[16.6274,43.2681],[16.4231,43.3172],[16.4489,43.3871],[16.8344,43.3508],[16.8913,43.3146],[16.6274,43.2681]],[[15.2311,44.0623],[15.0658,44.1577],[15.2467,44.0271],[15.2311,44.0623]],[[14.7392,45.0655],[14.5711,45.2248],[14.4379,45.0986],[14.687,44.9556],[14.8103,44.9771],[14.7392,45.0655]],[[14.8566,44.7148],[14.7542,44.8448],[14.6725,44.8244],[14.6782,44.7699],[14.8566,44.7148]],[[14.9128,44.4858],[15.1626,44.3092],[15.2399,44.3502],[14.7419,44.6974],[14.9128,44.4858]],[[14.9525,44.1172],[14.865,44.168],[15.1358,43.9073],[15.2017,43.8978],[14.9525,44.1172]],[[15.3742,43.9148],[15.4372,43.8995],[15.3714,43.9738],[15.27,44.0107],[15.3742,43.9148]],[[14.4676,44.7253],[14.4674,44.9702],[14.3938,45.0312],[14.3582,45.1674],[14.3313,45.165],[14.2858,45.1446],[14.34,45.02],[14.3124,44.9004],[14.4195,44.6703],[14.4804,44.6212],[14.4676,44.7253]],[[17.3896,42.7986],[17.3441,42.7904],[17.7442,42.7003],[17.6078,42.769],[17.3896,42.7986]],[[13.579,45.5172],[13.5172,45.4818],[13.6293,45.1082],[13.8607,44.8374],[13.9658,44.8356],[14.2363,45.1597],[14.3127,45.3378],[14.5505,45.2977],[14.8546,45.081],[14.9065,44.9714],[14.8952,44.7066],[14.9813,44.6029],[15.471,44.272],[15.1229,44.2568],[15.1858,44.1721],[15.4994,43.9088],[15.9415,43.6566],[15.9426,43.5689],[15.9855,43.5198],[16.3939,43.5434],[16.9031,43.3924],[17.1294,43.2111],[17.5864,42.9378]],[[17.6667,42.8976],[17.7236,42.8507],[17.2198,43.0259],[17.0454,43.0149],[17.585,42.8372],[17.8238,42.7974],[18.5185,42.4328]]]}},{"type":"Feature","properties":{"name":"Ivory Coast","aliases":["Ivory Coast","C\u00f4te d'Ivoire","Republic of Ivory Coast"],"kind":"country"},"geometry":{"type":"MultiLineString","coordinates":[[[-7.5464,4.3515],[-7.4261,4.376],[-6.8452,4.6715],[-5.9138,5.0109],[-5.5647,5.0895],[-5.0618,5.1307],[-5.1049,5.1622],[-5.3675,5.1508],[-5.2824,5.2103],[-5.0237,5.2036],[-4.8997,5.1383],[-4.0372,5.2301],[-4.1152,5.2616],[-4.6089,5.2359],[-4.5528,5.2799],[-4.1202,5.3097],[-3.9842,5.2932],[-3.8706,5.2207],[-3.3476,5.1307],[-3.2,5.3545],[-3.1514,5.3483],[-3.1687,5.203],[-3.0202,5.1308]],[[-3.0857,5.1284],[-3.2149,5.1472],[-3.2464,5.1141],[-3.1129,5.0885]]]}},{"type":"Feature","properties":{"name":"Costa Rica","aliases":["Costa Rica","Republic of Costa Rica"],"kind":"country"},"geometry":{"type":"MultiLineString","coordinates":[[[-85.7444,11.0631],[-85.7522,10.9853],[-85.908,10.8976],[-85.6672,10.745],[-85.6633,10.6354],[-85.8306,10.3981],[-85.8497,10.292],[-85.681,9.9586],[-85.6249,9.9024],[-85.3146,9.8109],[-85.1145,9.5818],[-84.8864,9.8209],[-84.9628,9.9334],[-85.1607,10.0174],[-85.2365,10.1074],[-85.2632,10.2566],[-85.025,10.1157],[-84.7149,9.8994],[-84.6431,9.7894],[-84.6589,9.6467],[-84.5816,9.5684],[-84.2224,9.4625],[-83.7369,9.1503],[-83.6373,9.0354],[-83.6137,8.8041],[-83.7341,8.6145],[-83.6047,8.4803],[-83.2915,8.406],[-83.2978,8.5069],[-83.4697,8.7068],[-83.3914,8.7177],[-83.2858,8.6644],[-83.1624,8.5882],[-83.1233,8.3531],[-82.8784,8.0717]],[[-82.5627,9.576],[-82.7784,9.6695],[-83.3468,10.3154],[-83.643,10.9175]]]}},{"type":"Feature","properties":{"name":"Democratic Republic of the Congo","aliases":["Democratic Republic of the Congo","Dem. Rep. Congo"],"kind":"country"},"geometry":{"type":"MultiLineString","coordinates":[[[12.2132,-5.7578],[12.4529,-6.0005],[12.6807,-5.9608],[12.8608,-5.8541],[13.0033,-5.8361],[13.0672,-5.8655]]]}},{"type":"Feature","properties":{"name":"Republic of the Congo","aliases":["Republic of the Congo","Congo"],"kind":"country"},"geometry":{"type":"MultiLineString","coordinates":[[[11.1294,-3.9156],[11.7775,-4.5658],[11.8207,-4.7555],[12.0189,-5.0051]]]}},{"type":"Feature","properties":{"name":"Comoros","aliases":["Comoros","Union of the Comoros"],"kind":"country"},"geometry":{"type":"MultiLineString","coordinates":[[[44.4764,-12.0815],[44.4126,-12.093],[44.3791,-12.1656],[44.2201,-12.1714],[44.505,-12.3565],[44.5268,-12.2195],[44.4764,-12.0815]],[[43.7043,-12.256],[43.6313,-12.2471],[43.6637,-12.3429],[43.859,-12.3683],[43.7043,-12.256]],[[43.3794,-11.6142],[43.393,-11.4086],[43.299,-11.3745],[43.2561,-11.4321],[43.2267,-11.7519],[43.3033,-11.844],[43.4468,-11.9146],[43.4915,-11.8621],[43.3794,-11.6142]]]}},{"type":"Feature","properties":{"name":"Colombia","aliases":["Colombia","Republic of Colombia"],"kind":"country"},"geometry":{"type":"MultiLineString","coordinates":[[[-78.1784,2.6463],[-78.2101,2.6092],[-78.1408,2.5197],[-78.1191,2.6036],[-78.1784,2.6463]],[[-77.902,7.2301],[-77.8037,7.1373],[-77.526,6.6931],[-77.4389,6.6903],[-77.3688,6.5756],[-77.3982,6.275],[-77.473,6.2856],[-77.4694,6.1768],[-77.2493,5.7802],[-77.3246,5.6756],[-77.5344,5.5371],[-77.4018,5.4162],[-77.3733,5.324],[-77.3395,4.8385],[-77.2863,4.7217],[-77.3535,4.3983],[-77.5155,4.2563],[-77.5207,4.2128],[-77.4087,4.2478],[-77.4273,4.0604],[-77.3582,3.9447],[-77.278,4.0585],[-77.2484,4.041],[-77.2635,3.8932],[-77.1666,3.8623],[-77.0768,3.9133],[-77.3244,3.4748],[-77.3565,3.3486],[-77.4171,3.3418],[-77.5591,3.076],[-77.6937,3.0399],[-77.67,2.8789],[-77.8136,2.7164],[-77.8745,2.7259],[-78.0666,2.5091],[-78.2961,2.5105],[-78.3429,2.4605],[-78.4169,2.4835],[-78.5917,2.3566],[-78.6286,2.0562],[-78.5504,1.9236],[-78.5769,1.7738],[-78.793,1.8487],[-78.9577,1.7522],[-79.0254,1.6237],[-78.8885,1.5241],[-78.8594,1.454]],[[-71.3206,11.8606],[-71.1373,12.0463],[-71.155,12.1642],[-71.2621,12.3353],[-71.494,12.4323],[-71.7146,12.42],[-71.9191,12.3091],[-71.9701,12.2383],[-72.1357,12.1886],[-72.1652,12.0602],[-72.275,11.8893],[-72.7218,11.7122],[-73.3134,11.2958],[-73.6769,11.2715],[-74.0591,11.3406],[-74.1429,11.3209],[-74.2002,11.2657],[-74.2191,11.1053],[-74.4009,10.7652],[-74.5163,10.8625],[-74.4923,10.9345],[-74.3302,10.9967],[-74.4542,10.9891],[-74.8446,11.1097],[-75.446,10.6109],[-75.5537,10.3277],[-75.7083,10.1434],[-75.5584,10.2364],[-75.5386,10.2052],[-75.5959,10.1258],[-75.5927,9.9927],[-75.68,9.7298],[-75.6036,9.5385],[-75.6394,9.4504],[-75.7556,9.4156],[-75.905,9.4309],[-76.0272,9.3658],[-76.1355,9.2656],[-76.2769,8.9891],[-76.9205,8.5737],[-76.8186,8.4647],[-76.7721,8.3105],[-76.7423,8.0021],[-76.7866,7.9316],[-76.8669,7.918],[-76.9247,7.9732],[-76.8519,8.0905],[-77.1301,8.4006],[-77.2616,8.4937],[-77.3751,8.6589]]]}},{"type":"Feature","properties":{"name":"China","aliases":["China","People's Republic of China"],"kind":"country"},"geometry":{"type":"MultiLineString","coordinates":[[[110.9707,19.8833],[110.8888,19.9919],[110.6518,20.1377],[110.5983,20.0976],[110.5882,19.9764],[110.3936,20.0592],[110.3923,19.9756],[110.3439,20.0388],[110.1716,20.0537],[110.083,19.9929],[109.9062,19.9627],[109.6514,19.9844],[109.5137,19.9042],[109.2635,19.8827],[109.1774,19.7685],[109.2767,19.7611],[108.6655,19.3041],[108.6356,18.9077],[108.7016,18.5353],[109.0299,18.3678],[109.3409,18.2996],[109.5193,18.2183],[109.7027,18.2591],[109.8156,18.3967],[110.0202,18.4163],[110.0674,18.4476],[110.0485,18.5052],[110.4513,18.7479],[110.5722,19.1719],[110.6409,19.2912],[110.8223,19.5579],[111.0137,19.6555],[110.9707,19.8833]],[[118.0768,24.5014],[118.0905,24.4461],[118.1495,24.4361],[118.183,24.4963],[118.1038,24.5523],[118.0768,24.5014]],[[121.5766,31.6373],[121.4642,31.7564],[121.2111,31.8054],[121.3364,31.6438],[121.5199,31.5496],[121.7805,31.4638],[121.8627,31.4923],[121.8083,31.5521],[121.5766,31.6373]],[[122.2845,30.068],[122.1105,30.1397],[121.9694,30.1431],[122.024,30.0133],[122.2815,29.9438],[122.3223,30.0314],[122.2845,30.068]],[[122.1196,29.7822],[122.0427,29.7359],[122.169,29.6603],[122.165,29.7008],[122.1196,29.7822]],[[122.4016,29.9502],[122.3318,29.935],[122.394,29.8461],[122.4039,29.8924],[122.4016,29.9502]],[[119.7975,25.6232],[119.7779,25.6532],[119.7226,25.6388],[119.696,25.5909],[119.723,25.5506],[119.7003,25.4327],[119.7467,25.4107],[119.8324,25.4796],[119.8384,25.5911],[119.7975,25.6232]],[[110.5216,21.0831],[110.4224,21.0586],[110.3852,21.0932],[110.2646,21.0252],[110.5039,20.9677],[110.5389,21.0185],[110.5216,21.0831]],[[121.2055,28.2044],[121.134,28.1353],[121.1315,28.0626],[121.2514,28.0864],[121.2055,28.2044]],[[113.4649,22.9045],[113.4044,22.9028],[113.5637,22.7579],[113.5553,22.8042],[113.4649,22.9045]],[[112.782,21.7723],[112.7127,21.6979],[112.7711,21.5818],[112.8007,21.6949],[112.8626,21.7526],[112.782,21.7723]],[[112.559,21.6748],[112.525,21.623],[112.6437,21.6396],[112.6477,21.7103],[112.559,21.6748]],[[107.9714,21.5077],[108.2463,21.5584],[108.3248,21.6935],[108.4443,21.6073],[108.5021,21.6334],[108.5257,21.6714],[108.4799,21.9046],[108.5938,21.901],[108.6158,21.7705],[108.7717,21.6305],[109.0306,21.6265],[109.1018,21.5905],[109.1335,21.5436],[109.0815,21.4403],[109.3467,21.454],[109.544,21.5379],[109.5215,21.6934],[109.5943,21.672],[109.6869,21.5246],[109.7594,21.5601],[109.8296,21.4836],[109.9308,21.4806],[109.9211,21.3765],[109.7796,21.3375],[109.7602,21.2284],[109.6813,21.1316],[109.7045,21.0527],[109.6626,20.9169],[109.8053,20.7115],[109.792,20.6219],[109.861,20.5143],[109.9684,20.4481],[109.9839,20.4033],[109.8858,20.4131],[109.8825,20.3641],[109.9385,20.2951],[110.1231,20.2637],[110.3447,20.2948],[110.4495,20.3554],[110.5176,20.46],[110.5115,20.5183],[110.3131,20.6717],[110.3885,20.7905],[110.3654,20.8376],[110.1804,20.8586],[110.154,20.9446],[110.1936,21.0376],[110.3746,21.1724],[110.4109,21.3381],[110.458,21.2306],[110.5672,21.2141],[110.7711,21.3865],[110.9968,21.4303],[111.0169,21.5117],[111.3191,21.4861],[111.3924,21.5351],[111.6027,21.5591],[111.776,21.7192],[111.8734,21.7171],[111.9439,21.8497],[112.305,21.7417],[112.3897,21.8012],[112.3597,21.978],[112.4293,21.9581],[112.4213,21.8806],[112.5863,21.7769],[112.8086,21.9446],[112.9038,21.8814],[112.9539,21.9073],[113.0082,22.1193],[113.0888,22.208],[113.149,22.075],[113.2664,22.0888],[113.48,22.1964]],[[113.5486,22.2239],[113.5889,22.3505],[113.5515,22.4042],[113.553,22.594],[113.3311,22.912],[113.4419,22.9406],[113.4453,23.0551],[113.5197,23.1021],[113.6205,23.1275],[113.5863,23.02],[113.6196,22.8614],[113.8283,22.6072],[114.0151,22.511]],[[114.2665,22.5401],[114.3406,22.5932],[114.5542,22.5289],[114.5444,22.6206],[114.6517,22.7553],[114.7111,22.7387],[114.7504,22.6263],[114.8538,22.6168],[114.9145,22.6846],[115.1958,22.8173],[115.3825,22.7188],[115.4983,22.7188],[115.5611,22.8247],[115.6404,22.8534],[115.8521,22.8016],[116.1574,22.8875],[116.2519,22.9813],[116.4707,22.9459],[116.5198,23.0066],[116.5383,23.1797],[116.6691,23.2282],[116.6988,23.2778],[116.6294,23.3539],[116.7121,23.3605],[116.8609,23.4531],[116.9106,23.6467],[117.0825,23.5788],[117.2908,23.7144],[117.3308,23.7088],[117.3677,23.5886],[117.4622,23.7362],[117.4331,23.7917],[117.4664,23.8406],[117.6282,23.8367],[117.7417,24.0148],[117.8395,24.0123],[118.0561,24.2461],[118.0242,24.3796],[117.879,24.3959],[117.8427,24.4743],[118.006,24.482],[118.0139,24.5599],[118.0871,24.627],[118.1945,24.6258],[118.2953,24.5728],[118.5604,24.5804],[118.657,24.6214],[118.7191,24.7461],[118.6369,24.8355],[118.9091,24.9289],[118.9557,25.0048],[118.9145,25.1268],[118.9775,25.2093],[119.2855,25.2322],[119.1693,25.3557],[119.1463,25.4143],[119.1801,25.4498],[119.4218,25.4596],[119.5928,25.368],[119.6225,25.3912],[119.5395,25.5913],[119.6482,25.9187],[119.6188,26.0036],[119.5009,26.0092],[119.332,25.9487],[119.2638,25.9748],[119.1395,26.1218],[119.4631,26.0547],[119.8811,26.3342],[119.7848,26.5466],[119.726,26.6094],[119.6382,26.6212],[119.5882,26.785],[119.7104,26.7287],[119.8242,26.8464],[119.8213,26.7369],[119.8795,26.683],[119.8822,26.6104],[119.9678,26.5864],[120.0867,26.6716],[120.1386,26.8861],[120.2787,27.0971],[120.3846,27.1555],[120.6075,27.4124],[120.6291,27.4821],[120.5875,27.5808],[120.833,27.8915],[120.833,27.9378],[120.7477,28.01],[120.9586,28.037],[121.1457,28.3267],[121.2168,28.3462],[121.2723,28.2221],[121.3546,28.2299],[121.51,28.3243],[121.61,28.2921],[121.4752,28.6414],[121.5191,28.7137],[121.6301,28.7679],[121.6625,28.8514],[121.54,28.9319],[121.641,28.9159],[121.6797,28.9531],[121.6649,29.0106],[121.4477,29.1313],[121.5337,29.2367],[121.7175,29.2563],[121.7908,29.2257],[121.8535,29.1289],[121.9178,29.135],[121.9684,29.4906],[121.9412,29.6059],[121.888,29.6278],[121.6904,29.511],[121.5062,29.4846],[122.0829,29.8704],[121.6779,29.9791],[121.4327,30.2267],[121.258,30.3041],[121.1594,30.3018],[120.9045,30.1606],[120.6334,30.1332],[120.4945,30.3031],[120.3525,30.2474],[120.1946,30.2413],[120.4498,30.3878],[120.8215,30.3546],[120.8975,30.3926],[120.9977,30.5583],[121.31,30.6997],[121.4189,30.7898],[121.8779,30.917],[121.7859,31.1629],[121.6606,31.3197],[121.351,31.4854],[121.0554,31.7194],[120.7878,31.8198],[120.7155,31.9837],[120.4972,32.0198],[120.1916,31.9063],[120.0359,31.9363],[120.5201,32.1059],[120.7917,32.0317],[120.9735,31.8694],[121.352,31.8588],[121.6809,31.7122],[121.8663,31.7036],[121.8563,31.8165],[121.7511,31.9929],[121.4905,32.1211],[121.4039,32.2062],[121.401,32.3719],[121.3417,32.425],[120.9899,32.567],[120.8532,32.6614],[120.8974,32.8432],[120.8711,33.0165],[120.5048,33.6382],[120.2667,34.274],[119.9637,34.4478],[119.5829,34.5822],[119.3514,34.7494],[119.201,34.7484],[119.1653,34.8488],[119.2158,35.0118],[119.3528,35.1138],[119.4297,35.3014],[119.5265,35.3586],[119.7197,35.5887],[119.8662,35.6437],[119.9787,35.7402],[120.0547,35.8611],[120.2848,35.9844],[120.1814,36.0175],[120.0941,36.1189],[120.1833,36.2024],[120.3277,36.2282],[120.3303,36.1101],[120.3931,36.0539],[120.6379,36.1299],[120.681,36.1684],[120.7115,36.4133],[120.7762,36.4563],[120.8958,36.4441],[120.8826,36.5389],[120.7967,36.6072],[120.8108,36.6328],[121.0538,36.6114],[121.9327,36.9595],[122.1624,36.9586],[122.2423,36.8499],[122.3409,36.8322],[122.5197,36.9468],[122.5234,37.0026],[122.4467,37.0681],[122.5873,37.1811],[122.5733,37.3179],[122.667,37.4028],[122.3377,37.4053],[122.0566,37.5289],[121.9648,37.4453],[121.6402,37.4604],[121.3881,37.579],[121.2195,37.6001],[121.049,37.7252],[120.75,37.8339],[120.2572,37.679],[120.3115,37.6227],[119.8829,37.3508],[119.8875,37.2534],[119.7605,37.1551],[119.2874,37.1383],[119.1118,37.2012],[118.9526,37.3312],[118.9908,37.6414],[119.0892,37.7007],[118.94,38.0428],[118.8,38.1267],[118.5433,38.0949],[118.0149,38.1834],[117.7667,38.3117],[117.6561,38.4242],[117.5578,38.6251],[117.6167,38.8529],[117.7847,39.1345],[117.8657,39.1913],[118.0409,39.2268],[118.1479,39.1951],[118.2979,39.0671],[118.6264,39.1769],[118.977,39.1826],[119.2246,39.4081],[119.2613,39.5609],[119.3911,39.7525],[119.5911,39.9026],[120.4791,40.231],[120.7707,40.5891],[121.1745,40.9013],[121.7293,40.8461],[121.8349,40.9743],[121.8588,40.8421],[122.1404,40.6882],[122.1787,40.6027],[122.275,40.5418],[122.1909,40.3583],[121.801,39.9505],[121.5174,39.8448],[121.4742,39.7549],[121.5176,39.639],[121.2675,39.5447],[121.2998,39.4522],[121.2755,39.3848],[121.8185,39.3865],[121.6276,39.2202],[121.6799,39.1087],[121.1067,38.9208],[121.1636,38.7316],[121.3201,38.8082],[121.6499,38.8651],[121.6704,38.8918],[121.6328,38.9548],[121.6772,39.0034],[121.8644,38.9965],[121.9823,39.0532],[122.3349,39.3661],[122.84,39.6008],[123.0322,39.6735],[123.2266,39.6866],[123.3481,39.7629],[123.5807,39.7861],[123.6509,39.8816],[123.7602,39.8224],[124.1058,39.841],[124.363,40.0035]]]}},{"type":"Feature","properties":{"name":"Macao S.A.R","aliases":["Macao S.A.R","Macao","Macau","Macao Special Administrative Region, PRC"],"kind":"country"},"geometry":{"type":"MultiLineString","coordinates":[[[113.4779,22.1958],[113.5485,22.2237]]]}},{"type":"Feature","properties":{"name":"Hong Kong S.A.R.","aliases":["Hong Kong S.A.R.","Hong Kong","Hong Kong Special Administrative Region, PRC"],"kind":"country"},"geometry":{"type":"MultiLineString","coordinates":[[[114.1345,22.2922],[114.2072,22.1952],[114.232,22.2105],[114.2469,22.2636],[114.1345,22.2922]],[[113.9978,22.2105],[114.0439,22.3334],[113.8389,22.2417],[113.8773,22.2104],[113.9978,22.2105]],[[114.0145,22.5121],[113.8965,22.4282],[113.9373,22.365],[114.0328,22.3759],[114.268,22.2956],[114.3353,22.3962],[114.2668,22.5415]]]}},{"type":"Feature","properties":{"name":"Chile","aliases":["Chile","Republic of Chile"],"kind":"country"},"geometry":{"type":"MultiLineString","coordinates":[[[-74.1144,-43.3579],[-73.7734,-43.3459],[-73.7379,-43.2914],[-73.7497,-43.1591],[-73.5408,-43.0737],[-73.4363,-42.9365],[-73.5683,-42.7616],[-73.7893,-42.5857],[-73.4708,-42.4663],[-73.5328,-42.3145],[-73.4393,-42.2778],[-73.4229,-42.1929],[-73.5278,-41.8963],[-74.0367,-41.7955],[-74.063,-41.8228],[-74.0188,-41.8909],[-74.0723,-42.1059],[-74.1602,-42.2164],[-74.1988,-42.4813],[-74.1563,-42.5905],[-74.2095,-42.8787],[-74.3874,-43.2316],[-74.1144,-43.3579]],[[-75.0315,-49.8362],[-74.9601,-49.533],[-74.7438,-49.4225],[-74.7188,-49.437],[-74.8048,-49.516],[-74.812,-49.6053],[-74.8822,-49.6922],[-74.8108,-49.9297],[-74.763,-50.0114],[-74.5947,-50.0066],[-74.4961,-49.8595],[-74.4588,-49.6911],[-74.5221,-49.6229],[-74.4668,-49.2945],[-74.5666,-48.7548],[-74.7935,-48.7051],[-74.8962,-48.7332],[-74.9808,-48.8188],[-74.9492,-48.9602],[-75.1842,-49.0836],[-75.2102,-49.148],[-75.0937,-49.1854],[-75.086,-49.2702],[-75.3267,-49.2687],[-75.4675,-49.3589],[-75.3059,-49.494],[-75.3371,-49.6282],[-75.5208,-49.6217],[-75.5701,-49.6971],[-75.5498,-49.7913],[-75.4512,-49.7699],[-75.3001,-49.8475],[-75.0315,-49.8362]],[[-73.3971,-44.7743],[-73.35,-44.8332],[-73.2285,-44.86],[-72.9861,-44.7801],[-72.7641,-44.549],[-72.7764,-44.5086],[-73.0284,-44.3841],[-73.26,-44.3503],[-73.282,-44.4896],[-73.4451,-44.641],[-73.3971,-44.7743]],[[-68.6289,-52.6534],[-68.7898,-52.5768],[-69.0799,-52.6743],[-69.167,-52.6676],[-69.4141,-52.4862],[-69.4984,-52.4914],[-69.7636,-52.7313],[-69.9354,-52.8211],[-70.1896,-52.7236],[-70.3801,-52.752],[-70.1306,-52.9428],[-70.1965,-52.9902],[-70.3907,-53.0265],[-70.4434,-53.0855],[-70.4603,-53.2062],[-70.3293,-53.3776],[-70.0904,-53.4182],[-69.8741,-53.3505],[-69.637,-53.3341],[-69.3936,-53.3734],[-69.356,-53.4163],[-69.3524,-53.48],[-69.3899,-53.4994],[-70.0911,-53.7218],[-70.1488,-53.7611],[-70.1511,-53.8881],[-69.9881,-54.1091],[-69.0443,-54.4067],[-69.2532,-54.5574],[-69.3121,-54.5715],[-69.3251,-54.4882],[-69.4193,-54.4071],[-69.7418,-54.3059],[-69.867,-54.3675],[-70.169,-54.3793],[-70.2434,-54.3477],[-70.2461,-54.2774],[-70.38,-54.1807],[-70.5353,-54.1361],[-70.6298,-54.0056],[-70.3797,-53.9867],[-70.5313,-53.6273],[-70.6956,-53.7274],[-70.6445,-53.8229],[-70.8677,-53.8842],[-70.8631,-54.1104],[-70.7599,-54.2413],[-70.54,-54.3034],[-70.2977,-54.4855],[-70.311,-54.5285],[-70.7011,-54.4854],[-70.6988,-54.3488],[-70.7973,-54.3272],[-70.8982,-54.3379],[-70.9665,-54.4195],[-71.0799,-54.4442],[-71.3552,-54.3954],[-71.6063,-54.4972],[-71.8001,-54.434],[-71.9277,-54.5287],[-71.9016,-54.6016],[-71.8315,-54.6262],[-71.4409,-54.6196],[-71.2292,-54.6941],[-70.9247,-54.7144],[-70.4972,-54.8096],[-70.2817,-54.7518],[-70.1381,-54.8192],[-70.0305,-54.8155],[-69.7234,-54.7121],[-69.4863,-54.8589],[-69.0816,-54.9099],[-68.6522,-54.853]],[[-67.7621,-55.8161],[-67.8464,-55.8572],[-67.6114,-55.8917],[-67.5098,-55.8443],[-67.7621,-55.8161]],[[-66.5416,-55.1694],[-66.6248,-55.2131],[-66.6302,-55.2541],[-66.5517,-55.2729],[-66.4358,-55.1897],[-66.5416,-55.1694]],[[-75.1242,-44.8699],[-75.0675,-44.9065],[-75.0322,-44.8705],[-75.0795,-44.7951],[-75.1421,-44.8156],[-75.1242,-44.8699]],[[-75.2251,-48.6714],[-75.6229,-48.7646],[-75.6509,-48.5863],[-75.5185,-48.3288],[-75.509,-48.2307],[-75.5607,-48.0709],[-75.3914,-48.0197],[-75.3384,-48.074],[-75.1555,-48.4252],[-75.1585,-48.6227],[-75.2251,-48.6714]],[[-75.3037,-50.484],[-75.4276,-50.4806],[-75.4774,-50.6542],[-75.4114,-50.7644],[-75.3305,-50.7724],[-75.2923,-50.5969],[-75.1153,-50.5104],[-75.3037,-50.484]],[[-73.3104,-53.2477],[-73.4506,-53.1443],[-73.654,-53.0698],[-74.3693,-52.9314],[-74.5715,-52.7713],[-74.712,-52.7487],[-74.5583,-52.9219],[-74.2702,-53.0815],[-73.8669,-53.0969],[-73.6171,-53.2297],[-73.5673,-53.3068],[-73.1352,-53.3539],[-73.3104,-53.2477]],[[-68.3054,-55.3566],[-68.3228,-55.3082],[-68.2827,-55.2552],[-68.3301,-55.2194],[-68.6133,-55.1556],[-68.3998,-55.042],[-68.458,-54.9597],[-68.6535,-54.9579],[-68.9008,-55.0178],[-69.8844,-54.882],[-69.9209,-55.0611],[-69.988,-55.1308],[-69.824,-55.2365],[-69.6574,-55.229],[-69.6459,-55.3209],[-69.4118,-55.4442],[-69.2408,-55.4768],[-69.1809,-55.4748],[-69.3592,-55.3007],[-69.2971,-55.1658],[-69.1508,-55.1834],[-69.0082,-55.2558],[-68.8901,-55.2412],[-68.9313,-55.3706],[-68.867,-55.4502],[-68.5942,-55.45],[-68.338,-55.5053],[-68.2296,-55.6016],[-68.0483,-55.6432],[-68.0899,-55.4783],[-68.3054,-55.3566]],[[-75.1151,-48.916],[-75.1186,-48.7729],[-75.5831,-48.8589],[-75.6378,-48.9426],[-75.5146,-49.0096],[-75.4876,-49.0824],[-75.6412,-49.1954],[-75.5061,-49.2307],[-75.2627,-49.0689],[-75.1151,-48.916]],[[-75.0845,-47.8245],[-74.916,-47.7566],[-74.9265,-47.7231],[-75.0898,-47.6906],[-75.261,-47.7639],[-75.1858,-47.8507],[-75.0845,-47.8245]],[[-74.6648,-43.5996],[-74.745,-43.5359],[-74.842,-43.5703],[-74.8104,-43.6254],[-74.6648,-43.5996]],[[-73.6282,-44.6808],[-73.6865,-44.5463],[-73.7795,-44.5592],[-73.817,-44.614],[-73.6946,-44.8312],[-73.6322,-44.8215],[-73.6282,-44.6808]],[[-74.5673,-48.592],[-74.6151,-48.3431],[-74.7293,-48.1259],[-74.8462,-48.0208],[-74.8274,-47.8504],[-74.8957,-47.8394],[-74.9751,-47.9229],[-75.1983,-47.9746],[-75.2473,-48.0268],[-75.0128,-48.5357],[-74.923,-48.6265],[-74.5673,-48.592]],[[-72.4705,-54.0277],[-72.3691,-53.9808],[-72.3063,-53.8621],[-72.2054,-53.8074],[-72.4823,-53.5881],[-72.6855,-53.5579],[-72.8822,-53.5783],[-72.9473,-53.4425],[-73.0536,-53.3944],[-73.1109,-53.4252],[-73.0994,-53.5119],[-73.3659,-53.4702],[-73.4471,-53.4101],[-73.6865,-53.4269],[-73.8455,-53.5458],[-73.6415,-53.5703],[-73.4709,-53.7361],[-73.3144,-53.7292],[-73.3047,-53.9439],[-73.2106,-53.9858],[-73.0808,-53.998],[-73.0395,-53.8328],[-72.7638,-53.8648],[-72.7817,-53.9548],[-72.9586,-54.0659],[-72.9073,-54.1146],[-72.5629,-54.0737],[-72.4705,-54.0277]],[[-67.737,-55.2564],[-67.4947,-55.1774],[-67.3993,-55.2723],[-67.2574,-55.2818],[-67.1095,-55.1921],[-67.0855,-55.1152],[-67.2453,-54.9776],[-68.1069,-54.9294],[-68.3014,-54.9807],[-68.1743,-55.0713],[-68.0995,-55.2068],[-67.737,-55.2564]],[[-70.2831,-55.0659],[-70.4175,-54.9089],[-70.8048,-54.9677],[-70.9279,-54.943],[-70.9916,-54.868],[-71.3743,-54.8346],[-71.4372,-54.8893],[-71.3886,-54.9343],[-71.2033,-54.893],[-70.9907,-54.9904],[-70.9398,-55.0619],[-70.711,-55.1069],[-70.5975,-55.082],[-70.5435,-55.1613],[-70.4756,-55.1771],[-70.2979,-55.1138],[-70.2831,-55.0659]],[[-67.2889,-55.7769],[-67.2625,-55.7437],[-67.3741,-55.5894],[-67.5635,-55.7078],[-67.2889,-55.7769]],[[-74.5926,-51.3875],[-74.5586,-51.2771],[-74.6116,-51.2071],[-74.7367,-51.2076],[-75.0403,-51.3182],[-75.1537,-51.2788],[-75.3,-51.5564],[-75.2891,-51.6254],[-75.0474,-51.3983],[-74.8533,-51.4342],[-74.7309,-51.3674],[-74.5926,-51.3875]],[[-74.9634,-50.2373],[-74.8386,-50.1973],[-74.876,-50.11],[-75.3267,-50.0118],[-75.4491,-50.3434],[-75.2504,-50.3763],[-74.9634,-50.2373]],[[-74.5368,-51.9651],[-74.6475,-51.8662],[-74.7801,-51.8247],[-74.8229,-51.6302],[-74.9097,-51.65],[-74.9152,-51.7383],[-75.0081,-51.7237],[-75.1054,-51.7889],[-75.0171,-52.0379],[-74.8518,-52.2707],[-74.6945,-52.2792],[-74.666,-52.1601],[-74.5368,-51.9651]],[[-73.9383,-43.9143],[-73.9042,-43.8754],[-73.7896,-43.8765],[-73.8414,-43.789],[-74.1399,-43.821],[-74.1178,-43.8875],[-73.9383,-43.9143]],[[-71.6706,-54.2254],[-71.4733,-54.2312],[-71.1433,-54.374],[-71.0049,-54.2467],[-71.0219,-54.1118],[-71.1688,-54.1126],[-71.7051,-53.9233],[-71.9965,-53.8849],[-72.146,-53.9389],[-72.2104,-54.0478],[-71.9724,-54.2072],[-71.9485,-54.3009],[-71.6706,-54.2254]],[[-74.2831,-51.9188],[-74.1721,-51.9421],[-74.1154,-51.8885],[-74.4754,-51.7257],[-74.4236,-51.8451],[-74.2831,-51.9188]],[[-73.7271,-45.119],[-73.8774,-44.7288],[-74.0021,-44.5909],[-73.9833,-44.4948],[-73.7354,-44.3945],[-73.7032,-44.2741],[-73.8178,-44.235],[-73.9002,-44.1349],[-73.9949,-44.1402],[-74.0828,-44.1864],[-74.0972,-44.3894],[-74.2125,-44.427],[-74.3012,-44.3957],[-74.5018,-44.4735],[-74.4805,-44.5846],[-74.6178,-44.6479],[-74.3499,-44.9108],[-74.1952,-45.1448],[-74.0893,-45.1957],[-74.0991,-45.3254],[-73.849,-45.3406],[-73.8299,-45.2835],[-73.7521,-45.2668],[-73.7271,-45.119]],[[-74.2292,-45.6113],[-74.3154,-45.4641],[-74.2854,-45.2772],[-74.3105,-45.1727],[-74.4219,-45.2032],[-74.5023,-45.2852],[-74.4947,-45.4259],[-74.6898,-45.6626],[-74.6777,-45.7386],[-74.3685,-45.7358],[-74.2292,-45.6113]],[[-109.3905,-27.0684],[-109.4341,-27.1713],[-109.2229,-27.1011],[-109.2765,-27.0959],[-109.3905,-27.0684]],[[-70.419,-18.3449],[-70.3616,-18.398],[-70.2758,-19.2676],[-70.1574,-19.7059],[-70.1475,-20.2298],[-70.197,-20.7254],[-70.0884,-21.2532],[-70.0875,-21.4931],[-70.3317,-22.8486],[-70.4497,-23.0342],[-70.5632,-23.057],[-70.5934,-23.2555],[-70.5881,-23.3684],[-70.512,-23.4828],[-70.3923,-23.5659],[-70.5074,-23.8857],[-70.5741,-24.6443],[-70.4522,-25.2519],[-70.4895,-25.3765],[-70.633,-25.5456],[-70.7137,-25.7842],[-70.6354,-25.9927],[-70.6466,-26.3294],[-70.8979,-27.1875],[-70.9258,-27.5887],[-71.0865,-27.8145],[-71.1864,-28.3778],[-71.2668,-28.5075],[-71.3067,-28.6725],[-71.4936,-28.8553],[-71.5192,-28.9265],[-71.4858,-29.1982],[-71.3533,-29.3504],[-71.3267,-29.4432],[-71.3157,-29.6497],[-71.4004,-30.143],[-71.6695,-30.3304],[-71.7089,-30.628],[-71.662,-31.1695],[-71.5259,-31.8059],[-71.513,-32.2079],[-71.4213,-32.3868],[-71.4522,-32.6596],[-71.592,-32.9695],[-71.743,-33.0951],[-71.6955,-33.429],[-71.6363,-33.5192],[-71.6644,-33.6526],[-71.831,-33.8195],[-72.0028,-34.1653],[-71.9915,-34.2885],[-72.056,-34.6158],[-72.2238,-35.0962],[-72.3867,-35.2404],[-72.6239,-35.5857],[-72.5874,-35.7597],[-72.7784,-35.9785],[-72.8746,-36.3904],[-73.0066,-36.6435],[-73.1181,-36.6884],[-73.216,-37.1669],[-73.3746,-37.2243],[-73.6017,-37.1885],[-73.6624,-37.341],[-73.6034,-37.4791],[-73.6646,-37.5904],[-73.6618,-37.6985],[-73.4648,-38.0403],[-73.5326,-38.3668],[-73.5202,-38.5094],[-73.2265,-39.2244],[-73.2499,-39.4224],[-73.4104,-39.7892],[-73.671,-39.9632],[-73.6694,-40.0823],[-73.784,-40.4685],[-73.9836,-40.9743],[-73.855,-41.4464],[-73.8107,-41.5175],[-73.6239,-41.5813],[-73.7352,-41.7425],[-73.5213,-41.7971],[-73.2418,-41.7809],[-72.9528,-41.5147],[-72.8051,-41.5443],[-72.6698,-41.6594],[-72.5424,-41.6906],[-72.4277,-41.6459],[-72.3183,-41.499],[-72.3604,-41.6491],[-72.486,-41.7221],[-72.6599,-41.7425],[-72.8241,-41.9088],[-72.7382,-41.9946],[-72.4994,-41.9809],[-72.4124,-42.3882],[-72.4303,-42.4339],[-72.5484,-42.2558],[-72.6311,-42.1998],[-72.7732,-42.2577],[-72.7852,-42.3013],[-72.6318,-42.5097],[-72.7739,-42.5052],[-72.848,-42.6691],[-72.845,-42.808],[-72.766,-42.9082],[-72.758,-43.0395],[-72.878,-43.0481],[-72.94,-43.2113],[-73.076,-43.3236],[-73.101,-43.4552],[-72.9966,-43.6315],[-73.0688,-43.862],[-73.2245,-43.8979],[-73.2651,-44.1687],[-72.8275,-44.3954],[-72.6639,-44.4364],[-72.6801,-44.5939],[-72.739,-44.7342],[-73.0784,-44.9202],[-73.3625,-44.9782],[-73.4049,-45.1023],[-73.445,-45.2382],[-73.2264,-45.2552],[-72.9755,-45.3926],[-72.9338,-45.4523],[-73.2662,-45.3462],[-73.5499,-45.4838],[-73.7308,-45.48],[-73.7804,-45.6279],[-73.7566,-45.7028],[-73.5943,-45.7769],[-73.5918,-45.8991],[-73.6621,-46.2975],[-73.8454,-46.566],[-73.9437,-46.5716],[-73.9486,-46.5331],[-73.8106,-46.3773],[-73.7082,-46.0703],[-73.6949,-45.8596],[-73.7353,-45.8117],[-73.8787,-45.8469],[-73.9676,-46.1541],[-74.0897,-46.2224],[-74.3725,-46.2463],[-74.393,-46.2174],[-74.0815,-46.1318],[-74.0199,-46.0559],[-74.061,-45.9474],[-73.9603,-45.8353],[-73.825,-45.4469],[-73.9572,-45.4044],[-74.0375,-45.4177],[-74.1227,-45.4962],[-74.0818,-45.6783],[-74.1579,-45.7672],[-74.4628,-45.8407],[-74.7631,-45.8236],[-75.0667,-45.8749],[-75.0745,-46.0045],[-74.9245,-46.1597],[-75.6568,-46.6104],[-75.7081,-46.775],[-75.6353,-46.8628],[-75.4966,-46.9401],[-75.4304,-46.9346],[-75.3864,-46.8627],[-75.446,-46.7508],[-75.5651,-46.7287],[-75.5403,-46.6987],[-75.1458,-46.6001],[-75.0187,-46.5105],[-74.9842,-46.5121],[-75.0525,-46.628],[-75.006,-46.7411],[-74.6908,-46.864],[-74.5123,-46.8852],[-74.467,-46.8644],[-74.4844,-46.795],[-74.4542,-46.7668],[-74.3136,-46.7882],[-74.1519,-46.9744],[-74.2081,-47.0831],[-74.1584,-47.1825],[-74.4033,-47.3275],[-74.4827,-47.4305],[-74.3237,-47.5314],[-74.1341,-47.5908],[-74.243,-47.6793],[-74.5338,-47.5677],[-74.6549,-47.7022],[-74.6089,-47.758],[-74.3762,-47.8297],[-74.3506,-47.9443],[-74.2271,-47.9689],[-73.9409,-47.9294],[-73.8467,-47.867],[-73.7159,-47.6555],[-73.6099,-47.9939],[-73.501,-48.1066],[-73.3911,-48.1459],[-73.3845,-48.1773],[-73.5282,-48.1982],[-73.8538,-48.0422],[-74.2504,-48.0449],[-74.5847,-47.999],[-74.5772,-48.2744],[-74.4994,-48.3623],[-74.4744,-48.464],[-74.343,-48.4926],[-74.1715,-48.4274],[-74.0091,-48.475],[-74.1762,-48.4941],[-74.341,-48.5957],[-74.3821,-48.7937],[-74.3666,-49.4005],[-74.2213,-49.5006],[-74.0277,-49.0262],[-73.935,-49.0209],[-74.0154,-49.0909],[-74.0234,-49.2441],[-74.0944,-49.4297],[-73.8925,-49.5234],[-73.8364,-49.6094],[-73.8916,-49.6237],[-74.102,-49.5554],[-74.2908,-49.6041],[-74.3239,-49.7834],[-74.1713,-49.9073],[-74.0733,-49.9485],[-74.0112,-49.9285],[-73.9586,-49.9947],[-74.0194,-50.0228],[-74.3337,-49.9746],[-74.6296,-50.194],[-74.4251,-50.3502],[-73.9503,-50.5105],[-74.1856,-50.4854],[-74.1972,-50.6098],[-73.978,-50.8271],[-73.8915,-50.7827],[-73.7502,-50.5398],[-73.6544,-50.4927],[-73.6933,-50.57],[-73.6182,-50.6512],[-73.7406,-50.6967],[-73.8246,-50.8358],[-73.8065,-50.9384],[-74.1394,-50.8178],[-74.3656,-50.4879],[-74.6445,-50.3609],[-74.7759,-50.4699],[-74.6489,-50.6185],[-74.6857,-50.662],[-75.0947,-50.6812],[-75.0553,-50.7855],[-74.8147,-51.0629],[-74.3323,-51.195],[-74.1212,-51.1954],[-73.9395,-51.2663],[-73.8959,-51.3314],[-73.9298,-51.6179],[-74.0696,-51.5787],[-74.1967,-51.6806],[-73.9732,-51.7845],[-73.8944,-51.7578],[-73.7526,-51.7955],[-73.6503,-51.8563],[-73.5182,-52.041],[-73.3833,-52.07],[-72.9284,-51.8599],[-72.6,-51.7991],[-72.5833,-51.7373],[-72.6491,-51.695],[-73.197,-51.478],[-73.1688,-51.4539],[-73.1268,-51.4399],[-72.7612,-51.5732],[-72.5425,-51.7062],[-72.4896,-51.7637],[-72.4941,-51.8476],[-72.6246,-51.9465],[-72.6248,-52.0069],[-72.5241,-52.1703],[-72.5233,-52.2555],[-72.6315,-52.3716],[-72.714,-52.3567],[-72.5834,-52.2542],[-72.5708,-52.2001],[-72.6948,-52.0447],[-72.6955,-51.9852],[-72.795,-51.9495],[-72.9437,-52.0469],[-73.2604,-52.1578],[-73.5322,-52.1531],[-73.6843,-52.0777],[-73.7028,-52.1988],[-73.8345,-52.234],[-74.2957,-52.1179],[-74.1508,-52.3825],[-74.0374,-52.4029],[-73.9999,-52.5126],[-74.0358,-52.5772],[-74.0145,-52.6394],[-73.9147,-52.6882],[-73.7108,-52.6615],[-73.5857,-52.6857],[-73.3821,-52.5951],[-73.2441,-52.624],[-73.1782,-52.5627],[-73.1838,-52.4879],[-73.1239,-52.488],[-73.0732,-52.5351],[-73.2408,-52.7071],[-73.6452,-52.837],[-73.5075,-52.9035],[-73.3382,-53.0547],[-73.1225,-53.0739],[-73.023,-53.0221],[-73.0203,-52.8918],[-72.9319,-52.7816],[-72.8019,-52.7124],[-72.7766,-52.5774],[-72.7121,-52.5355],[-72.5044,-52.5601],[-72.4377,-52.6258],[-72.2257,-52.521],[-71.8119,-52.537],[-71.5113,-52.6054],[-71.5912,-52.6607],[-71.7971,-52.6828],[-72.1176,-52.65],[-72.4535,-52.8145],[-72.6266,-52.8176],[-72.676,-52.749],[-72.7277,-52.7623],[-72.8892,-52.8716],[-72.9155,-53.122],[-73.0527,-53.2435],[-72.7268,-53.42],[-72.5489,-53.4607],[-72.4926,-53.2906],[-72.278,-53.1323],[-71.3877,-52.7643],[-71.2271,-52.8106],[-71.1551,-52.8456],[-71.1633,-52.8881],[-71.289,-53.0337],[-71.7405,-53.2326],[-71.7915,-53.4846],[-71.8917,-53.5235],[-71.8282,-53.3983],[-71.8527,-53.2857],[-71.9417,-53.2341],[-72.3061,-53.2537],[-72.4129,-53.3502],[-72.3768,-53.4712],[-72.1744,-53.6323],[-71.6938,-53.8031],[-71.2978,-53.8834],[-70.9959,-53.7793],[-70.9478,-53.5704],[-70.9843,-53.3736],[-70.8212,-52.9631],[-70.8391,-52.8896],[-70.7951,-52.7687],[-70.5629,-52.6734],[-69.6203,-52.4647],[-69.4469,-52.2694],[-69.241,-52.2055],[-68.4425,-52.3558]],[[-78.8382,-33.5851],[-78.8883,-33.5764],[-78.9895,-33.6617],[-78.7747,-33.6416],[-78.8382,-33.5851]]]}},{"type":"Feature","properties":{"name":"Cabo Verde","aliases":["Cabo Verde","Republic of Cabo Verde","Cape Verde"],"kind":"country"},"geometry":{"type":"MultiLineString","coordinates":[[[-24.9797,17.0947],[-25.0347,17.1765],[-25.1135,17.1937],[-25.3371,17.091],[-25.3083,16.9358],[-25.1698,16.9465],[-24.9797,17.0947]],[[-24.991,16.9132],[-25.0931,16.8325],[-25.02,16.7972],[-24.8871,16.8181],[-24.9365,16.9221],[-24.991,16.9132]],[[-22.6926,16.169],[-22.7494,16.2215],[-22.9177,16.2373],[-22.9593,16.0451],[-22.8205,15.986],[-22.7101,16.0434],[-22.6926,16.169]],[[-24.3295,15.0195],[-24.392,15.0383],[-24.4969,14.9803],[-24.4922,14.8742],[-24.3861,14.8182],[-24.3083,14.8563],[-24.3295,15.0195]],[[-24.2711,16.6449],[-24.3929,16.6645],[-24.3224,16.4931],[-24.2431,16.5994],[-24.0327,16.572],[-24.0877,16.6225],[-24.2711,16.6449]],[[-22.9039,16.7321],[-22.9047,16.8438],[-22.9909,16.8088],[-22.9806,16.7009],[-22.9203,16.6079],[-22.9039,16.7321]],[[-23.2103,15.3235],[-23.2518,15.1781],[-23.21,15.1331],[-23.1159,15.1667],[-23.1377,15.3177],[-23.2103,15.3235]],[[-23.5353,15.1393],[-23.7006,15.2716],[-23.7072,15.3169],[-23.7481,15.3285],[-23.785,15.0769],[-23.7054,14.9613],[-23.5047,14.9161],[-23.4442,15.008],[-23.5353,15.1393]]]}},{"type":"Feature","properties":{"name":"Canada","aliases":["Canada"],"kind":"country"},"geometry":{"type":"MultiLineString","coordinates":[[[-63.8849,49.6577],[-63.6762,49.5343],[-63.5659,49.3993],[-63.0415,49.225],[-62.2195,49.0791],[-61.8011,49.0939],[-61.6961,49.139],[-61.8171,49.2835],[-62.0431,49.3898],[-63.0888,49.7727],[-64.1314,49.9417],[-64.4852,49.887],[-64.44,49.8277],[-63.8849,49.6577]],[[-59.8422,45.9416],[-59.828,45.9651],[-59.934,46.0194],[-59.8488,46.1129],[-59.865,46.1595],[-60.2265,46.1956],[-60.2979,46.3112],[-60.5049,46.2039],[-60.5857,46.1166],[-60.5732,46.0614],[-60.7333,45.9566],[-60.4606,45.9687],[-60.6991,45.7733],[-61.059,45.7034],[-61.0921,45.7484],[-60.9715,45.838],[-61.0375,45.8822],[-60.8684,45.9486],[-60.8652,45.9835],[-61.1052,45.9447],[-60.5769,46.1722],[-60.4945,46.2703],[-60.4824,46.4135],[-60.3317,46.7678],[-60.4254,46.9232],[-60.4082,47.0035],[-60.4891,47.0097],[-60.6166,46.9758],[-60.8702,46.7968],[-61.2405,46.3025],[-61.4086,46.1704],[-61.4806,46.0598],[-61.4953,45.9415],[-61.4498,45.7162],[-61.3234,45.5985],[-61.2363,45.5725],[-60.8716,45.6107],[-60.6729,45.5908],[-60.3861,45.6546],[-60.0158,45.8805],[-59.8422,45.9416]],[[-128.7665,52.5984],[-128.7309,52.3565],[-128.679,52.2896],[-128.5099,52.5186],[-128.5524,52.9397],[-128.6327,53.1125],[-129.0333,53.2799],[-129.1759,52.9649],[-129.0229,52.756],[-128.8998,52.6738],[-128.8312,52.6788],[-128.7463,52.7634],[-128.7665,52.5984]],[[-132.3473,53.1892],[-132.0113,53.2652],[-131.9574,53.3087],[-131.8892,53.714],[-131.7025,53.9864],[-131.6676,54.1414],[-131.9408,54.042],[-132.1344,54.0343],[-132.114,53.8602],[-132.187,53.6848],[-132.5347,53.6517],[-132.5649,53.6876],[-132.2145,53.8147],[-132.1551,53.8752],[-132.1661,53.9552],[-132.2616,54.0763],[-132.3444,54.1061],[-132.5641,54.0687],[-132.6555,54.1275],[-133.0484,54.1589],[-133.0979,54.0056],[-133.0795,53.837],[-132.898,53.5627],[-132.845,53.5077],[-132.425,53.337],[-132.6926,53.3679],[-132.7475,53.3105],[-132.5205,53.194],[-132.3473,53.1892]],[[-131.1162,52.2191],[-131.1426,52.2911],[-131.3199,52.3031],[-131.2597,52.4159],[-131.43,52.4221],[-131.5906,52.5782],[-131.4552,52.7017],[-131.7273,52.7564],[-131.9718,52.8798],[-131.6347,52.9222],[-131.6523,53.103],[-131.7537,53.1956],[-131.8931,53.2314],[-132.1539,53.1605],[-132.5468,53.1375],[-132.4687,53.0719],[-132.1438,52.9993],[-132.1449,52.9575],[-132.2581,52.9339],[-132.1651,52.7833],[-131.5621,52.4],[-131.4219,52.238],[-131.2215,52.1536],[-131.1162,52.2191]],[[-62.1636,46.4872],[-63.1294,46.4222],[-63.6814,46.5619],[-63.7842,46.4546],[-63.9056,46.5088],[-63.8793,46.609],[-64.0879,46.7754],[-63.9815,46.913],[-63.9936,47.0616],[-64.2232,46.9013],[-64.4031,46.6916],[-64.388,46.6409],[-64.136,46.5997],[-64.1108,46.4254],[-63.7586,46.3976],[-63.8005,46.3673],[-63.7318,46.2891],[-63.5689,46.2092],[-63.2135,46.1599],[-63.1528,46.1883],[-63.2708,46.2],[-62.9785,46.3164],[-63.0529,46.2698],[-63.0563,46.2239],[-62.9526,46.1952],[-62.8945,46.1236],[-63.0221,46.0666],[-62.9035,46.0683],[-62.8784,46.0014],[-62.7432,45.9669],[-62.4781,45.9997],[-62.5433,46.0287],[-62.5261,46.2029],[-62.0237,46.4216],[-62.1636,46.4872]],[[-123.4155,48.6982],[-123.497,48.5821],[-123.82,49.0835],[-123.9958,49.224],[-124.6429,49.4287],[-124.8306,49.5301],[-124.9307,49.6432],[-124.9046,49.6854],[-124.9347,49.7316],[-125.5343,50.3425],[-126.7009,50.5155],[-127.9181,50.8605],[-128.2416,50.8282],[-128.346,50.7442],[-128.3499,50.6966],[-128.2674,50.6093],[-128.0583,50.4985],[-127.7312,50.5357],[-127.7515,50.6074],[-127.4659,50.5831],[-127.529,50.5368],[-127.4865,50.4046],[-127.6414,50.4791],[-127.9059,50.4452],[-127.9629,50.346],[-127.8392,50.2932],[-127.8639,50.1277],[-127.4671,50.1634],[-127.3494,50.052],[-127.2498,50.138],[-127.1796,50.0731],[-127.1959,49.9492],[-127.1143,49.8797],[-126.9771,49.8828],[-126.9033,49.9441],[-126.6831,49.8765],[-126.5252,49.7196],[-126.3476,49.6608],[-126.1341,49.6723],[-126.5419,49.5905],[-126.5485,49.4189],[-126.4999,49.4],[-126.4186,49.449],[-126.3045,49.382],[-126.2436,49.4427],[-126.0999,49.4213],[-126.0203,49.368],[-125.9354,49.4015],[-125.9838,49.2879],[-125.9517,49.248],[-125.8354,49.2767],[-125.6442,49.1858],[-125.8285,49.0918],[-125.5431,48.9528],[-125.4603,48.9411],[-125.3627,48.9982],[-124.9273,49.0142],[-124.8126,49.2126],[-124.8002,49.1416],[-124.8497,49.0283],[-125.1357,48.8224],[-125.1207,48.7608],[-125.0172,48.7115],[-124.1152,48.4364],[-123.5731,48.3228],[-123.4459,48.4272],[-123.3345,48.4065],[-123.2838,48.4552],[-123.4155,48.6982]],[[-59.8664,43.9472],[-59.936,43.9396],[-60.1175,43.9534],[-60.0377,43.9066],[-59.9223,43.9039],[-59.7876,43.9396],[-59.7271,44.0028],[-59.8664,43.9472]],[[-73.6875,45.5614],[-73.8529,45.5157],[-73.9605,45.4414],[-73.5665,45.4691],[-73.4761,45.7047],[-73.6875,45.5614]],[[-73.6953,45.5855],[-73.5724,45.6945],[-73.7247,45.6718],[-73.8577,45.5736],[-73.6953,45.5855]],[[-61.026,45.5773],[-61.0817,45.5578],[-61.0029,45.4817],[-60.9125,45.5673],[-61.026,45.5773]],[[-61.4755,47.564],[-61.3955,47.6376],[-61.548,47.6318],[-61.9247,47.4251],[-62.0083,47.2343],[-61.8337,47.2226],[-61.7726,47.2598],[-61.9141,47.2845],[-61.8866,47.3446],[-61.6841,47.4987],[-61.5822,47.56],[-61.4755,47.564]],[[-64.5648,47.8663],[-64.6633,47.863],[-64.6846,47.7536],[-64.6213,47.7519],[-64.5339,47.8138],[-64.5086,47.8867],[-64.5648,47.8663]],[[-64.5913,47.9072],[-64.4761,47.9589],[-64.4813,48.0069],[-64.5196,48.0051],[-64.5913,47.9072]],[[-71.095,46.8996],[-71.1167,46.8648],[-71.0257,46.8729],[-70.8258,46.9954],[-71.095,46.8996]],[[-66.3241,44.2573],[-66.2738,44.2923],[-66.2104,44.392],[-66.2505,44.379],[-66.3241,44.2573]],[[-66.8971,44.6289],[-66.7625,44.6818],[-66.7454,44.7914],[-66.8021,44.8054],[-66.8447,44.7639],[-66.8971,44.6289]],[[-126.1153,49.365],[-126.2085,49.3798],[-126.2296,49.2957],[-126.064,49.2636],[-126.1153,49.365]],[[-124.4939,49.6675],[-124.3623,49.5882],[-124.1398,49.5104],[-124.4215,49.7278],[-124.6499,49.7584],[-124.4939,49.6675]],[[-123.3848,48.8752],[-123.3779,48.9083],[-123.6893,49.0951],[-123.541,48.9459],[-123.3848,48.8752]],[[-123.4679,48.8674],[-123.5823,48.9258],[-123.5175,48.7501],[-123.4772,48.7288],[-123.4068,48.7561],[-123.4875,48.8457],[-123.4679,48.8674]],[[-124.9777,50.0296],[-124.9075,50.084],[-124.9908,50.2171],[-125.026,50.1341],[-125.0016,50.0208],[-124.9777,50.0296]],[[-126.7381,49.8437],[-126.8261,49.8724],[-126.9258,49.8377],[-126.8969,49.7829],[-126.9513,49.7357],[-126.8142,49.6421],[-126.6412,49.6058],[-126.6499,49.7458],[-126.7381,49.8437]],[[-125.1265,50.3203],[-125.2609,50.4178],[-125.3012,50.4141],[-125.3584,50.3115],[-125.1951,50.0443],[-125.074,50.2207],[-125.1265,50.3203]],[[-129.215,52.8039],[-129.2635,52.8008],[-129.2505,52.7222],[-128.9687,52.4643],[-128.9403,52.6007],[-129.215,52.8039]],[[-130.9218,54.6149],[-130.9503,54.4778],[-130.7534,54.5997],[-130.9068,54.6318],[-130.9218,54.6149]],[[-131.1071,52.1366],[-131.1034,52.0139],[-131.0293,51.9616],[-131.0106,52.0953],[-131.1071,52.1366]],[[-130.3159,54.0469],[-130.3973,54.0857],[-130.4946,54.0742],[-130.6957,53.9513],[-130.7032,53.8922],[-130.6437,53.8445],[-130.6418,53.9211],[-130.5898,53.9403],[-130.3842,53.8439],[-130.2363,53.9585],[-130.3159,54.0469]],[[-130.0354,53.4811],[-130.452,53.6312],[-130.5176,53.5442],[-130.1514,53.3457],[-129.9344,53.1767],[-129.8486,53.1679],[-129.7689,53.2173],[-129.7548,53.2448],[-129.9447,53.4364],[-130.0354,53.4811]],[[-127.9325,51.6055],[-128.0317,51.7084],[-128.1488,51.6267],[-128.0918,51.5111],[-127.9813,51.4572],[-127.9247,51.4739],[-127.9325,51.6055]],[[-128.2981,52.5482],[-128.2473,52.7844],[-128.3649,52.7819],[-128.4398,52.6964],[-128.4125,52.4729],[-128.4454,52.3875],[-128.3436,52.4261],[-128.2981,52.5482]],[[-129.4714,53.183],[-129.5147,53.1794],[-129.4778,53.0978],[-129.37,52.9976],[-129.3137,52.9922],[-129.4714,53.183]],[[-129.1677,53.1179],[-129.177,53.2591],[-129.2382,53.3301],[-129.3239,53.1421],[-129.1677,53.1179]],[[-139.2914,69.5979],[-139.1257,69.5393],[-138.8789,69.5897],[-139.1396,69.6496],[-139.2914,69.5979]],[[-62.6241,66.0163],[-62.4484,65.9455],[-62.382,65.8333],[-62.6103,65.7236],[-62.6589,65.6399],[-62.9689,65.6224],[-63.1689,65.6573],[-63.4587,65.853],[-63.4209,65.7086],[-63.652,65.6743],[-63.3375,65.6167],[-63.4018,65.1185],[-63.6066,64.9281],[-63.8956,65.1093],[-64.0614,65.1219],[-64.1519,65.0662],[-64.3457,65.1724],[-64.2697,65.4008],[-64.4698,65.2527],[-64.5551,65.1166],[-65.1085,65.4638],[-65.4016,65.764],[-65.3781,65.8221],[-65.1849,65.9399],[-64.8537,66.0159],[-64.673,66.1927],[-64.4454,66.3171],[-64.6552,66.287],[-65.0045,66.0777],[-65.4156,65.9946],[-65.8257,65.9969],[-65.8911,66.0202],[-65.8572,66.0864],[-65.6563,66.2047],[-65.856,66.1422],[-66.0637,66.1327],[-66.477,66.2797],[-66.7874,66.5557],[-66.9863,66.6275],[-67.0148,66.6222],[-66.969,66.5472],[-67.0769,66.5255],[-67.3073,66.5697],[-67.3177,66.5204],[-67.1917,66.4328],[-67.1897,66.3217],[-67.2254,66.3103],[-67.3688,66.3175],[-67.7408,66.4582],[-67.8834,66.4674],[-67.7045,66.2686],[-67.1832,66.0344],[-67.3504,65.9297],[-67.828,65.9652],[-68.4599,66.2493],[-68.7489,66.2],[-68.4671,66.1732],[-68.2172,66.0789],[-68.1983,66.039],[-68.2607,65.9946],[-68.2568,65.9386],[-68.1867,65.871],[-67.8665,65.7737],[-67.9543,65.6231],[-67.9368,65.5649],[-67.5696,65.6436],[-67.3997,65.5884],[-67.3034,65.4829],[-67.118,65.4404],[-67.3365,65.3466],[-67.0665,65.2441],[-66.9704,65.0849],[-66.8309,65.0742],[-66.6974,64.8152],[-66.6355,65.0003],[-66.2237,64.8541],[-66.2097,64.8281],[-66.3015,64.7777],[-66.2146,64.7224],[-65.9385,64.8857],[-65.7681,64.8536],[-65.5132,64.7065],[-65.4319,64.7264],[-65.2748,64.6315],[-65.5293,64.5048],[-65.1786,64.5097],[-65.0945,64.4846],[-65.0746,64.4367],[-65.213,64.3033],[-65.5803,64.2938],[-65.3478,64.2323],[-65.1496,64.0872],[-65.1699,64.0282],[-64.6785,64.028],[-64.6862,63.9609],[-64.7981,63.916],[-64.5763,63.8974],[-64.4109,63.7063],[-64.5616,63.6797],[-64.4986,63.4628],[-64.5144,63.264],[-64.6646,63.2454],[-64.9333,63.5993],[-65.1918,63.7643],[-65.0894,63.606],[-65.0048,63.3334],[-65.0689,63.2635],[-64.6724,62.922],[-64.8687,62.8799],[-65.1628,62.9326],[-65.0466,62.7015],[-65.0502,62.6461],[-65.1085,62.6265],[-65.5724,62.8689],[-65.7404,62.932],[-65.8337,62.9085],[-66.224,63.1072],[-66.2492,63.1083],[-66.2011,63.0063],[-66.2287,62.991],[-66.4145,63.0272],[-66.655,63.2647],[-66.6364,63.0801],[-66.6975,63.0695],[-66.7732,63.1623],[-66.9747,63.2556],[-67.0179,63.3165],[-67.1798,63.305],[-67.2609,63.3407],[-67.8933,63.7337],[-67.7226,63.4228],[-68.4938,63.7255],[-68.8589,63.7519],[-68.9111,63.7032],[-68.7893,63.5951],[-68.1413,63.1723],[-67.676,63.0936],[-67.737,63.0096],[-67.3667,62.9142],[-66.9795,62.7008],[-66.6449,62.6021],[-66.2812,62.3027],[-65.9802,62.2089],[-66.027,62.1372],[-66.1332,62.1024],[-66.0589,61.9139],[-66.2567,61.8683],[-67.4401,62.1513],[-68.5359,62.2556],[-69.1256,62.424],[-69.6047,62.7677],[-70.2361,62.7634],[-71.1058,63.0022],[-70.946,63.1207],[-71.2537,63.0425],[-71.5013,63.1264],[-71.9922,63.4162],[-71.6143,63.4441],[-71.3809,63.5803],[-71.5135,63.5866],[-71.7253,63.7062],[-71.8375,63.725],[-72.2901,63.728],[-72.1743,63.8934],[-72.4984,63.8235],[-72.6781,64.02],[-73.4545,64.3993],[-73.2713,64.5825],[-73.9104,64.5781],[-73.9504,64.4658],[-74.0648,64.4247],[-74.0987,64.4437],[-74.1305,64.6078],[-74.4612,64.6447],[-74.6343,64.8239],[-74.6814,64.8307],[-74.9194,64.7655],[-74.64,64.5571],[-74.6947,64.4966],[-75.0674,64.4567],[-75.4878,64.5408],[-75.715,64.5244],[-75.7667,64.3919],[-76.1181,64.3763],[-76.8562,64.2376],[-77.7912,64.3671],[-78.0452,64.4993],[-78.1746,64.6177],[-78.1897,64.7518],[-78.0553,64.9829],[-77.8762,65.0729],[-77.3609,65.1965],[-77.4604,65.3559],[-77.3267,65.4531],[-76.4817,65.3697],[-75.8283,65.2271],[-75.5199,65.056],[-75.5016,65.0131],[-75.5891,64.905],[-75.4521,64.8416],[-75.3571,65.0087],[-75.4458,65.0997],[-75.7987,65.2975],[-75.1663,65.2839],[-74.9817,65.3814],[-74.4948,65.3717],[-74.2369,65.4839],[-73.9896,65.517],[-73.5508,65.4853],[-73.7461,65.7667],[-74.2762,66.0127],[-74.4011,66.097],[-74.4164,66.1671],[-73.5842,66.5069],[-73.2808,66.675],[-73.0333,66.7282],[-72.9468,66.8833],[-72.7888,67.0306],[-72.3649,67.1334],[-72.22,67.2543],[-72.3529,67.3419],[-72.7253,67.8116],[-73.0634,68.107],[-73.3282,68.2667],[-73.2845,68.357],[-73.6445,68.2945],[-73.8205,68.3629],[-73.8793,68.4294],[-73.7806,68.6193],[-73.8516,68.7014],[-74.118,68.7009],[-73.9661,68.5788],[-73.9893,68.5486],[-74.2701,68.5412],[-74.4224,68.5799],[-74.6479,68.7075],[-74.7,68.8084],[-74.9104,68.8231],[-74.7433,68.9134],[-74.954,68.9611],[-74.7167,69.0455],[-74.8549,69.0658],[-75.2133,68.9094],[-75.5227,68.9527],[-75.623,68.8877],[-76.2347,68.728],[-76.5851,68.6987],[-76.6163,68.7599],[-76.5572,69.0095],[-76.3809,69.0524],[-75.9537,69.0308],[-75.668,69.1588],[-75.6478,69.2125],[-75.7872,69.3187],[-76.408,69.4411],[-76.5204,69.5166],[-76.5161,69.5909],[-76.4633,69.62],[-76.2341,69.6621],[-76.5133,69.6839],[-76.7423,69.5729],[-77.0899,69.6351],[-77.1288,69.6527],[-76.8586,69.7754],[-77.016,69.8361],[-77.5917,69.8456],[-77.774,70.2385],[-78.2828,70.2292],[-78.6214,70.3534],[-79.0664,70.6036],[-79.3466,70.4819],[-79.4052,70.4007],[-79.0175,70.3252],[-78.8098,70.1786],[-78.7778,70.0477],[-78.8188,70.0104],[-79.0929,69.9253],[-79.5154,69.8876],[-80.6703,70.0521],[-81.652,70.0946],[-81.3295,70.0244],[-81.0237,69.9],[-80.8429,69.7917],[-80.9217,69.7309],[-81.5647,69.9427],[-82.2938,69.8369],[-83.15,70.0091],[-83.8591,69.9627],[-85.4324,70.1114],[-85.78,70.0367],[-86.322,70.1454],[-86.4831,70.2886],[-86.4998,70.3504],[-86.3969,70.4653],[-86.7041,70.3907],[-87.1225,70.412],[-87.172,70.3999],[-87.0633,70.3251],[-87.6178,70.3187],[-87.9007,70.2519],[-88.4021,70.4425],[-88.8484,70.5229],[-89.2083,70.7597],[-89.4559,71.0617],[-88.6957,71.0456],[-87.8449,70.9444],[-87.1401,71.0116],[-87.8725,71.2085],[-89.0793,71.2879],[-89.6933,71.4235],[-89.8458,71.4923],[-90.0252,71.9488],[-89.9315,72.049],[-89.6638,72.158],[-89.8587,72.2483],[-89.874,72.3672],[-89.8168,72.4677],[-89.3577,72.8042],[-89.2253,73.1081],[-88.9768,73.2525],[-88.7609,73.3124],[-88.7052,73.4033],[-87.7198,73.7229],[-86.4064,73.8548],[-85.1105,73.8082],[-84.9468,73.7216],[-86.0005,73.3125],[-86.6293,72.8708],[-86.6678,72.7625],[-86.5946,72.6611],[-86.3226,72.4608],[-86.3414,72.1232],[-86.2185,71.8991],[-86.0361,71.7709],[-85.0234,71.3532],[-85.4054,71.2268],[-85.9454,71.1626],[-86.5894,71.0108],[-86.5497,70.9888],[-85.6438,71.1524],[-85.0016,71.1375],[-85.0658,71.0786],[-85.0477,71.0587],[-84.8703,71.0018],[-84.7896,71.0933],[-84.6743,71.4388],[-84.66,71.5861],[-84.6994,71.6314],[-85.3391,71.6973],[-85.5962,71.8664],[-85.9116,71.9865],[-85.5458,72.1016],[-85.4059,72.2148],[-85.3219,72.2332],[-85.0187,72.2182],[-84.2837,72.0445],[-84.842,72.3082],[-84.623,72.3766],[-84.8494,72.4062],[-85.1564,72.3829],[-85.3411,72.4215],[-85.6156,72.6046],[-85.6499,72.7222],[-85.6194,72.8192],[-85.3876,72.945],[-84.9896,72.9199],[-84.2566,72.7967],[-84.2743,72.8364],[-85.3839,73.0454],[-85.4547,73.1055],[-85.0184,73.3355],[-84.6161,73.3896],[-84.4161,73.4565],[-83.7819,73.4169],[-83.9041,73.5283],[-82.8433,73.7154],[-82.2028,73.7365],[-81.6054,73.696],[-81.3441,73.5978],[-81.1518,73.314],[-80.6035,73.1212],[-80.5919,72.9277],[-80.2747,72.7456],[-81.2293,72.3117],[-81.2406,72.2779],[-80.7608,72.4572],[-80.6115,72.4508],[-80.7024,72.3383],[-80.9412,72.2102],[-80.6914,72.1035],[-80.9211,72.0723],[-80.9251,71.9077],[-80.8022,71.9292],[-80.3861,72.1488],[-80.1819,72.2088],[-79.8844,72.1772],[-80.1089,72.3322],[-80.0418,72.3942],[-79.8313,72.4463],[-79.5837,72.3146],[-79.3233,72.3908],[-79.0002,72.272],[-79.0078,72.0429],[-78.5851,71.8806],[-78.8627,72.1008],[-78.8201,72.2654],[-78.6993,72.3514],[-78.4288,72.2798],[-78.1164,72.2803],[-77.726,72.18],[-77.5165,72.1778],[-77.5357,72.2188],[-78.2872,72.3598],[-78.4843,72.4706],[-78.4588,72.5423],[-78.3502,72.6002],[-77.7532,72.7248],[-76.8935,72.7207],[-76.1888,72.5722],[-75.7043,72.5715],[-75.1858,72.4342],[-75.0398,72.2696],[-75.0527,72.2264],[-75.3941,72.0398],[-75.5428,72.008],[-75.9228,71.7172],[-75.4284,71.9844],[-74.9032,72.1005],[-74.3774,72.0666],[-74.2664,72.0377],[-74.2093,71.9787],[-74.3157,71.8427],[-74.893,71.7255],[-75.2048,71.7091],[-74.9595,71.6675],[-74.7008,71.6756],[-74.829,71.5709],[-74.8683,71.5047],[-74.8407,71.4066],[-75.0354,71.2305],[-74.9962,71.2181],[-74.7589,71.3381],[-74.5996,71.5849],[-74.4881,71.6484],[-74.1391,71.6822],[-73.9921,71.7496],[-73.8141,71.7714],[-73.7072,71.7463],[-73.7136,71.7199],[-74.1973,71.4042],[-74.0633,71.4265],[-73.7128,71.5876],[-73.4816,71.4792],[-73.3978,71.3734],[-73.1806,71.2829],[-73.1922,71.3499],[-73.3104,71.4843],[-73.2782,71.538],[-72.902,71.6778],[-72.5806,71.6068],[-72.1165,71.5928],[-71.6407,71.5163],[-71.333,71.4035],[-71.1865,71.2787],[-71.495,71.1051],[-71.9379,71.0943],[-72.6327,70.8308],[-72.3125,70.8325],[-72.0092,71.0134],[-71.7425,71.0469],[-71.3709,70.9751],[-71.1862,70.978],[-70.8261,71.1087],[-70.6727,71.0522],[-70.6365,71.0066],[-70.6391,70.9024],[-70.7617,70.7922],[-71.0218,70.6741],[-71.5859,70.5659],[-71.8902,70.4315],[-71.7272,70.3952],[-71.4267,70.5521],[-71.2759,70.5003],[-71.2796,70.4252],[-71.4294,70.1278],[-71.3131,70.2093],[-70.9798,70.5811],[-70.5609,70.7383],[-70.0847,70.8295],[-69.2891,70.7834],[-68.4467,70.5941],[-68.3583,70.5229],[-68.3635,70.4813],[-68.4826,70.4148],[-68.8429,70.3145],[-69.4357,70.2531],[-70.0614,70.0708],[-70.0577,70.0426],[-69.7959,70.0469],[-69.483,70.1601],[-68.7782,70.2036],[-68.7233,70.1457],[-69.0083,69.979],[-68.744,69.9414],[-68.4894,70.0648],[-68.2307,70.1122],[-68.2104,70.1284],[-68.3272,70.1802],[-68.1207,70.3146],[-67.8553,70.2818],[-67.3637,70.0344],[-67.1959,69.8607],[-67.1928,69.7568],[-67.3367,69.721],[-68.0204,69.7701],[-68.3721,69.6444],[-68.8371,69.6235],[-69.2277,69.5474],[-69.2508,69.5119],[-68.513,69.5773],[-67.9083,69.4601],[-67.237,69.4601],[-66.7167,69.3119],[-66.6793,69.1911],[-66.8029,69.1527],[-67.4838,69.167],[-67.9385,69.2481],[-68.1982,69.2027],[-68.4063,69.2322],[-69.0406,69.098],[-68.4155,69.1721],[-67.7517,69.0387],[-67.751,68.9338],[-67.8832,68.784],[-68.3242,68.844],[-68.7253,68.8102],[-69.3427,68.8694],[-68.8714,68.76],[-68.2104,68.703],[-68.1525,68.6811],[-68.1483,68.6161],[-67.9385,68.5242],[-67.656,68.5507],[-67.2025,68.4659],[-66.7139,68.4457],[-66.9973,68.3742],[-67.033,68.3261],[-66.831,68.2156],[-66.9231,68.0657],[-66.729,68.129],[-66.6627,68.0344],[-66.6055,68.11],[-66.631,68.2106],[-66.2124,68.2804],[-66.2747,68.0408],[-66.4139,67.9043],[-66.5265,67.8512],[-66.3924,67.8319],[-66.2252,67.9587],[-65.9424,68.0709],[-65.9749,67.9574],[-65.8644,67.9229],[-65.7017,67.9867],[-65.5091,67.9683],[-65.5409,67.7656],[-65.4013,67.6749],[-65.4422,67.8323],[-65.4153,67.8792],[-64.9769,68.0434],[-64.8354,67.99],[-65.026,67.892],[-65.0714,67.8238],[-65.0211,67.7875],[-64.8299,67.7843],[-64.6378,67.8402],[-64.1562,67.623],[-64.0194,67.6549],[-63.8502,67.5661],[-64.0775,67.4956],[-64.008,67.3473],[-64.7,67.3505],[-64.5893,67.3155],[-64.3759,67.3011],[-64.3564,67.2562],[-63.8362,67.2641],[-63.8241,67.3157],[-63.5916,67.3775],[-63.3158,67.3363],[-63.0401,67.235],[-63.1616,67.1744],[-63.2584,67.0247],[-63.7016,66.8224],[-62.9623,66.9493],[-62.3797,66.9054],[-62.1236,67.0467],[-61.9686,67.019],[-61.2997,66.6487],[-61.3072,66.6088],[-61.5278,66.5581],[-61.9045,66.6781],[-62.1233,66.6431],[-61.6526,66.5031],[-61.5708,66.3729],[-61.9563,66.3093],[-62.3745,66.4108],[-62.5531,66.4068],[-62.4057,66.3159],[-62.5336,66.227],[-61.9916,66.0353],[-62.6241,66.0163]],[[-68.7212,81.2612],[-68.6885,81.2933],[-66.9141,81.4851],[-66.6257,81.6164],[-65.7011,81.6456],[-65.2262,81.7435],[-64.4358,81.7426],[-62.1767,82.0434],[-61.2735,82.2798],[-61.2072,82.3411],[-61.4771,82.4674],[-61.6972,82.4886],[-62.4752,82.5196],[-63.2468,82.4502],[-63.0871,82.5328],[-63.0854,82.5652],[-63.6425,82.713],[-63.473,82.7712],[-63.4987,82.7926],[-63.9836,82.8291],[-64.504,82.7784],[-64.9049,82.9008],[-65.1132,82.8889],[-65.299,82.7996],[-65.7274,82.8424],[-67.3971,82.6681],[-68.1729,82.6459],[-68.4693,82.6534],[-66.8363,82.8179],[-66.4226,82.9269],[-69.4889,83.0168],[-69.9699,83.1161],[-70.8706,83.0981],[-71.4235,83.0211],[-70.9404,82.9022],[-72.0692,83.1061],[-72.8117,83.0812],[-73.3312,82.9988],[-73.4407,82.9458],[-73.4419,82.9048],[-73.2347,82.8442],[-72.6587,82.7216],[-73.272,82.7716],[-74.4142,83.0131],[-75.7449,83.0472],[-77.1249,83.0085],[-76.9084,82.9194],[-75.5656,82.6085],[-76.0094,82.5352],[-76.1465,82.5499],[-76.421,82.6709],[-77.4796,82.8832],[-79.8863,82.9385],[-80.1549,82.9111],[-79.8338,82.8165],[-78.7488,82.6794],[-80.0758,82.7062],[-81.0102,82.7791],[-81.1781,82.7447],[-80.8097,82.5864],[-81.5797,82.643],[-82.1168,82.6287],[-82.1225,82.6018],[-81.6812,82.5187],[-82.4514,82.4271],[-82.4476,82.395],[-81.9976,82.2783],[-80.1298,82.0284],[-79.6295,81.9323],[-79.4249,81.8544],[-80.1534,81.9776],[-82.5369,82.2473],[-82.7475,82.1964],[-82.3274,82.0925],[-82.356,82.066],[-82.6337,82.0773],[-83.0102,82.1417],[-83.5907,82.3265],[-84.3681,82.3739],[-84.8968,82.4494],[-85.7944,82.2916],[-86.6156,82.2186],[-86.5806,82.1872],[-85.3106,82.044],[-85.0448,81.9828],[-85.6457,81.9533],[-86.6268,82.051],[-86.834,82.0333],[-87.0182,81.9587],[-87.4044,82.0542],[-88.0632,82.0965],[-88.5668,82.0611],[-89.381,81.9167],[-90.9419,81.8274],[-91.4238,81.7442],[-91.6476,81.6838],[-91.6841,81.6357],[-91.2924,81.5712],[-90.6263,81.656],[-89.8217,81.6349],[-90.609,81.4295],[-90.3035,81.4011],[-88.4791,81.5646],[-87.597,81.5258],[-88.6219,81.5014],[-89.427,81.3875],[-89.6737,81.3286],[-89.2087,81.2501],[-89.9473,81.1727],[-89.981,81.1247],[-89.623,81.0325],[-87.2751,81.0808],[-86.6228,81.1227],[-85.4025,81.2853],[-84.9412,81.2862],[-86.4768,81.0357],[-87.3887,80.9884],[-88.4131,80.9998],[-89.2633,80.9143],[-88.9214,80.8056],[-87.7117,80.6562],[-87.3299,80.6698],[-85.7809,81.0351],[-83.2888,81.1479],[-83.3492,81.1033],[-85.2463,80.9879],[-86.2521,80.7896],[-86.6031,80.664],[-86.6154,80.63],[-86.2503,80.5658],[-85.7262,80.5812],[-85.1458,80.5211],[-84.2198,80.5378],[-83.4014,80.714],[-82.2224,80.7723],[-82.8843,80.5775],[-82.3682,80.5613],[-81.007,80.6549],[-79.7613,80.8419],[-79.5454,80.9093],[-79.4021,81.0369],[-79.1983,81.1176],[-78.7339,81.151],[-77.9724,81.3308],[-76.8851,81.4303],[-78.2868,81.1676],[-78.6293,81.0435],[-78.7162,80.9517],[-76.863,80.8648],[-78.3862,80.7844],[-79.6293,80.6479],[-80.0511,80.5286],[-80.9796,80.4453],[-82.5361,80.3755],[-82.987,80.3226],[-82.9611,80.2779],[-82.6813,80.1749],[-81.0102,79.6931],[-80.1245,79.6695],[-80.4759,79.6063],[-81.0381,79.6142],[-81.6884,79.6858],[-82.6775,79.9928],[-83.7236,80.229],[-86.3072,80.3193],[-86.4985,80.2583],[-86.6145,80.1235],[-86.4943,80.0182],[-86.4208,79.8452],[-86.0315,79.7219],[-85.2685,79.6641],[-84.1974,79.2251],[-83.5759,79.0537],[-84.2566,79.1222],[-84.5678,79.0713],[-84.412,78.9966],[-82.4388,78.9037],[-81.7501,78.9758],[-82.1511,78.8641],[-82.9898,78.8441],[-83.2714,78.7703],[-85.0038,78.9123],[-86.8079,78.7744],[-86.9529,78.6639],[-87.4913,78.4172],[-87.4911,78.2844],[-87.5518,78.1766],[-87.3394,78.1327],[-86.9132,78.1268],[-86.4271,78.197],[-85.9201,78.3429],[-86.2178,78.0812],[-85.5859,78.1096],[-85.419,78.1424],[-85.0243,78.3124],[-84.7832,78.5276],[-84.9104,78.2397],[-84.55,78.2514],[-84.2227,78.176],[-84.6154,78.1957],[-85.5476,77.9277],[-85.292,77.7639],[-85.2894,77.559],[-84.8605,77.4995],[-84.4858,77.562],[-84.1678,77.5227],[-83.7794,77.5326],[-83.4282,77.6213],[-82.5953,77.9921],[-82.7104,77.8495],[-82.9027,77.7327],[-83.6081,77.4422],[-84.487,77.368],[-84.9509,77.375],[-85.5885,77.4611],[-86.173,77.7461],[-86.7551,77.8637],[-87.236,77.8918],[-88.017,77.7847],[-88.0947,77.7192],[-87.6814,77.4364],[-87.4297,77.3478],[-87.1824,77.3321],[-86.8123,77.1849],[-88.1479,77.124],[-88.5562,77.0722],[-89.4998,76.8268],[-89.5701,76.4919],[-88.5458,76.4209],[-88.6141,76.6509],[-88.4959,76.7729],[-88.4816,76.5801],[-88.396,76.4053],[-87.4976,76.3863],[-87.4898,76.5858],[-87.3542,76.448],[-86.6802,76.3766],[-86.4537,76.5849],[-86.1158,76.4349],[-85.3436,76.3134],[-84.2753,76.3565],[-84.2238,76.6753],[-83.8857,76.4531],[-82.2332,76.4658],[-82.2083,76.5138],[-82.262,76.5747],[-82.5298,76.7233],[-82.3111,76.6554],[-82.0342,76.6294],[-81.7174,76.495],[-81.1707,76.5127],[-80.9745,76.4701],[-80.8324,76.4086],[-80.8348,76.3691],[-80.9967,76.215],[-80.7997,76.1736],[-79.511,76.3105],[-78.2843,76.5712],[-77.9833,76.755],[-77.9987,76.852],[-78.2889,76.978],[-78.7918,76.8836],[-79.2208,76.936],[-79.3189,76.9804],[-79.2738,77.0258],[-79.2811,77.0852],[-79.3409,77.1584],[-79.4973,77.1961],[-79.9237,77.1936],[-80.2187,77.1466],[-80.6726,77.2443],[-81.1172,77.2696],[-81.7563,77.204],[-82.0568,77.2965],[-81.5229,77.3108],[-81.2777,77.3652],[-81.5036,77.4298],[-81.6591,77.5254],[-80.573,77.3148],[-79.9064,77.2996],[-78.4932,77.3694],[-78.2837,77.4131],[-78.0762,77.519],[-78.0472,77.6155],[-78.0841,77.8461],[-78.0126,77.946],[-76.974,77.9272],[-75.9696,77.9931],[-75.866,78.0098],[-75.5507,78.2211],[-75.1935,78.3277],[-75.4884,78.4035],[-76.4161,78.5115],[-74.8786,78.5448],[-74.5466,78.6203],[-74.4331,78.7241],[-75.0985,78.8583],[-75.7951,78.8897],[-75.9527,78.959],[-76.2559,79.0068],[-76.8248,79.0179],[-77.8828,78.9424],[-78.5816,79.075],[-77.398,79.0573],[-75.9118,79.1178],[-75.2332,79.0355],[-74.5323,79.0527],[-74.4812,79.2295],[-75.0936,79.2039],[-75.6027,79.2396],[-76.1164,79.3261],[-76.2957,79.4136],[-76.8988,79.5123],[-75.5034,79.4142],[-73.4661,79.4952],[-73.2936,79.5216],[-73.2011,79.5966],[-73.2294,79.644],[-73.4725,79.7564],[-74.6602,79.8352],[-74.3945,79.8741],[-73.4481,79.8271],[-72.4365,79.6944],[-71.3878,79.7618],[-71.1102,79.8478],[-71.1063,79.8755],[-71.3558,79.9113],[-70.7575,79.9982],[-70.5591,80.071],[-70.7585,80.1187],[-71.6161,80.071],[-72.056,80.1232],[-70.2649,80.2336],[-70.2128,80.2777],[-70.7126,80.5396],[-70.1435,80.3977],[-69.5507,80.3833],[-68.6305,80.6787],[-65.484,81.2848],[-64.8328,81.4386],[-64.7801,81.4929],[-65.7357,81.4942],[-68.3177,81.2612],[-68.7212,81.2612]],[[-120.6818,69.5669],[-121.5311,69.7758],[-122.9567,69.8188],[-123.0766,69.7825],[-123.2137,69.5415],[-123.5284,69.3894],[-124.3381,69.3648],[-124.4813,69.4251],[-124.1246,69.69],[-124.4069,69.7674],[-124.4719,69.9185],[-124.4445,70.1106],[-124.555,70.1512],[-124.9904,70.0266],[-124.7679,69.99],[-125.0796,69.8178],[-125.2012,69.8288],[-125.2194,69.7324],[-125.3569,69.626],[-125.1668,69.4798],[-125.1719,69.428],[-125.3868,69.3492],[-125.525,69.3516],[-125.9074,69.4186],[-126.2504,69.5453],[-126.6849,69.7771],[-126.9268,70.0617],[-127.226,70.2961],[-127.7528,70.5171],[-127.991,70.5738],[-128.1273,70.5238],[-128.1701,70.4185],[-127.9889,70.3631],[-128.0437,70.3288],[-127.974,70.2929],[-127.6838,70.2604],[-128.2786,70.1081],[-128.3867,69.9602],[-128.853,69.751],[-129.0543,69.7011],[-129.1579,69.8001],[-128.9386,69.875],[-128.8989,69.9662],[-129.1091,69.8819],[-130.1176,69.7201],[-130.516,69.5697],[-130.875,69.32],[-130.9707,69.2091],[-130.9863,69.3629],[-131.0634,69.4507],[-131.1617,69.455],[-131.3247,69.3612],[-131.303,69.4151],[-131.3429,69.4354],[-131.5629,69.4614],[-131.7884,69.432],[-131.8202,69.4016],[-131.7869,69.3713],[-131.9196,69.2905],[-132.7189,69.0792],[-132.7701,69.0122],[-132.7391,68.9225],[-132.5327,68.8756],[-132.706,68.8149],[-133.3367,68.8353],[-133.138,68.7466],[-133.1968,68.7398],[-133.3484,68.7699],[-133.4183,68.8443],[-132.8175,69.2058],[-132.6867,69.2599],[-132.3308,69.308],[-131.9378,69.5347],[-130.8321,69.6515],[-129.6483,69.9978],[-129.5384,70.1052],[-129.6756,70.193],[-129.945,70.0909],[-130.6655,70.1271],[-130.9262,70.0516],[-131.1364,69.9069],[-131.4409,69.9179],[-132.1634,69.705],[-132.334,69.7518],[-132.4885,69.7381],[-132.5684,69.6981],[-132.4039,69.6587],[-132.8403,69.6507],[-133.1631,69.4339],[-133.694,69.3684],[-134.1743,69.2528],[-133.8798,69.5077],[-134.0775,69.5579],[-134.242,69.6688],[-134.4089,69.6818],[-134.4954,69.5719],[-134.4568,69.4776],[-135.1408,69.4678],[-135.2298,69.4252],[-135.255,69.3238],[-135.2928,69.3079],[-135.4996,69.3372],[-135.6149,69.291],[-135.6915,69.3112],[-135.9102,69.1115],[-135.5755,69.027],[-135.9248,68.9926],[-135.8947,68.9267],[-135.4346,68.842],[-135.2312,68.6943],[-136.1224,68.8822],[-136.4437,68.8951]],[[-136.4437,68.8951],[-136.7173,68.8892],[-137.26,68.9641],[-137.8694,69.0928],[-138.6899,69.3168],[-139.1815,69.5155],[-139.9766,69.6217],[-140.4051,69.6025],[-141.0031,69.6509]],[[-130.5762,54.7701],[-130.5355,54.7487],[-130.3494,54.8146],[-130.2039,54.947],[-130.2142,55.0269]],[[-130.0258,55.8875],[-130.0947,55.6948],[-130.08,55.5629],[-129.9852,55.3588],[-129.9958,55.2641],[-130.0918,55.1078],[-130.0485,55.0573],[-129.8377,55.3191],[-129.7952,55.5596],[-129.7013,55.4386],[-129.5606,55.4625],[-129.8901,55.1646],[-130.2189,54.7303],[-130.3505,54.6553],[-130.4303,54.421],[-130.2903,54.2704],[-130.0842,54.1814],[-129.8984,54.2264],[-129.626,54.2303],[-129.7908,54.1658],[-130.0433,54.1335],[-130.0859,53.9758],[-130.2329,53.8674],[-130.3353,53.7239],[-130.2633,53.6542],[-130.0744,53.5756],[-129.9119,53.5514],[-129.8218,53.4127],[-129.5637,53.2515],[-129.4624,53.3466],[-129.2579,53.418],[-129.2081,53.6416],[-128.9594,53.8415],[-128.8902,53.8298],[-128.7048,53.9186],[-128.5321,53.8581],[-128.7147,53.81],[-128.7637,53.7469],[-128.6755,53.5546],[-128.5118,53.4766],[-128.2072,53.4832],[-127.95,53.3298],[-127.9278,53.2747],[-128.1327,53.4178],[-128.3581,53.4598],[-128.5421,53.4207],[-128.9056,53.5593],[-128.8546,53.7045],[-129.0214,53.6921],[-129.1145,53.6411],[-129.1716,53.5336],[-129.0809,53.3673],[-128.6523,53.2438],[-128.5247,53.1407],[-128.452,52.8766],[-128.365,52.8258],[-128.0533,52.9107],[-128.1324,52.8058],[-128.2751,52.4355],[-128.2715,52.363],[-128.0382,52.5312],[-127.9402,52.5452],[-128.0516,52.4533],[-128.0375,52.3182],[-128.3576,52.1589],[-128.1936,51.9983],[-128.1022,51.7884],[-127.7919,52.2894],[-127.5192,52.3593],[-127.0349,52.6817],[-127.0193,52.8425],[-126.9664,52.7847],[-126.9513,52.7212],[-126.9952,52.6579],[-127.2083,52.4982],[-127.1606,52.3949],[-126.9382,52.3086],[-126.714,52.0607],[-127.008,52.2907],[-127.1757,52.3148],[-127.2422,52.3951],[-127.4379,52.3562],[-127.7954,52.191],[-127.8588,51.9903],[-127.7276,51.9932],[-127.8632,51.8208],[-127.8505,51.6732],[-127.6687,51.4776],[-127.4427,51.679],[-127.3387,51.7074],[-126.6915,51.7034],[-127.2807,51.6541],[-127.4197,51.6081],[-127.6892,51.3435],[-127.7081,51.1512],[-127.3569,50.9456],[-127.0576,50.8675],[-126.6318,50.9151],[-126.5173,51.0568],[-126.4846,50.9605],[-126.5218,50.8661],[-126.3746,50.8374],[-126.5173,50.7245],[-126.5144,50.6794],[-125.9041,50.7049],[-126.4475,50.5877],[-126.4045,50.5299],[-126.0943,50.4976],[-125.7724,50.5082],[-125.6413,50.4662],[-125.5394,50.649],[-125.526,50.5341],[-125.4763,50.4972],[-125.2099,50.4763],[-125.0588,50.5139],[-124.9425,50.6657],[-124.9336,50.8106],[-124.8599,50.8724],[-124.8626,50.6373],[-125.0567,50.4187],[-125.0436,50.3638],[-124.9334,50.2979],[-124.7824,50.0201],[-124.4126,49.7781],[-124.1416,49.7927],[-123.9721,49.892],[-123.9714,49.9695],[-123.8657,50.0721],[-123.9459,50.1839],[-123.8801,50.1736],[-123.7847,50.088],[-123.9042,49.9812],[-123.8744,49.7368],[-123.7627,49.6585],[-123.5825,49.6812],[-123.8172,49.5866],[-123.9228,49.7175],[-123.9926,49.7362],[-124.0538,49.6617],[-124.0286,49.6029],[-123.8918,49.4947],[-123.5306,49.3973],[-123.3356,49.4592],[-123.325,49.5777],[-123.1875,49.6803],[-123.2768,49.3439],[-123.0155,49.3222],[-122.8791,49.3989],[-122.9477,49.2933],[-123.2294,49.2605],[-123.1911,49.2195],[-123.1963,49.1477],[-123.0795,49.1306],[-123.1176,49.0563],[-123.0773,48.9802],[-122.9627,49.0746],[-122.7883,48.992]],[[-67.125,45.1684],[-66.9187,45.1456],[-66.8725,45.0673],[-66.5109,45.1434],[-66.4398,45.0959],[-66.1437,45.2276],[-66.1073,45.2569],[-66.1827,45.3352],[-66.0266,45.4176],[-66.1098,45.3166],[-65.9556,45.2225],[-65.8845,45.2229],[-64.8979,45.626],[-64.7785,45.6384],[-64.5937,45.8137],[-64.6327,45.9466],[-64.4822,45.8063],[-64.3146,45.8357],[-64.5601,45.6255],[-64.8274,45.4755],[-64.9129,45.3748],[-64.8731,45.3546],[-64.7467,45.3244],[-64.6002,45.4101],[-63.368,45.3648],[-64.0932,45.2171],[-64.1827,45.147],[-64.1355,45.023],[-64.235,45.1143],[-64.3542,45.1382],[-64.3308,45.3093],[-64.4481,45.3375],[-64.4069,45.3057],[-64.4488,45.2561],[-64.9029,45.1208],[-65.7282,44.6971],[-65.5022,44.7604],[-65.6158,44.6804],[-65.917,44.6151],[-66.0906,44.5049],[-66.1464,44.4359],[-65.9419,44.5755],[-65.868,44.5688],[-66.0996,44.3675],[-66.1931,44.1438],[-66.1257,43.8138],[-66.0376,43.7422],[-65.9784,43.8148],[-65.8869,43.7952],[-65.7381,43.5607],[-65.4817,43.5181],[-65.4285,43.5614],[-65.3443,43.5496],[-65.3296,43.6681],[-65.2349,43.7268],[-65.0868,43.7272],[-64.8624,43.8679],[-64.5785,44.142],[-64.4688,44.1852],[-64.3782,44.3036],[-64.2757,44.3341],[-64.3385,44.4449],[-64.2861,44.5503],[-64.167,44.5867],[-64.1009,44.4875],[-63.9997,44.6449],[-63.8207,44.5106],[-63.6098,44.48],[-63.5448,44.5438],[-63.604,44.6832],[-63.3063,44.6426],[-63.1557,44.7113],[-62.514,44.8437],[-61.2838,45.2355],[-61.1011,45.2334],[-61.0315,45.2917],[-61.1067,45.3486],[-61.461,45.3667],[-61.282,45.4411],[-61.3505,45.5737],[-61.4923,45.687],[-61.6569,45.6422],[-61.7765,45.6556],[-61.8772,45.7142],[-61.9555,45.8682],[-62.4831,45.6218],[-62.5856,45.6607],[-62.7501,45.6482],[-62.7007,45.7406],[-63.1079,45.7824],[-63.2928,45.752],[-63.5092,45.8747],[-63.7029,45.858],[-64.0564,46.0213],[-63.8319,46.1072],[-63.9159,46.1658],[-64.5415,46.2403],[-64.5568,46.3114],[-64.6479,46.356],[-64.7259,46.6714],[-64.8167,46.6987],[-64.9058,46.8879],[-64.8314,47.0608],[-65.0424,47.0888],[-65.1921,47.0496],[-65.3189,47.1012],[-64.9122,47.3687],[-64.8521,47.5699],[-64.7032,47.7249],[-64.874,47.7972],[-65.0464,47.793],[-65.0017,47.8468],[-65.2282,47.8113],[-65.4835,47.687],[-65.6072,47.67],[-65.6665,47.6961],[-65.7557,47.8598],[-65.8494,47.911],[-66.2102,47.9886],[-66.3596,48.0606],[-66.7044,48.0225],[-66.449,48.1196],[-66.0831,48.1027],[-65.9267,48.1889],[-65.4759,48.0315],[-65.2594,48.0212],[-64.8221,48.1965],[-64.6332,48.3605],[-64.3488,48.4232],[-64.2538,48.5504],[-64.2461,48.6911],[-64.5137,48.8411],[-64.2088,48.8062],[-64.2162,48.8736],[-64.5677,49.1048],[-64.8363,49.1917],[-65.5234,49.2662],[-66.1782,49.2131],[-66.5981,49.1264],[-68.2382,48.6264],[-68.552,48.4573],[-68.8157,48.366],[-69.471,47.9673],[-69.5811,47.8237],[-70.0171,47.4714],[-70.0696,47.3778],[-70.5195,47.0325],[-71.2612,46.7563],[-71.9009,46.6319],[-72.1093,46.5512],[-72.2401,46.4421],[-72.4962,46.3527],[-72.7334,46.1818],[-73.1596,46.0101],[-73.4653,45.6323],[-73.5581,45.4251],[-73.7646,45.3955],[-74.0498,45.2414],[-74.7089,45.0039],[-74.3583,45.2064],[-73.9738,45.3451],[-73.9996,45.4333],[-74.3151,45.5311],[-74.0378,45.5019],[-73.7119,45.7112],[-73.4766,45.7382],[-73.1454,46.0663],[-73.0219,46.1203],[-72.981,46.2097],[-72.6801,46.2873],[-72.2566,46.4851],[-72.2046,46.5589],[-71.8796,46.6868],[-71.7573,46.6736],[-71.2678,46.7959],[-71.1156,46.925],[-70.7059,47.1398],[-70.448,47.4234],[-69.9944,47.7399],[-69.9056,47.8322],[-69.775,48.0981],[-69.9712,48.2058],[-70.5006,48.3543],[-70.8388,48.3674],[-71.0183,48.4556],[-70.3837,48.3665],[-69.8517,48.2074],[-69.6739,48.1992],[-69.375,48.3864],[-69.2308,48.5736],[-68.9291,48.829],[-68.669,48.9395],[-68.5438,49.0562],[-68.2206,49.1497],[-68.2819,49.1972],[-67.372,49.3484],[-67.2619,49.4512],[-67.2344,49.6018],[-66.9412,49.9937],[-66.4955,50.2119],[-66.1255,50.201],[-65.9554,50.2941],[-65.7625,50.2593],[-65.2686,50.32],[-64.8679,50.2755],[-64.5089,50.3089],[-64.1704,50.2694],[-63.854,50.3144],[-63.2386,50.2426],[-63.1356,50.2938],[-62.7154,50.3017],[-61.9195,50.2329],[-61.7249,50.1041],[-61.2897,50.202],[-60.9563,50.2054],[-60.8072,50.2498],[-60.6082,50.2211],[-60.0802,50.2546],[-59.8863,50.3164],[-59.8153,50.4183],[-59.6119,50.4921],[-59.378,50.6754],[-59.1654,50.7799],[-58.5104,51.2951],[-58.0894,51.311],[-57.7696,51.4259],[-57.4617,51.4691],[-56.976,51.4577],[-56.0175,51.9293],[-55.6952,52.1378],[-55.6728,52.1901],[-55.6911,52.2416],[-56.0117,52.3945],[-55.7771,52.3643],[-55.706,52.4283],[-55.7465,52.4746],[-56.0526,52.5374],[-56.3249,52.5445],[-55.8028,52.6432],[-55.8725,52.7357],[-55.8299,52.8784],[-55.8923,53.0004],[-55.7979,53.212],[-55.9661,53.4711],[-56.1102,53.5876],[-56.354,53.6245],[-56.465,53.765],[-56.5243,53.7665],[-56.8409,53.7395],[-57.3317,53.4691],[-57.3861,53.5605],[-57.5241,53.6114],[-57.135,53.7918],[-57.1989,53.9244],[-57.4161,54.1627],[-58.1921,54.2282],[-58.31,54.2017],[-58.3608,54.1545],[-58.3175,54.1145],[-57.9283,54.1036],[-58.6521,53.9779],[-58.9196,53.8753],[-59.3223,53.6437],[-59.8291,53.5045],[-60.1483,53.3065],[-60.3295,53.2661],[-60.3457,53.289],[-60.2512,53.3436],[-60.3058,53.3601],[-60.2903,53.3915],[-60.1003,53.487],[-60.3695,53.6075],[-60.3954,53.6533],[-60.1449,53.5961],[-60.0565,53.7334],[-59.823,53.8344],[-59.4965,53.8342],[-59.0388,53.9636],[-58.9202,54.0331],[-58.6332,54.0496],[-58.4352,54.2281],[-58.2197,54.2865],[-58.1514,54.3504],[-57.6993,54.3866],[-57.5632,54.4404],[-57.4045,54.5909],[-57.8269,54.7187],[-57.9293,54.7731],[-57.9625,54.8757],[-58.1953,54.8659],[-58.2229,54.8127],[-58.3981,54.7741],[-58.7802,54.8384],[-58.9971,55.1495],[-59.2596,55.2],[-59.4286,55.0555],[-59.8378,54.814],[-59.7417,54.9426],[-59.4379,55.1759],[-59.6891,55.1963],[-59.6955,55.2691],[-59.7588,55.3096],[-60.2125,55.2364],[-60.6171,55.0602],[-60.4501,55.2],[-60.3609,55.3663],[-60.1924,55.4809],[-60.4083,55.6496],[-60.341,55.7847],[-60.4758,55.8051],[-60.5621,55.727],[-60.5926,55.8148],[-60.7366,55.887],[-60.7433,55.9415],[-60.8318,55.9579],[-60.9958,55.8624],[-61.0894,55.8664],[-61.1879,55.9554],[-61.4495,55.9957],[-61.3011,56.0472],[-61.3647,56.216],[-61.7131,56.231],[-61.7071,56.2887],[-61.4253,56.3606],[-61.9404,56.4236],[-62.0097,56.4539],[-61.7377,56.526],[-62.3955,56.73],[-62.4973,56.8017],[-62.2958,56.8328],[-62.3817,56.7877],[-62.0625,56.6991],[-61.5317,56.6546],[-61.3716,56.6808],[-61.3905,56.853],[-61.3337,57.0106],[-61.6285,57.1832],[-61.8608,57.1976],[-61.9774,57.2479],[-61.8498,57.3704],[-61.9211,57.4208],[-62.3965,57.4482],[-62.4956,57.4892],[-62.3386,57.4845],[-61.968,57.6119],[-61.9312,57.6686],[-61.9949,57.7694],[-61.8991,57.8613],[-61.9586,57.9118],[-62.3057,57.9723],[-62.4862,58.1541],[-62.8175,58.1292],[-63.2615,58.0147],[-63.0628,58.1271],[-62.8121,58.2004],[-62.6743,58.3192],[-62.5938,58.474],[-62.7373,58.4922],[-63.1321,58.4108],[-63.1195,58.4417],[-63.21,58.4669],[-63.5371,58.3299],[-63.3899,58.4525],[-63.1023,58.5458],[-62.8739,58.6725],[-63.0503,58.8782],[-63.2821,58.8674],[-63.2164,58.928],[-63.3099,59.0265],[-63.2225,59.0572],[-63.2484,59.0683],[-63.7937,59.027],[-63.9711,59.0538],[-63.6455,59.0789],[-63.5062,59.1152],[-63.4151,59.1944],[-63.5399,59.3329],[-63.6375,59.3415],[-63.7759,59.2771],[-63.7809,59.3493],[-63.9455,59.3802],[-63.9707,59.4091],[-63.7502,59.5126],[-63.9288,59.6449],[-64.0561,59.8226],[-64.2263,59.7412],[-64.1688,59.8465],[-64.1829,59.9729],[-64.2835,60.0641],[-64.7685,60.0121],[-64.4196,60.1714],[-64.4994,60.2683],[-64.7059,60.3361],[-64.8173,60.3311],[-64.9313,60.252],[-65.1717,59.908],[-65.1592,59.8301],[-65.0282,59.7707],[-65.2888,59.8181],[-65.4334,59.7765],[-65.4865,59.6487],[-65.4074,59.5394],[-65.0382,59.3879],[-65.3497,59.4788],[-65.4751,59.4703],[-65.4117,59.315],[-65.5128,59.3504],[-65.6071,59.2131],[-65.7,59.2133],[-65.6063,59.1107],[-65.3835,59.0602],[-65.544,59.0119],[-65.721,59.0238],[-65.7036,58.9706],[-65.8414,58.9771],[-65.9207,58.9146],[-65.8548,58.8466],[-66.0431,58.8207],[-65.9229,58.572],[-66.0024,58.4312],[-66.0909,58.659],[-66.2374,58.7723],[-66.3624,58.7912],[-66.48,58.7309],[-66.6079,58.5489],[-66.7222,58.491],[-67.0194,58.4329],[-67.5696,58.2135],[-67.6783,57.9911],[-67.6897,58.2438],[-67.756,58.4046],[-67.8559,58.2726],[-68.0639,58.139],[-67.8883,58.2958],[-68.021,58.4853],[-68.111,58.4733],[-68.1755,58.4026],[-68.2891,58.1777],[-68.4136,58.0518],[-69.0408,57.9025],[-68.9453,57.9688],[-68.4682,58.0763],[-68.3565,58.1632],[-68.2339,58.3992],[-68.2294,58.4846],[-68.253,58.5566],[-68.3265,58.5954],[-68.3812,58.7435],[-68.4749,58.8235],[-68.6982,58.9045],[-69.2711,58.8839],[-69.7899,58.6893],[-70.1543,58.7606],[-70.16,58.7894],[-69.8676,58.8562],[-69.7842,58.9557],[-69.6484,58.8208],[-69.5316,58.8692],[-69.4141,59.0869],[-69.4505,59.18],[-69.344,59.3031],[-69.4,59.3378],[-69.6819,59.3417],[-69.7109,59.3925],[-69.6924,59.4884],[-69.5794,59.6751],[-69.6302,59.8218],[-69.7339,59.918],[-70.6197,59.9843],[-70.6548,60.0262],[-69.9628,60.0178],[-69.6737,60.0759],[-69.6298,60.1221],[-69.6288,60.1986],[-69.7406,60.3323],[-69.7513,60.4875],[-69.6405,60.6898],[-69.4047,60.8468],[-69.4144,60.9225],[-69.5033,61.0404],[-69.6236,61.0495],[-69.7084,60.9146],[-69.9924,60.8565],[-70.0953,60.8803],[-70.1459,60.9218],[-70.158,61.0207],[-70.2793,61.0687],[-70.7232,61.0552],[-71.4227,61.1589],[-71.7435,61.3373],[-71.6453,61.4131],[-71.8544,61.4398],[-71.7558,61.5268],[-71.6194,61.5729],[-71.6383,61.6172],[-71.8661,61.6885],[-72.0231,61.612],[-72.2159,61.5873],[-72.2471,61.6021],[-72.04,61.6803],[-72.2261,61.8316],[-72.5056,61.9227],[-72.7716,61.8404],[-72.6321,62.0272],[-72.687,62.1246],[-72.8818,62.1254],[-73.7051,62.4731],[-74.6458,62.2111],[-74.6899,62.1834],[-74.6326,62.1157],[-75.0228,62.2645],[-75.3412,62.3121],[-75.7898,62.1796],[-75.6755,62.2495],[-75.8169,62.3159],[-76.8794,62.5254],[-77.3724,62.5725],[-77.604,62.5314],[-78.0681,62.3554],[-78.147,62.2087],[-78.0214,61.8321],[-77.8899,61.7287],[-77.5144,61.5563],[-77.7362,61.4374],[-77.7268,61.2307],[-77.765,61.1575],[-78.1813,60.8191],[-77.8715,60.7858],[-77.603,60.8252],[-77.7908,60.6398],[-77.715,60.5778],[-77.5036,60.5427],[-77.6814,60.4271],[-77.4529,60.1458],[-77.5859,60.0882],[-77.2892,60.022],[-77.3729,59.9251],[-77.3316,59.7966],[-77.4853,59.6846],[-77.3491,59.579],[-77.3967,59.5692],[-77.5904,59.6805],[-77.7262,59.6759],[-77.7335,59.581],[-77.859,59.4758],[-77.7607,59.38],[-78.0677,59.2002],[-78.4305,58.9018],[-78.5151,58.6824],[-78.463,58.6024],[-77.5524,58.2396],[-77.1568,58.0189],[-76.8909,57.7581],[-76.5729,57.1812],[-76.5256,56.8918],[-76.5298,56.5],[-76.6041,56.1996],[-76.7618,55.9964],[-77.1651,55.6635],[-77.7753,55.2913],[-78.475,55.011],[-79.7124,54.6718],[-79.5979,54.6017],[-79.3562,54.2634],[-79.1388,54.1572],[-79.2418,54.0989],[-78.996,54.0025],[-79.0751,53.9324],[-78.9457,53.8316],[-79.0403,53.818],[-79.1131,53.7172],[-79.1003,53.6566],[-78.992,53.4104],[-78.8982,53.0434],[-78.7217,52.8564],[-78.7658,52.7601],[-78.7441,52.6554],[-78.5571,52.4919],[-78.5261,52.3107],[-78.4481,52.2614],[-78.8282,51.963],[-78.9279,51.7988],[-78.9816,51.7746],[-78.7313,51.4975],[-78.858,51.3839],[-78.9032,51.2003],[-79.0405,51.4638],[-79.2643,51.552],[-79.297,51.6228],[-79.4976,51.5699],[-79.6888,51.3466],[-79.7375,51.1863],[-79.7145,51.1176],[-79.4526,50.9173],[-79.3479,50.7626],[-79.8362,51.1733],[-80.1036,51.2829],[-80.368,51.3299],[-80.4783,51.3073],[-80.8512,51.125],[-80.4433,51.3886],[-80.658,51.7584],[-80.9685,51.9722],[-81.2851,52.0892],[-81.4662,52.2045],[-81.5495,52.2368],[-81.8279,52.2242],[-81.6115,52.3241],[-81.5717,52.3673],[-81.5994,52.4326],[-82.02,52.8116],[-82.2604,52.9611],[-82.2916,53.0307],[-82.2599,53.1598],[-82.1592,53.2642],[-82.1906,53.6109],[-82.1415,53.8176],[-82.2399,54.0448],[-82.4242,54.2446],[-82.4181,54.3558],[-82.2194,54.8135],[-82.3083,54.9981],[-82.3933,55.0678],[-82.5774,55.1487],[-82.8678,55.1607],[-82.9863,55.2314],[-83.2144,55.2146],[-83.9106,55.3146],[-84.518,55.2589],[-85.0609,55.2856],[-85.2136,55.2244],[-85.3653,55.0793],[-85.212,55.2975],[-85.218,55.349],[-85.6767,55.6011],[-87.4824,56.0213],[-88.0751,56.4673],[-88.4471,56.6087],[-88.8265,56.8143],[-89.7908,56.9813],[-90.5922,57.2245],[-91.1113,57.2412],[-92.3557,56.9706],[-92.3034,57.0459],[-92.4563,57.0367],[-92.7981,56.922],[-92.6141,57.039],[-92.4328,57.3203],[-93.1002,58.4898],[-93.1788,58.7256],[-93.78,58.7726],[-94.1232,58.7367],[-94.2089,58.6264],[-94.2722,58.378],[-94.3322,58.2974],[-94.2871,58.716],[-94.4192,58.7455],[-94.5792,58.8685],[-94.6734,58.8701],[-94.7762,59.0206],[-94.9573,59.0688],[-94.8703,59.088],[-94.7883,59.2679],[-94.7858,59.9533],[-94.6468,60.4164],[-94.7617,60.4982],[-94.5689,60.542],[-94.5094,60.6045],[-94.0678,61.1389],[-94.0834,61.3037],[-93.8888,61.344],[-93.9409,61.4437],[-93.9127,61.4814],[-93.312,61.7673],[-93.4942,61.8469],[-93.5818,61.942],[-93.3331,61.9329],[-93.2734,61.9611],[-93.3498,62.0298],[-93.0734,62.0605],[-93.0163,62.0927],[-93.0659,62.1498],[-92.9055,62.2151],[-92.9878,62.2859],[-93.2054,62.3649],[-92.8658,62.3062],[-92.528,62.1684],[-92.768,62.38],[-92.595,62.4701],[-92.5514,62.5467],[-92.2695,62.587],[-92.0079,62.5405],[-91.9358,62.5924],[-91.9559,62.6448],[-92.3052,62.7117],[-92.3777,62.7724],[-92.3613,62.8194],[-92.0342,62.8634],[-91.449,62.8041],[-91.1149,62.9216],[-90.7779,62.9716],[-90.6986,63.0639],[-90.7113,63.3041],[-90.7466,63.3516],[-90.9701,63.4428],[-91.3301,63.5068],[-91.8418,63.6976],[-92.2896,63.563],[-92.4651,63.5551],[-92.1569,63.6917],[-93.3785,63.9485],[-93.4059,63.9412],[-93.3803,63.9],[-93.2702,63.8409],[-93.5598,63.8653],[-93.6642,63.9414],[-93.5967,64.0406],[-93.6963,64.1472],[-93.4297,64.0288],[-92.3384,63.7876],[-92.0949,63.7844],[-91.9822,63.8224],[-91.9289,63.8125],[-91.956,63.7723],[-91.926,63.7571],[-91.5388,63.7256],[-90.8119,63.5809],[-90.5964,63.6613],[-90.3688,63.6244],[-90.1547,63.6896],[-90.0134,63.8043],[-90.1682,63.9788],[-89.8557,63.957],[-89.9536,64.0806],[-90.08,64.1277],[-90.0417,64.1409],[-89.8113,64.1806],[-89.7638,64.0995],[-89.6158,64.0306],[-89.4035,64.04],[-89.1315,63.9685],[-89.1077,63.9811],[-89.2006,64.1138],[-88.9644,64.0112],[-88.653,64.0094],[-87.9976,64.2439],[-87.885,64.4004],[-87.2805,64.8262],[-87.0285,65.0636],[-87.0027,65.1086],[-87.0275,65.1981],[-87.3919,65.2605],[-88.1978,65.2799],[-88.974,65.3483],[-89.9241,65.7803],[-90.9834,65.9192],[-91.0649,65.8999],[-91.0411,65.8298],[-91.4272,65.9479],[-91.0095,65.9657],[-89.8897,65.8686],[-89.8478,65.8723],[-89.944,65.9336],[-89.7494,65.936],[-89.0877,65.739],[-88.7439,65.6788],[-88.6725,65.6116],[-87.97,65.3489],[-87.2915,65.3548],[-86.0429,66.0226],[-85.9587,66.119],[-86.0008,66.1868],[-86.1131,66.2253],[-86.6851,66.3604],[-86.747,66.4171],[-86.6886,66.4575],[-86.7371,66.5109],[-86.7082,66.523],[-86.0632,66.5204],[-85.6039,66.5683],[-85.4422,66.5374],[-85.0962,66.3253],[-84.6281,66.2077],[-84.4784,66.1793],[-84.3984,66.2587],[-84.2931,66.2918],[-83.869,66.2136],[-83.7976,66.2385],[-83.8258,66.29],[-84.223,66.6825],[-84.7377,66.9336],[-84.8574,66.9407],[-85.0183,66.8721],[-85.1137,66.9069],[-84.8458,67.0287],[-84.5385,66.9728],[-84.2726,66.8392],[-84.3611,66.8226],[-84.3244,66.7818],[-84.208,66.7363],[-83.998,66.7285],[-83.6511,66.4846],[-83.5903,66.3878],[-83.4064,66.3712],[-82.9489,66.5508],[-82.6415,66.5875],[-82.2605,66.7391],[-81.9255,66.9747],[-81.6301,67.002],[-81.4676,67.0699],[-81.3011,67.357],[-81.2701,67.4599],[-81.2943,67.4974],[-81.4123,67.5954],[-82.0625,67.9282],[-82.1021,68.0189],[-82.0125,68.1939],[-82.2224,68.1453],[-82.4227,68.2966],[-82.413,68.3572],[-82.5527,68.4465],[-82.2102,68.5062],[-81.9148,68.4588],[-81.2815,68.6572],[-81.2635,68.7806],[-81.3809,68.85],[-81.9579,68.8836],[-81.3216,69.1389],[-81.4123,69.1981],[-81.7322,69.2581],[-82.2275,69.2489],[-82.2082,69.297],[-82.3099,69.41],[-82.7548,69.4944],[-82.4957,69.5322],[-82.3742,69.6418],[-82.6184,69.6911],[-83.6653,69.6997],[-84.3188,69.8437],[-85.0198,69.8048],[-85.5348,69.8351],[-85.4461,69.7778],[-85.5024,69.6515],[-85.416,69.5478],[-85.4319,69.3539],[-85.3868,69.2319],[-84.8622,69.074],[-84.9161,68.9623],[-85.0834,68.9079],[-85.1066,68.844],[-84.8676,68.7733],[-85.2751,68.7414],[-85.4911,68.774],[-85.6898,68.6709],[-85.7449,68.5783],[-85.7311,68.445],[-85.9526,68.0725],[-86.398,67.8001],[-86.4755,67.7131],[-86.5608,67.4821],[-86.9239,67.3563],[-87.2663,67.1838],[-87.3594,67.1772],[-87.4991,67.3553],[-88.1959,67.7658],[-88.3138,67.9503],[-88.347,68.2883],[-88.2353,68.3391],[-88.1111,68.2512],[-87.991,68.242],[-87.8927,68.2481],[-87.8279,68.3],[-87.8277,68.4481],[-88.0414,68.8117],[-89.0567,69.2661],[-89.2795,69.2555],[-89.6666,69.0146],[-89.7831,68.7359],[-89.8842,68.6256],[-89.8977,68.4908],[-90.1744,68.2702],[-90.2478,68.2674],[-90.5736,68.4747],[-90.5102,68.6889],[-90.539,68.8196],[-90.479,68.8812],[-90.7448,69.1059],[-91.2372,69.2855],[-91.0578,69.3184],[-90.8923,69.2673],[-90.684,69.4277],[-90.4156,69.457],[-90.6667,69.5155],[-91.4399,69.5257],[-91.1509,69.6372],[-91.2018,69.6448],[-91.3842,69.6495],[-91.7241,69.5456],[-91.912,69.5312],[-92.2091,69.6033],[-92.2583,69.6343],[-92.2308,69.6534],[-92.3117,69.6729],[-92.8878,69.6682],[-91.9767,70.0387],[-92.127,70.0845],[-92.5119,70.1039],[-92.3205,70.2354],[-91.8586,70.1327],[-91.5641,70.1783],[-91.7608,70.3263],[-92.0474,70.3033],[-92.0491,70.3896],[-92.3558,70.6343],[-92.9814,70.8522],[-92.9042,70.9161],[-92.8827,71.0693],[-92.9487,71.2621],[-93.2563,71.4608],[-93.7628,71.638],[-93.7463,71.7428],[-94.3084,71.7649],[-94.4788,71.8486],[-94.5571,71.979],[-94.887,71.9634],[-95.2012,71.9037],[-95.8723,71.5731],[-95.7734,71.5143],[-95.4062,71.4917],[-95.5643,71.3368],[-95.7254,71.3282],[-96.062,71.4139],[-96.4466,71.2399],[-96.4208,71.1765],[-96.5248,71.1271],[-96.4704,71.0697],[-96.5511,70.8897],[-96.5489,70.8087],[-96.258,70.6423],[-95.8863,70.6943],[-95.9882,70.6168],[-95.8786,70.549],[-96.1228,70.5612],[-96.2977,70.5114],[-96.5456,70.3272],[-96.5514,70.2103],[-96.4924,70.1249],[-95.9649,69.8028],[-95.5876,69.7557],[-94.8225,69.5778],[-94.7127,69.6494],[-94.6338,69.6497],[-94.2708,69.4551],[-94.0153,69.4467],[-93.6498,69.519],[-93.5323,69.4809],[-93.5371,69.3823],[-93.431,69.375],[-93.7485,69.2261],[-93.8205,69.2526],[-93.6195,69.417],[-94.2547,69.3138],[-94.285,69.2416],[-94.2554,69.1515],[-94.0836,69.1231],[-94.5625,68.9117],[-94.6004,68.8032],[-94.4783,68.7428],[-94.0649,68.7848],[-93.9916,68.8206],[-93.8524,69.0003],[-93.6814,68.8873],[-93.6439,68.6331],[-93.4489,68.6189],[-93.9277,68.4738],[-94.7444,68.0709],[-94.861,68.0417],[-95.1259,68.0833],[-95.4607,68.0214],[-95.6505,67.7375],[-95.4634,67.6102],[-95.2587,67.2625],[-95.3541,66.9807],[-95.3997,66.9495],[-95.625,66.9163],[-96.0369,66.9375],[-96.0161,66.8705],[-95.7432,66.6904],[-95.7875,66.6168],[-95.8133,66.6901],[-95.8853,66.7414],[-96.4226,67.0518],[-96.3504,67.07],[-96.2156,66.9977],[-96.0195,67.0187],[-95.7687,66.9667],[-95.4189,67.0132],[-95.4159,67.1556],[-95.557,67.2153],[-95.7777,67.1846],[-95.6952,67.2987],[-95.7199,67.3168],[-96.1415,67.2718],[-96.185,67.3756],[-96.3691,67.5098],[-96.3714,67.5539],[-96.1988,67.7178],[-95.9703,68.2491],[-96.4394,68.1509],[-96.5313,68.0631],[-96.7221,68.0388],[-96.4307,68.3106],[-96.6282,68.2503],[-96.9767,68.2554],[-97.3358,68.4792],[-97.6396,68.482],[-97.8286,68.5328],[-97.9389,68.5104],[-97.911,68.4495],[-97.7942,68.3876],[-98.2186,68.3174],[-98.4686,68.3821],[-98.6505,68.3635],[-98.3809,68.1325],[-98.5003,68.1177],[-98.1925,67.923],[-98.1105,67.903],[-97.7391,67.9782],[-97.5466,67.9607],[-97.2065,67.8551],[-97.1398,67.7962],[-97.1944,67.6969],[-97.4549,67.617],[-97.9308,67.7108],[-98.6315,68.0726],[-98.7201,68.042],[-98.7036,67.9657],[-98.4121,67.8072],[-99.0322,67.7188],[-100.2129,67.8386],[-100.8556,67.799],[-101.555,67.6932],[-101.8836,67.7453],[-102.3204,67.7356],[-102.8416,67.8527],[-103.4741,68.115],[-103.9016,68.0411],[-104.4868,68.0632],[-104.6611,68.1488],[-104.6532,68.2301],[-104.912,68.2505],[-104.9598,68.3105],[-105.1013,68.298],[-105.3774,68.4138],[-105.5398,68.7187],[-105.6856,68.8282],[-106.1645,68.9199],[-107.4359,68.6889],[-108.3135,68.6108],[-108.7181,68.2975],[-108.3228,68.1541],[-107.7342,68.1737],[-107.6776,68.2029],[-107.7415,68.2857],[-107.6193,68.3311],[-107.2981,68.2964],[-106.8537,68.3868],[-106.6085,68.3574],[-106.4581,68.5165],[-105.9322,68.6365],[-105.7502,68.5923],[-105.7812,68.5266],[-105.9331,68.4431],[-106.2712,68.3832],[-106.4044,68.3193],[-106.4243,68.2006],[-106.6684,68.216],[-106.9226,68.1142],[-107.7983,68.0369],[-107.7286,67.9588],[-107.7631,67.9068],[-107.9584,67.8186],[-107.9541,67.7],[-107.6499,67.5113],[-107.644,67.3848],[-107.5675,67.273],[-107.2832,67.1033],[-107.3479,67.0548],[-107.1565,66.8817],[-107.4021,66.948],[-107.4992,66.9362],[-107.6262,67.0031],[-107.746,66.9615],[-107.7104,66.74],[-107.2595,66.3985],[-107.4803,66.4918],[-108.496,67.0923],[-108.2208,67.0506],[-107.9913,67.0952],[-107.9092,67.1625],[-107.9887,67.2564],[-108.347,67.4034],[-108.6133,67.598],[-108.7151,67.5828],[-108.852,67.422],[-108.9499,67.4939],[-109.038,67.6912],[-109.2243,67.7298],[-109.6304,67.7327],[-110.0739,67.9929],[-110.372,67.9542],[-110.99,67.7908],[-111.1922,67.8226],[-112.503,67.6819],[-113.8932,67.7069],[-115.1332,67.8192],[-115.4345,67.9023],[-115.1671,68.0186],[-115.1868,68.0842],[-115.1271,68.132],[-114.8522,68.1953],[-114.7653,68.2702],[-114.0959,68.2668],[-114.0208,68.3065],[-113.9644,68.3991],[-114.092,68.4354],[-114.2182,68.5521],[-114.6202,68.7461],[-115.4423,68.9409],[-115.8063,68.9866],[-116.2434,68.9741],[-116.0595,68.837],[-117.227,68.9134],[-118.0952,69.0429],[-118.8687,69.2572],[-120.14,69.3806],[-120.6818,69.5669]],[[-81.1356,53.2058],[-81.8473,53.1863],[-82.0393,53.0499],[-81.8391,52.9579],[-81.0966,52.7799],[-80.7317,52.7473],[-80.7104,52.8316],[-80.7653,52.9232],[-81.1356,53.2058]],[[-73.584,68.0153],[-74.3794,68.0935],[-74.7065,68.0671],[-74.7493,68.0185],[-74.6786,67.9056],[-74.4807,67.8049],[-73.4072,67.7931],[-73.4353,67.97],[-73.584,68.0153]],[[-77.7921,63.4278],[-77.9339,63.479],[-78.2349,63.4896],[-78.5368,63.4237],[-78.256,63.2398],[-77.9424,63.1144],[-77.6577,63.1646],[-77.5327,63.2336],[-77.5385,63.2871],[-77.6548,63.396],[-77.7921,63.4278]],[[-82.7064,62.9445],[-82.9658,62.8739],[-83.3764,62.9049],[-83.7391,62.5688],[-83.8993,62.4765],[-83.9031,62.4025],[-83.7609,62.3035],[-83.6989,62.1603],[-83.3768,62.2381],[-83.0158,62.2099],[-82.1137,62.6522],[-81.9902,62.7763],[-81.9486,62.884],[-82.0005,62.9542],[-82.1292,62.9777],[-82.7064,62.9445]],[[-79.4662,62.3845],[-79.8681,62.4043],[-80.0216,62.343],[-80.2601,62.109],[-80.2652,61.8182],[-79.8161,61.5946],[-79.6688,61.6444],[-79.3239,62.0261],[-79.272,62.186],[-79.2865,62.2477],[-79.4662,62.3845]],[[-104.7702,77.4132],[-104.9553,77.4187],[-105.0739,77.5483],[-105.5879,77.736],[-106.0661,77.7254],[-105.8832,77.6265],[-105.8481,77.5634],[-105.7472,77.5254],[-105.5563,77.3526],[-105.2151,77.1821],[-104.7114,77.124],[-104.4934,77.1624],[-104.4537,77.2491],[-104.5008,77.3085],[-104.7702,77.4132]],[[-93.1287,77.6602],[-93.301,77.7398],[-93.5829,77.7708],[-95.2331,77.7538],[-95.4844,77.792],[-96.143,77.7144],[-96.2766,77.6306],[-96.2639,77.5945],[-95.9871,77.4841],[-93.8362,77.4522],[-93.5439,77.4667],[-93.3392,77.6297],[-93.1287,77.6602]],[[-99.5156,79.8872],[-99.333,79.8396],[-99.3018,79.7841],[-98.9452,79.7241],[-98.8406,79.7371],[-98.7689,79.8509],[-98.8232,80.0374],[-99.0166,80.1111],[-99.8028,80.1401],[-100.0533,80.0934],[-100.1204,80.0304],[-100.0924,79.9187],[-99.9999,79.884],[-99.5156,79.8872]],[[-90.1719,77.5947],[-91.019,77.6439],[-91.1495,77.6081],[-91.1851,77.4815],[-91.1473,77.3873],[-90.9932,77.3295],[-90.2283,77.2125],[-89.8333,77.2676],[-89.6946,77.339],[-89.7195,77.4421],[-90.1719,77.5947]],[[-93.4976,75.1369],[-93.7508,75.349],[-93.9091,75.4225],[-94.4272,75.5934],[-94.8782,75.63],[-95.6708,75.5287],[-95.9546,75.4438],[-96.1249,75.3583],[-96.1184,75.3009],[-96.1804,75.2401],[-96.3829,75.2114],[-96.5658,75.0987],[-96.5996,75.0318],[-96.5599,74.9904],[-96.3863,74.9995],[-96.2701,74.9203],[-96.0942,74.9325],[-95.8654,74.8304],[-95.2861,74.7941],[-94.6973,74.6422],[-93.9846,74.6442],[-93.5472,74.6911],[-93.4635,74.8565],[-93.4783,74.952],[-93.5518,75.0512],[-93.4976,75.1369]],[[-110.0043,78.6867],[-110.4078,78.7566],[-110.8776,78.7351],[-111.7088,78.5747],[-112.8559,78.4668],[-113.15,78.4084],[-113.2926,78.3344],[-113.1725,78.2838],[-112.1312,78.3661],[-111.7597,78.283],[-111.5175,78.2747],[-111.1692,78.3863],[-110.7551,78.3107],[-110.0037,78.3217]],[[-110.0037,78.3217],[-109.4845,78.3164],[-109.3905,78.3367],[-109.336,78.4084],[-109.3622,78.4929],[-109.4673,78.5672],[-110.0043,78.6867]],[[-117.6264,75.966],[-117.5126,76.0994],[-117.7525,76.1125],[-118.1367,75.9945],[-118.6261,75.9062],[-119.3946,75.6173],[-118.6139,75.5154],[-118.2265,75.6112],[-117.6264,75.966]],[[-104.8347,73.6473],[-105.1145,73.7444],[-105.318,73.7671],[-106.3621,73.7186],[-106.6948,73.6699],[-106.9497,73.5104],[-106.18,73.3041],[-106.071,73.1964],[-105.3394,72.9149],[-105.0026,73.0375],[-104.5829,73.3539],[-104.5551,73.5411],[-104.6488,73.6144],[-104.8347,73.6473]],[[-96.869,72.687],[-97.1281,72.6276],[-97.1589,72.6428],[-97.0729,72.7176],[-97.083,72.7628],[-97.3777,72.8649],[-97.2959,72.918],[-97.3288,72.9378],[-97.6363,73.0276],[-97.9394,73.0356],[-98.3667,72.9341],[-98.4309,72.9581],[-98.437,73.0002],[-98.3756,73.0447],[-97.7959,73.2853],[-97.2725,73.3868],[-97.2304,73.4213],[-97.3503,73.481],[-97.5858,73.4711],[-97.6259,73.5023],[-97.597,73.5366],[-97.1564,73.5922],[-97.0017,73.6665],[-97.1705,73.8249],[-97.67,73.8877],[-99.158,73.7316],[-100.0019,73.9459],[-100.2271,73.8891],[-100.1538,73.8441],[-99.9119,73.847],[-99.9911,73.7952],[-100.4836,73.8435],[-100.9151,73.8054],[-100.9851,73.7653],[-100.8982,73.6581],[-100.6071,73.5754],[-100.5217,73.4493],[-100.9758,73.5998],[-101.3231,73.572],[-101.5232,73.4864],[-101.4509,73.431],[-100.8894,73.2753],[-100.3661,73.359],[-99.8251,73.2139],[-100.067,73.2111],[-100.3407,73.2652],[-100.5364,73.1979],[-100.5314,73.1383],[-100.2362,73.0954],[-100.0967,72.9631],[-100.1281,72.9067],[-100.2279,72.8989],[-100.3957,72.977],[-100.4426,72.8068],[-100.4848,72.7729],[-101.2732,72.7217],[-101.9225,73.057],[-102.204,73.0773],[-102.5038,73.0059],[-102.6285,72.9108],[-102.7137,72.7829],[-102.6571,72.7194],[-102.4022,72.5947],[-101.9737,72.4861],[-101.7239,72.3149],[-101.4983,72.2779],[-101.2085,72.317],[-100.9836,72.2101],[-100.5945,72.1523],[-99.7347,71.7572],[-99.4037,71.5572],[-99.2236,71.3871],[-98.6629,71.3021],[-98.4123,71.3488],[-98.1986,71.4409],[-98.2314,71.5589],[-98.4588,71.7732],[-98.3227,71.8523],[-98.2839,71.7155],[-98.1813,71.6625],[-97.5823,71.6297],[-97.2222,71.6735],[-96.9465,71.7919],[-96.6134,71.8338],[-96.6244,71.9676],[-96.7663,72.0459],[-96.6181,72.1459],[-96.5929,72.2045],[-96.8015,72.3224],[-96.5199,72.3931],[-96.4401,72.4873],[-96.4456,72.5524],[-96.5421,72.6987],[-96.869,72.687]],[[-80.6683,63.9015],[-80.5688,63.9319],[-80.829,64.0899],[-80.9211,64.1005],[-81.0236,64.0311],[-81.3356,64.0758],[-81.8871,64.0164],[-81.6809,64.1456],[-81.6761,64.2126],[-81.7872,64.426],[-82.05,64.6443],[-82.2717,64.7211],[-82.6676,64.7803],[-83.201,64.9597],[-83.4908,65.1318],[-84.0849,65.2178],[-84.2664,65.3672],[-84.5011,65.4584],[-84.6125,65.4473],[-84.8421,65.2559],[-84.9196,65.2611],[-85.0561,65.4374],[-85.2399,65.5103],[-85.1054,65.6227],[-85.1762,65.7469],[-85.5547,65.9187],[-85.814,65.8319],[-85.9617,65.7042],[-86.0746,65.5338],[-86.1883,65.0103],[-86.3743,64.5658],[-86.3545,64.3765],[-86.2521,64.1369],[-86.4217,64.0516],[-86.932,63.9017],[-87.1544,63.7149],[-87.1938,63.6328],[-87.1519,63.5856],[-86.9152,63.569],[-86.5757,63.6623],[-85.7689,63.7003],[-85.7142,63.658],[-85.4955,63.1391],[-85.3926,63.1197],[-84.9615,63.1972],[-84.6329,63.3092],[-84.3076,63.5858],[-84.0221,63.6599],[-83.7283,63.8134],[-83.6616,63.8726],[-83.5836,64.0581],[-83.304,64.1438],[-83.0651,64.159],[-83.0162,64.127],[-83.0339,64.0232],[-82.4671,63.927],[-82.3781,63.7068],[-81.9633,63.6645],[-81.0464,63.4616],[-80.2613,63.802],[-80.6683,63.9015]],[[-75.6759,68.3225],[-76.3645,68.3187],[-76.7402,68.2313],[-77.2286,67.8501],[-77.3059,67.7061],[-77.2242,67.5082],[-77.0049,67.2669],[-76.6939,67.2358],[-75.7801,67.2835],[-75.4001,67.3667],[-75.202,67.4592],[-75.0905,67.6348],[-75.1273,67.9652],[-75.0624,68.0754],[-75.0781,68.1731],[-75.1538,68.234],[-75.6759,68.3225]],[[-80.7358,73.4831],[-80.8229,73.429],[-80.7764,73.3342],[-80.6179,73.2708],[-80.1833,73.2247],[-80.0516,72.977],[-79.9369,72.8636],[-79.5005,72.756],[-78.3142,72.8818],[-77.8359,72.8968],[-76.4005,72.8207],[-76.09,72.8812],[-76.3096,72.9979],[-76.2896,73.081],[-76.5698,73.1593],[-76.7587,73.31],[-77.0053,73.3561],[-77.2065,73.4996],[-78.0629,73.6477],[-79.3668,73.6414],[-80.6214,73.7673],[-80.8489,73.7212],[-80.8585,73.5914],[-80.7358,73.4831]],[[-97.8628,75.7381],[-97.8905,75.7604],[-97.6017,75.8511],[-97.65,75.9792],[-97.5243,76.1387],[-97.5731,76.2242],[-97.7388,76.3353],[-97.6897,76.4218],[-97.7259,76.4961],[-98.7108,76.6938],[-99.0236,76.6146],[-98.8903,76.4656],[-99.1696,76.4537],[-99.669,76.6241],[-100.0687,76.6348],[-100.5737,76.5846],[-100.8297,76.5239],[-100.8908,76.4755],[-100.6507,76.3959],[-99.9777,76.3125],[-100.4142,76.2425],[-99.5411,76.1463],[-100.1128,76.1172],[-99.9783,76.0295],[-99.6889,75.9597],[-99.7749,75.9274],[-100.1057,75.9604],[-101.0558,76.2456],[-101.1391,76.3452],[-101.3397,76.4105],[-101.8585,76.439],[-102.1377,76.2849],[-101.9098,76.2344],[-101.557,76.2358],[-101.529,76.2173],[-101.7714,76.1501],[-101.8721,76.0831],[-101.7168,76.0079],[-101.4313,75.992],[-101.5059,75.9181],[-101.288,75.7891],[-100.9728,75.7984],[-101.2614,75.7582],[-101.9428,75.8838],[-102.1447,75.875],[-102.2707,75.8128],[-102.2521,75.7777],[-102.7975,75.5997],[-102.5414,75.5136],[-101.4613,75.6079],[-101.2068,75.5904],[-99.1946,75.6984],[-99.2094,75.6686],[-99.756,75.6334],[-100.2796,75.461],[-100.7119,75.4063],[-100.7312,75.3465],[-100.1457,75.2461],[-100.4595,75.2191],[-100.4835,75.1884],[-100.2344,75.0077],[-99.6269,74.9837],[-99.3261,75.0494],[-98.5687,75.0093],[-97.9533,75.0602],[-98.0768,75.153],[-98.0687,75.1992],[-97.8427,75.1218],[-97.6743,75.1273],[-97.7049,75.1908],[-97.8527,75.2603],[-97.8782,75.4161],[-97.6533,75.5078],[-97.336,75.4198],[-97.4096,75.5521],[-97.4075,75.6725],[-97.8628,75.7381]],[[-104.9014,79.0511],[-104.7468,79.0271],[-104.7353,78.9911],[-104.9695,78.8565],[-104.8955,78.8082],[-104.152,78.9899],[-103.8756,78.9027],[-104.185,78.7813],[-103.3716,78.7363],[-104.0208,78.6349],[-103.4826,78.5939],[-103.5705,78.5398],[-103.7644,78.5195],[-104.7271,78.5794],[-104.9956,78.5185],[-104.9854,78.468],[-104.8793,78.4013],[-104.5126,78.2946],[-103.9466,78.26],[-103.6772,78.3196],[-102.7313,78.371],[-102.7721,78.3069],[-102.607,78.2489],[-102.057,78.2795],[-101.0741,78.1938],[-100.8262,78.0877],[-100.7579,77.9777],[-100.586,77.8918],[-99.9559,77.7938],[-99.1664,77.8569],[-98.9996,77.9969],[-99.1315,78.1175],[-99.7782,78.3251],[-99.7741,78.393],[-99.8478,78.4382],[-99.6802,78.4935],[-99.5821,78.5633],[-99.6094,78.5831],[-100.0147,78.7286],[-100.4355,78.8203],[-101.1281,78.8017],[-101.1475,78.824],[-101.0372,78.939],[-101.7037,79.0789],[-101.9736,79.0792],[-102.3932,79.0103],[-102.4248,78.9332],[-102.5762,78.8794],[-102.5956,78.943],[-102.7305,78.9693],[-102.6482,79.0271],[-102.6523,79.095],[-102.9144,79.2311],[-103.7064,79.3521],[-105.3877,79.3236],[-105.5146,79.2425],[-105.5802,79.1142],[-105.5356,79.0325],[-104.9014,79.0511]],[[-91.755,81.0493],[-91.9979,81.1855],[-92.4126,81.2783],[-93.3328,81.3644],[-94.1793,81.3393],[-94.233,81.3151],[-94.1944,81.2409],[-93.4065,81.2091],[-93.2356,81.1289],[-93.3451,81.0854],[-93.826,81.1057],[-94.5194,81.0312],[-94.9805,81.0497],[-95.2698,81.0008],[-95.5147,80.8381],[-94.7885,80.7513],[-94.5963,80.6406],[-93.9279,80.5592],[-94.8926,80.5709],[-95.0257,80.6464],[-95.2258,80.6858],[-95.927,80.7207],[-96.1328,80.6914],[-96.1518,80.5535],[-95.5491,80.3666],[-96.1122,80.3804],[-96.3941,80.315],[-96.3083,80.267],[-96.0257,80.2217],[-95.6462,80.231],[-95.4051,80.135],[-94.2626,80.1949],[-94.5826,80.1414],[-94.6108,80.0555],[-94.6459,80.0487],[-95.782,80.0664],[-96.7732,80.1358],[-96.6392,80.0242],[-96.5891,79.9167],[-96.4627,79.8475],[-95.8575,79.6738],[-95.297,79.6531],[-94.4019,79.7363],[-94.5197,79.6671],[-95.6629,79.5273],[-95.733,79.4182],[-95.1032,79.2899],[-94.1103,79.4016],[-93.9397,79.3857],[-94.1094,79.3151],[-93.9332,79.2907],[-92.8219,79.4499],[-92.4846,79.4393],[-92.2479,79.3734],[-91.2999,79.3727],[-92.5472,79.2826],[-92.6836,79.1858],[-93.2939,79.1395],[-94.1697,78.9728],[-93.9022,78.8722],[-93.1599,78.7756],[-93.6344,78.7509],[-93.2666,78.6083],[-91.8669,78.5427],[-92.8482,78.4601],[-92.3513,78.3129],[-91.4096,78.188],[-90.6144,78.1499],[-90.3268,78.1848],[-90.4054,78.2467],[-90.6524,78.3077],[-90.459,78.3309],[-90.1361,78.3131],[-89.4898,78.1719],[-90.0763,78.5492],[-90.0371,78.6068],[-89.0957,78.2092],[-88.8224,78.1859],[-88.6064,78.392],[-88.623,78.4621],[-88.7416,78.584],[-88.5807,78.6019],[-88.1476,78.4771],[-87.9829,78.5371],[-88.0031,78.6155],[-88.2538,78.672],[-88.1666,78.7455],[-88.1902,78.8674],[-88.1638,78.9335],[-88.0402,78.9953],[-87.8167,79.0363],[-87.9532,78.915],[-87.9223,78.7514],[-87.8615,78.7068],[-87.6174,78.6763],[-87.0804,78.8661],[-86.9572,78.9749],[-86.7208,78.9755],[-85.2898,79.2083],[-85.0421,79.2846],[-85.0638,79.3282],[-85.6479,79.6114],[-86.007,79.4794],[-86.1805,79.6054],[-86.337,79.635],[-86.6488,79.6462],[-86.9252,79.591],[-87.2952,79.5802],[-87.1442,79.6626],[-86.9772,79.8942],[-87.2021,80.0432],[-87.9223,80.0977],[-87.6255,80.1872],[-87.675,80.3721],[-88.1252,80.4295],[-88.5248,80.418],[-88.6437,80.3869],[-88.6634,80.3483],[-88.6125,80.2554],[-88.3808,80.2252],[-88.1999,80.1115],[-88.8573,80.1662],[-89.1983,80.2632],[-89.2177,80.2893],[-89.1473,80.3604],[-89.2044,80.4069],[-89.1342,80.4402],[-89.2356,80.5106],[-89.5248,80.5388],[-89.8619,80.4984],[-90.643,80.5937],[-90.6367,80.6553],[-90.6829,80.6877],[-91.2725,80.8501],[-91.755,81.0493]],[[-87.5926,74.4704],[-87.3638,74.5022],[-86.6661,74.4891],[-86.7308,74.557],[-85.808,74.499],[-85.5435,74.5348],[-85.4744,74.6003],[-85.2143,74.5187],[-85.0868,74.5277],[-85.0614,74.6069],[-84.8183,74.542],[-84.4255,74.5081],[-83.6219,74.5659],[-83.4122,74.655],[-83.3413,74.7646],[-83.5098,74.8482],[-83.5221,74.9015],[-83.1026,74.8166],[-83.117,74.6931],[-82.9311,74.5656],[-81.8088,74.4766],[-81.2262,74.5666],[-80.2777,74.5816],[-80.2206,74.657],[-80.2127,74.7495],[-80.1489,74.7957],[-80.3478,74.903],[-79.9445,74.8336],[-79.4014,74.9176],[-79.6641,75.0208],[-80.1353,74.9881],[-80.382,75.0342],[-79.6344,75.1993],[-79.5091,75.2598],[-79.6602,75.4495],[-80.2604,75.4794],[-80.2866,75.4904],[-80.1192,75.5621],[-80.322,75.6291],[-81.1244,75.6582],[-81.1927,75.6844],[-81.1508,75.7355],[-81.2686,75.756],[-82.1537,75.8311],[-83.2371,75.7508],[-83.932,75.8189],[-84.6049,75.6535],[-84.9868,75.6449],[-86.0687,75.5022],[-85.9045,75.4419],[-85.9515,75.395],[-86.8145,75.4914],[-87.2569,75.6177],[-87.5391,75.4849],[-87.7297,75.5756],[-88.2013,75.512],[-88.569,75.6451],[-88.7149,75.6586],[-88.8521,75.6249],[-88.8041,75.5025],[-88.9167,75.454],[-89.2804,75.5641],[-89.646,75.565],[-89.3612,75.6458],[-89.2045,75.7373],[-89.2776,75.7951],[-89.5112,75.8569],[-89.6953,75.8536],[-89.7934,75.9249],[-90.2514,76.0535],[-90.7121,76.0762],[-91.2794,76.1599],[-91.4073,76.2201],[-90.3121,76.158],[-89.4066,76.1892],[-89.2365,76.239],[-89.2191,76.2582],[-89.2845,76.3016],[-91.3339,76.4465],[-91.4151,76.4559],[-91.4433,76.4985],[-90.6216,76.4647],[-90.5426,76.4958],[-90.7384,76.5813],[-91.1243,76.6619],[-91.5484,76.6851],[-92.297,76.616],[-92.9954,76.6204],[-93.5346,76.4477],[-93.2006,76.6691],[-93.2119,76.7547],[-93.8109,76.9142],[-94.295,76.9125],[-95.6382,77.0638],[-96.7583,76.9718],[-96.8135,76.9135],[-96.4016,76.7972],[-96.5903,76.763],[-96.878,76.8028],[-96.8976,76.7735],[-96.8457,76.7264],[-95.9713,76.5696],[-95.651,76.5847],[-96.0397,76.4867],[-95.8417,76.4162],[-95.4474,76.363],[-95.2739,76.2644],[-94.5854,76.2972],[-93.6652,76.2731],[-93.3086,76.3596],[-93.0917,76.354],[-92.1851,75.8465],[-92.0688,75.6579],[-92.4111,75.4062],[-92.4083,75.2973],[-92.3475,75.2298],[-92.0763,75.1235],[-92.0605,75.101],[-92.1742,75.0511],[-91.9616,74.7932],[-91.5491,74.6556],[-91.1346,74.6499],[-91.1637,74.7103],[-91.1299,74.7363],[-90.8802,74.8178],[-90.9668,74.7151],[-90.7841,74.6959],[-90.5533,74.6127],[-89.5587,74.5547],[-89.1958,74.6375],[-89.2191,74.7318],[-89.1919,74.7449],[-88.9401,74.7895],[-88.8511,74.69],[-88.682,74.802],[-88.535,74.8317],[-88.3396,74.7849],[-88.5376,74.6088],[-88.5557,74.5415],[-88.5007,74.5097],[-87.5926,74.4704]],[[-96.603,77.8493],[-95.087,77.9926],[-94.9343,78.0756],[-94.936,78.1064],[-95.3292,78.225],[-94.8877,78.3605],[-95.0312,78.4303],[-95.4129,78.4976],[-96.2045,78.5313],[-96.2653,78.5954],[-96.4753,78.6652],[-97.1693,78.7577],[-98.0429,78.8052],[-98.3326,78.7735],[-98.2899,78.6924],[-98.0604,78.5584],[-98.3156,78.5175],[-98.3173,78.4769],[-98.0693,78.3863],[-98.0495,78.3259],[-97.819,78.2306],[-96.9447,78.1519],[-97.0409,78.1169],[-97.6582,78.0906],[-97.6209,78.0502],[-97.0191,77.9081],[-97.0638,77.8591],[-96.9896,77.806],[-96.603,77.8493]],[[-110.0035,78.0896],[-111.2066,78.0881],[-112.3046,78.0068],[-113.1871,77.9124],[-113.2834,77.813],[-113.1207,77.6326],[-113.2085,77.5802],[-113.1644,77.5303],[-112.3727,77.3641],[-111.952,77.3442],[-111.2262,77.4285],[-110.6829,77.4459],[-110.1985,77.5245],[-110.1169,77.6247],[-110.1527,77.7629],[-110.7194,77.7814],[-110.8656,77.8341],[-110.0036,77.929]],[[-110.0036,77.929],[-109.7718,77.9574],[-109.619,78.0568],[-110.0035,78.0896]],[[-118.6439,76.4175],[-118.8208,76.4858],[-118.4682,76.5474],[-118.4091,76.6623],[-118.3006,76.7367],[-117.8179,76.8041],[-117.7805,76.7843],[-117.8076,76.7339],[-118.0054,76.4967],[-117.993,76.4058],[-117.4924,76.2727],[-117.1539,76.298],[-117.0445,76.3731],[-116.9992,76.5316],[-116.2205,76.6111],[-115.9463,76.7113],[-116.0162,76.7845],[-116.2527,76.9014],[-115.8101,76.9391],[-116.3292,77.1371],[-115.4702,77.3086],[-115.5513,77.3633],[-116.2089,77.516],[-116.5113,77.5476],[-116.8353,77.5289],[-117.0397,77.4651],[-117.0298,77.4319],[-116.7036,77.3799],[-116.8436,77.3396],[-117.149,77.3608],[-117.2791,77.3134],[-117.4186,77.3174],[-118.0052,77.3812],[-119.0902,77.3051],[-120.3109,76.9046],[-120.4854,76.7932],[-121.102,76.6607],[-121.5611,76.4535],[-122.423,76.3901],[-122.9028,76.1347],[-122.5927,76.1621],[-122.6086,76.1214],[-122.5462,76.0805],[-122.6405,76.0091],[-122.5331,75.9509],[-122.4005,75.9442],[-121.9082,76.0348],[-121.2135,75.9837],[-121.0193,76.0203],[-120.9001,76.1634],[-120.8134,76.1793],[-120.5633,76.0084],[-120.4089,75.8256],[-120.3654,75.8248],[-119.9129,75.8588],[-119.5377,75.9822],[-119.5497,76.0521],[-119.7396,76.1177],[-119.6396,76.1567],[-119.6489,76.2799],[-119.5804,76.3265],[-119.5237,76.3403],[-119.2493,76.1595],[-119.0807,76.1241],[-118.6434,76.3347],[-118.6439,76.4175]],[[-110.0028,75.5391],[-111.1633,75.5702],[-111.2757,75.6125],[-111.5491,75.8221],[-112.0567,75.8342],[-112.0809,75.8474],[-111.8676,75.9107],[-111.8652,75.9393],[-112.6976,76.2017],[-113.1713,76.2578],[-113.8235,76.2068],[-114.0588,76.3007],[-114.1939,76.4515],[-114.7668,76.5057],[-115.5807,76.4375],[-115.7793,76.3647],[-115.8317,76.2958],[-115.7969,76.2525],[-114.7786,76.1726],[-116.2099,76.1944],[-116.5913,76.0958],[-116.6098,76.0737],[-116.5497,76.0168],[-116.6646,75.9576],[-116.6543,75.9293],[-116.3379,75.8811],[-114.9915,75.8963],[-116.8021,75.7716],[-116.9727,75.7458],[-117.1636,75.6449],[-117.0252,75.6015],[-116.4256,75.5854],[-115.1219,75.7058],[-115.1418,75.6785],[-116.0771,75.493],[-117.2576,75.4595],[-117.5131,75.3568],[-117.6001,75.2717],[-117.502,75.2039],[-117.0048,75.1561],[-116.4761,75.1718],[-116.1426,75.0416],[-115.7289,74.9681],[-115.4132,75.115],[-115.2796,75.1016],[-115.0201,74.9762],[-114.4518,75.0879],[-114.3578,75.1713],[-114.5138,75.2755],[-114.1685,75.2395],[-114.0165,75.4343],[-113.8785,75.3754],[-113.4671,75.4161],[-113.8533,75.2594],[-113.886,75.2109],[-113.845,75.1122],[-113.7118,75.0686],[-112.9514,75.1078],[-112.5971,75.2117],[-112.2142,75.1329],[-111.6209,75.1678],[-111.1812,75.2604],[-111.0335,75.2268],[-111.6711,75.0194],[-112.836,74.9756],[-114.1325,74.7661],[-114.377,74.6709],[-114.1748,74.5737],[-113.6716,74.453],[-113.0169,74.4019],[-111.7287,74.502],[-110.9409,74.6387],[-110.3867,74.814],[-110.0028,74.851]],[[-110.0026,76.2442],[-109.7102,76.2125],[-109.4304,76.1091],[-109.4546,76.0212],[-109.8705,75.9291],[-109.796,75.863],[-108.9448,75.699],[-108.8995,75.6241],[-108.9472,75.5418],[-109.0864,75.5065],[-110.0028,75.5391]],[[-110.0034,76.4797],[-110.27,76.417],[-110.3145,76.3694],[-110.247,76.3063],[-110.0026,76.2442]],[[-110.0028,74.851],[-109.5031,74.8828],[-108.8313,75.0649],[-108.6333,75.0233],[-108.7513,74.9919],[-108.4748,74.9472],[-107.8201,75.0],[-107.1534,74.9271],[-106.0926,75.0895],[-105.8626,75.1916],[-105.6784,75.5014],[-105.5195,75.6324],[-105.4809,75.7457],[-105.6327,75.9454],[-106.3966,76.0601],[-106.677,76.0237],[-106.8457,75.9516],[-106.8201,75.8724],[-106.6881,75.819],[-106.8917,75.7824],[-106.9135,75.6796],[-107.0504,75.8454],[-107.2162,75.8916],[-107.5409,75.9012],[-108.0207,75.8048],[-107.7552,75.9403],[-107.7235,75.9954],[-107.8523,76.0577],[-108.3868,76.0666],[-108.3819,76.1157],[-108.1232,76.2334],[-108.1936,76.3301],[-108.5125,76.4389],[-108.6276,76.5867],[-108.467,76.7376],[-108.8316,76.8211],[-109.3385,76.76],[-110.0034,76.4797]],[[-91.088,74.0093],[-91.6304,74.0278],[-92.2227,73.9724],[-92.5868,74.0827],[-93.4103,74.1788],[-93.7846,74.1184],[-94.4826,74.1131],[-94.9735,74.0414],[-95.1212,73.9851],[-95.1341,73.8812],[-94.8969,73.716],[-94.691,73.6714],[-95.386,73.7551],[-95.6329,73.6955],[-95.6021,72.8845],[-95.5476,72.7815],[-95.251,72.502],[-95.1668,72.18],[-95.193,72.0274],[-94.4972,72.0436],[-94.1437,72.0008],[-94.0375,72.0288],[-93.8706,72.2526],[-93.5552,72.4211],[-93.5339,72.4995],[-93.5723,72.5586],[-93.7706,72.6682],[-94.2113,72.7569],[-93.3406,72.8019],[-92.3919,72.7185],[-92.1179,72.7538],[-91.7883,72.9154],[-91.4259,73.1949],[-91.5537,73.2361],[-91.2493,73.304],[-90.9337,73.5277],[-90.5656,73.6864],[-90.3546,73.8687],[-90.6274,73.9517],[-91.088,74.0093]],[[-95.5855,68.8351],[-95.8549,68.9536],[-96.3,69.3444],[-96.8752,69.51],[-97.2361,69.6735],[-97.4086,69.6308],[-97.4694,69.6668],[-97.3857,69.7002],[-97.4114,69.7385],[-97.7907,69.8616],[-98.0808,69.8331],[-98.2682,69.7544],[-98.2888,69.629],[-98.0414,69.4566],[-98.2223,69.4845],[-98.3894,69.565],[-98.546,69.5729],[-98.4484,69.4795],[-98.5585,69.4614],[-98.4504,69.3541],[-98.5035,69.3083],[-98.9122,69.1676],[-99.4557,69.1312],[-99.5641,69.0341],[-99.4409,68.9177],[-99.254,68.8632],[-99.0906,68.8633],[-99.0574,68.9177],[-98.9045,68.9324],[-98.7752,68.8167],[-98.5396,68.7982],[-98.3206,68.8427],[-98.2351,68.7394],[-97.472,68.5437],[-97.0084,68.5387],[-96.5988,68.4608],[-96.4016,68.4707],[-95.8946,68.6272],[-95.6856,68.7358],[-95.4656,68.7473],[-95.2678,68.8261],[-95.3742,68.8921],[-95.5855,68.8351]],[[-110.0019,72.9818],[-110.6608,73.0082],[-110.6894,72.9445],[-110.5536,72.8614],[-110.1972,72.7589],[-110.2051,72.6613],[-110.7815,72.5339],[-111.1399,72.3653],[-111.2681,72.3639],[-111.2873,72.4011],[-111.2534,72.4491],[-111.3112,72.4548],[-111.6751,72.3001],[-111.8952,72.3561],[-111.6109,72.4356],[-111.3555,72.5721],[-111.2504,72.6686],[-111.2697,72.7137],[-112.0481,72.888],[-113.0735,72.9953],[-113.208,72.981],[-113.4499,72.8632],[-113.4914,72.8221],[-113.5,72.6944],[-113.5781,72.6521],[-113.6924,72.6728],[-114.5215,72.5929],[-114.1092,72.861],[-114.0538,72.9581],[-114.0517,73.071],[-114.1271,73.2307],[-114.2064,73.2978],[-114.6382,73.3727],[-117.2564,72.9144],[-118.3745,72.5339],[-118.4813,72.4277],[-118.2135,72.2629],[-118.5898,72.1675],[-118.9446,71.9855],[-118.9938,71.803],[-118.9521,71.7317],[-118.8684,71.6868],[-118.583,71.649],[-117.7423,71.6593],[-117.8784,71.5608],[-118.1483,71.5257],[-118.2265,71.4671],[-117.9356,71.3921],[-115.5867,71.5464],[-115.3034,71.4937],[-115.9803,71.4693],[-116.0453,71.4231],[-115.8916,71.3818],[-117.8141,71.1584],[-118.2691,71.0347],[-118.3765,70.9677],[-118.2641,70.8883],[-117.5871,70.6295],[-116.3273,70.6237],[-115.9909,70.5863],[-113.7573,70.6907],[-112.1142,70.4469],[-111.6326,70.3088],[-112.6379,70.2252],[-114.5923,70.3125],[-116.5538,70.175],[-117.1627,70.0925],[-117.1954,70.0541],[-117.122,69.8259],[-116.8561,69.6497]],[[-116.8561,69.6497],[-116.5368,69.4335],[-116.1016,69.3372],[-115.159,69.2647],[-114.3229,69.2691],[-113.6941,69.195],[-113.5925,68.9599],[-113.6168,68.8385],[-113.5548,68.7676],[-113.2314,68.5354],[-112.8643,68.4771],[-111.3109,68.542],[-111.1276,68.5883],[-109.4721,68.6767],[-108.9459,68.7598],[-108.365,68.9348],[-107.4399,69.0021],[-107.0334,69.1808],[-106.8558,69.3473],[-106.6591,69.4396],[-106.42,69.4138],[-106.3614,69.3811],[-106.3412,69.2244],[-106.1409,69.162],[-105.0196,69.0812],[-105.1693,68.9554],[-105.1059,68.9204],[-104.5714,68.8721],[-104.3527,68.9282],[-103.4682,68.8085],[-102.8951,68.8236],[-101.8571,69.024],[-101.7893,69.1816],[-101.8729,69.2399],[-102.0461,69.2577],[-102.0669,69.3371],[-101.9782,69.4251],[-102.1514,69.4877],[-102.4468,69.4763],[-102.8841,69.3413],[-103.1202,69.2046],[-103.0398,69.3676],[-103.0489,69.4718],[-103.418,69.6114],[-103.4649,69.6445],[-103.4348,69.6677],[-103.3032,69.6743],[-102.9198,69.5646],[-102.6211,69.5515],[-102.5349,69.6208],[-102.5959,69.7179],[-102.1821,69.8459],[-101.7336,69.7041],[-101.6025,69.7213],[-101.4838,69.8502],[-101.4001,69.7493],[-101.2162,69.6796],[-101.0437,69.6687],[-100.9351,69.7153],[-100.9091,69.8692],[-100.9733,70.0295],[-101.0908,70.1357],[-101.5624,70.135],[-101.6763,70.2783],[-101.9898,70.2851],[-102.7505,70.5219],[-103.0496,70.6551],[-103.0886,70.6497],[-103.0828,70.6191],[-103.0012,70.541],[-103.0772,70.5088],[-103.5846,70.6309],[-103.9535,70.7626],[-104.1668,70.9272],[-104.5148,71.0643],[-104.5631,71.1324],[-104.3558,71.3821],[-104.3859,71.577],[-104.8783,71.98],[-105.2341,72.4151],[-105.3232,72.6348],[-105.4301,72.7404],[-105.4151,72.7883],[-105.8127,73.0106],[-106.8284,73.2659],[-106.9508,73.276],[-107.1135,73.1921],[-107.72,73.3291],[-108.0291,73.3487],[-108.0775,73.2814],[-107.9362,73.2171],[-108.2041,73.1831],[-108.2382,73.1058],[-107.9344,72.5877],[-107.9325,72.5204],[-107.8237,72.4428],[-107.794,72.3026],[-107.6958,72.1493],[-107.306,71.8947],[-107.3769,71.8861],[-107.3469,71.8192],[-107.6873,71.7161],[-107.8128,71.6262],[-108.1882,71.7238],[-108.2764,71.9004],[-108.755,72.5511],[-108.9944,72.596],[-108.9682,72.6541],[-109.1219,72.7264],[-110.0019,72.9818]],[[-122.6231,74.4642],[-124.6962,74.3482],[-124.1915,73.902],[-123.873,73.8276],[-123.7973,73.7682],[-124.0302,73.6442],[-124.1142,73.5274],[-124.4242,73.4187],[-124.594,73.2433],[-124.8041,73.1257],[-124.8171,73.0588],[-124.5883,73.0053],[-124.5649,72.9441],[-124.9697,72.8433],[-125.0302,72.6448],[-124.9871,72.588],[-125.3828,72.4238],[-125.6273,72.2548],[-125.6338,72.2103],[-125.5838,72.1831],[-125.7626,72.1375],[-125.7677,72.0542],[-125.8453,71.9787],[-125.2967,71.973],[-124.0078,71.6774],[-123.6818,71.4931],[-123.3147,71.1692],[-123.0957,71.0938],[-122.8399,71.0975],[-122.1566,71.2659],[-121.7494,71.4448],[-121.6222,71.4476],[-121.4722,71.389],[-120.6193,71.5058],[-120.4432,71.6308],[-120.3663,71.888],[-120.1944,72.1268],[-120.1799,72.2126],[-119.5128,72.3027],[-119.1315,72.6088],[-118.9616,72.6841],[-116.4825,73.2532],[-115.5245,73.4167],[-115.3928,73.502],[-115.4557,73.5847],[-115.6343,73.6655],[-116.9504,74.1014],[-117.5148,74.2317],[-117.9659,74.2661],[-118.544,74.2446],[-118.7441,74.1921],[-119.118,74.0155],[-119.1496,74.1679],[-119.206,74.198],[-119.4711,74.2012],[-119.7286,74.1084],[-119.7154,74.1537],[-119.5626,74.2328],[-119.9436,74.2537],[-120.5545,74.3529],[-121.3152,74.53],[-121.7479,74.5406],[-122.6231,74.4642]],[[-94.7448,75.9572],[-94.9012,75.9308],[-94.7515,75.7697],[-94.5266,75.7493],[-94.2963,75.7881],[-94.4987,75.9922],[-94.7448,75.9572]],[[-79.6437,52.0101],[-79.5206,51.9529],[-79.3843,51.952],[-79.2713,52.0868],[-79.6437,52.0101]],[[-78.6688,56.4386],[-78.7994,56.3833],[-78.9138,56.1328],[-78.7102,56.2129],[-78.6572,56.3174],[-78.6688,56.4386]],[[-79.7647,55.8068],[-79.4553,55.8962],[-79.1821,56.2122],[-79.1423,56.1364],[-79.2736,55.9225],[-79.1755,55.8851],[-78.9066,56.3204],[-78.9632,56.4217],[-79.0777,56.4536],[-79.1235,56.52],[-79.2724,56.6004],[-79.3926,56.2765],[-79.5363,56.1801],[-79.432,56.4475],[-79.4589,56.5397],[-79.5153,56.3265],[-80.0008,55.9321],[-79.9875,55.8921],[-79.9046,55.871],[-79.5646,56.1209],[-79.4947,56.115],[-79.7647,55.8068]],[[-79.9457,56.8269],[-79.9437,56.7768],[-79.8945,56.7571],[-79.8267,56.8431],[-79.8981,56.8653],[-79.9457,56.8269]],[[-79.7752,57.5145],[-79.7165,57.5155],[-79.7267,57.6046],[-79.8108,57.5593],[-79.8382,57.483],[-79.8084,57.4424],[-79.7752,57.5145]],[[-79.6879,56.3268],[-79.5797,56.4664],[-79.7492,56.3765],[-80.0051,56.3179],[-80.0889,56.2139],[-79.9776,56.207],[-79.6879,56.3268]],[[-80.299,59.6742],[-80.3172,59.621],[-80.1672,59.7089],[-80.21,59.7246],[-80.299,59.6742]],[[-80.0497,53.3645],[-80.074,53.3443],[-80.0394,53.2972],[-79.9393,53.2743],[-79.9746,53.3522],[-80.0497,53.3645]],[[-79.9496,59.8099],[-79.8986,59.8531],[-80.0412,59.8702],[-80.1671,59.7639],[-79.9496,59.8099]],[[-79.5507,56.7335],[-79.5774,56.6449],[-79.4846,56.6865],[-79.5529,56.7987],[-79.5835,56.781],[-79.5507,56.7335]],[[-96.9438,72.9267],[-96.6706,72.9609],[-96.5985,73.0738],[-96.8624,73.1888],[-97.015,73.1573],[-97.0877,73.0985],[-97.0928,72.9969],[-96.9438,72.9267]],[[-97.3555,74.5263],[-97.2913,74.5764],[-97.4165,74.6266],[-97.75,74.5105],[-97.6561,74.4657],[-97.3555,74.5263]],[[-98.9739,73.8121],[-98.147,73.8888],[-97.7547,74.0055],[-97.6591,74.0716],[-97.6982,74.1087],[-98.061,74.1047],[-98.8182,74.021],[-99.417,73.8954],[-98.9739,73.8121]],[[-90.1774,69.3571],[-90.2286,69.436],[-90.492,69.3699],[-90.3303,69.2522],[-90.1774,69.3571]],[[-90.5997,69.3678],[-90.7424,69.3573],[-90.7716,69.2926],[-90.6859,69.2872],[-90.5744,69.2094],[-90.4926,69.2211],[-90.5106,69.2904],[-90.5997,69.3678]],[[-74.3948,62.6958],[-74.5642,62.7333],[-74.6265,62.7127],[-74.2535,62.622],[-73.9882,62.6361],[-74.1089,62.6803],[-74.3948,62.6958]],[[-74.7982,68.458],[-74.9836,68.6476],[-75.0747,68.6847],[-75.2874,68.6877],[-75.3702,68.6361],[-75.4034,68.5501],[-75.3102,68.4745],[-74.9593,68.3422],[-74.845,68.366],[-74.7982,68.458]],[[-78.612,60.7723],[-78.6689,60.7169],[-78.3725,60.7564],[-78.2417,60.8187],[-78.612,60.7723]],[[-79.1535,68.3353],[-79.174,68.235],[-79.0641,68.1818],[-78.8285,68.2682],[-78.9526,68.353],[-79.1535,68.3353]],[[-76.6524,63.5036],[-76.7636,63.5736],[-77.1337,63.682],[-77.3647,63.5883],[-77.0572,63.4498],[-76.7832,63.384],[-76.6776,63.3939],[-76.6524,63.5036]],[[-64.465,62.5359],[-64.8238,62.5587],[-64.8271,62.505],[-64.9565,62.4584],[-64.8373,62.4062],[-64.5465,62.3914],[-64.4181,62.4874],[-64.465,62.5359]],[[-62.6253,67.177],[-62.8251,67.0721],[-62.8716,67.0626],[-62.8054,67.0288],[-62.6815,67.0563],[-62.3963,67.1783],[-62.6253,67.177]],[[-68.0876,60.5878],[-68.3383,60.3606],[-68.3652,60.2541],[-68.2338,60.2409],[-67.8442,60.3916],[-67.8188,60.4495],[-67.8476,60.4888],[-67.978,60.5704],[-68.0876,60.5878]],[[-70.3668,62.6658],[-70.4426,62.7338],[-70.6743,62.807],[-71.2201,62.8739],[-71.1369,62.8159],[-70.9861,62.7878],[-70.8513,62.7043],[-70.7661,62.5969],[-70.6866,62.5732],[-70.4063,62.5448],[-70.2688,62.5781],[-70.3668,62.6658]],[[-64.7876,61.4133],[-64.6964,61.4715],[-64.6696,61.593],[-64.7896,61.6622],[-65.1298,61.6857],[-65.4321,61.6495],[-65.3939,61.5628],[-64.8798,61.3571],[-64.7876,61.4133]],[[-67.7546,69.6314],[-67.9088,69.6818],[-68.2214,69.6167],[-68.2023,69.5804],[-67.9403,69.5349],[-67.7546,69.6314]],[[-79.5528,69.6309],[-79.365,69.7124],[-79.4307,69.7878],[-79.594,69.8105],[-79.9708,69.739],[-80.1246,69.7373],[-80.2137,69.802],[-80.4242,69.7976],[-80.4659,69.7371],[-80.7266,69.7404],[-80.7948,69.6893],[-80.448,69.6497],[-80.1615,69.5359],[-79.9778,69.5097],[-79.9711,69.5563],[-80.0475,69.6343],[-79.5528,69.6309]],[[-78.5786,69.6388],[-78.8482,69.4828],[-78.4701,69.5025],[-77.9691,69.639],[-78.0291,69.7149],[-78.2007,69.7395],[-78.2955,69.6671],[-78.5786,69.6388]],[[-77.7141,63.9457],[-77.5636,64.0221],[-77.966,63.9929],[-77.9288,63.962],[-77.7141,63.9457]],[[-83.0599,66.1993],[-82.9313,66.2573],[-83.2378,66.3315],[-83.2139,66.2771],[-83.0599,66.1993]],[[-78.8527,68.9157],[-78.5329,69.146],[-78.2341,69.3146],[-78.3326,69.386],[-78.5967,69.3706],[-78.6891,69.3251],[-78.662,69.2624],[-78.7718,69.2522],[-78.9305,69.1229],[-79.2427,69.0493],[-79.4058,68.923],[-79.3614,68.8577],[-79.2797,68.8387],[-78.8527,68.9157]],[[-76.9941,69.4118],[-77.1875,69.4401],[-77.3187,69.4163],[-77.3794,69.274],[-77.3219,69.1936],[-77.215,69.1381],[-76.9954,69.1437],[-76.67,69.3486],[-76.7457,69.404],[-76.9941,69.4118]],[[-65.1659,61.7977],[-64.9277,61.7325],[-64.8455,61.7799],[-65.1256,61.9422],[-65.2354,61.8977],[-65.1659,61.7977]],[[-86.984,70.0111],[-86.7343,69.9763],[-86.5152,70.017],[-86.6127,70.1057],[-86.6912,70.115],[-87.1073,70.1467],[-87.3231,70.1022],[-87.1908,70.0186],[-86.984,70.0111]],[[-84.3701,66.0118],[-84.1432,65.916],[-84.1183,65.7718],[-84.0085,65.7515],[-83.8136,65.7875],[-83.7019,65.7562],[-83.7982,65.71],[-83.7875,65.6689],[-83.6495,65.6578],[-83.6065,65.7014],[-83.3324,65.6311],[-83.2339,65.6966],[-83.726,65.7967],[-83.7651,65.8312],[-83.7014,65.9201],[-84.1223,66.0778],[-84.4072,66.131],[-84.4563,66.1063],[-84.3701,66.0118]],[[-86.7021,68.3056],[-86.9598,68.1002],[-86.8471,68.0103],[-86.9084,67.902],[-86.8925,67.8366],[-86.5956,67.7359],[-86.4896,67.7836],[-86.3964,67.889],[-86.4211,68.1834],[-86.5699,68.2877],[-86.7021,68.3056]],[[-85.1496,66.0154],[-85.1742,65.9437],[-85.072,65.7374],[-84.9312,65.6892],[-84.7829,65.5701],[-84.6748,65.575],[-84.6022,65.6315],[-84.6917,65.7932],[-84.9198,65.997],[-85.1496,66.0154]],[[-93.0758,61.935],[-93.1967,61.9186],[-93.0848,61.8417],[-93.0,61.8675],[-93.0758,61.935]],[[-102.5796,75.7802],[-102.4234,75.8692],[-102.008,75.9394],[-102.49,76.0951],[-102.5841,76.2816],[-102.728,76.307],[-103.0982,76.3115],[-104.0121,76.223],[-104.3506,76.1823],[-104.4061,76.1085],[-104.2425,76.047],[-103.8008,76.037],[-103.9853,75.9331],[-103.7698,75.8924],[-103.2016,75.9585],[-103.0415,75.9188],[-103.3147,75.7642],[-102.5796,75.7802]],[[-100.2691,76.7341],[-100.8865,76.7427],[-101.6131,76.6046],[-101.2261,76.5793],[-100.2691,76.7341]],[[-103.4722,76.3291],[-103.0335,76.4315],[-103.5846,76.5389],[-103.7228,76.6011],[-104.0229,76.5831],[-103.9591,76.6388],[-104.0745,76.6661],[-104.5004,76.6304],[-104.603,76.5827],[-104.3575,76.3346],[-103.4722,76.3291]],[[-103.1104,78.2459],[-103.271,78.1506],[-103.1182,78.1264],[-102.7883,78.2182],[-102.8918,78.2712],[-103.1104,78.2459]],[[-102.0798,77.6922],[-101.8311,77.6874],[-101.0021,77.7351],[-101.1932,77.8298],[-101.6394,77.8921],[-102.4715,77.8735],[-102.4582,77.7702],[-102.3778,77.7281],[-102.0798,77.6922]],[[-89.9488,76.8362],[-90.4095,76.8102],[-90.5625,76.7543],[-90.1646,76.5236],[-89.9741,76.4875],[-89.7265,76.5074],[-89.8048,76.5611],[-89.8221,76.6306],[-89.6954,76.7412],[-89.9488,76.8362]],[[-96.4277,75.6063],[-96.9828,75.5098],[-97.0207,75.4681],[-96.8571,75.3691],[-96.679,75.3942],[-96.4616,75.4942],[-96.1564,75.4772],[-95.9599,75.5543],[-96.3678,75.6546],[-96.4277,75.6063]],[[-95.5102,74.6368],[-95.6604,74.6369],[-95.8507,74.5825],[-95.4415,74.5061],[-95.2745,74.5192],[-95.5102,74.6368]],[[-113.8978,77.9156],[-114.2798,78.0043],[-114.3304,78.0775],[-115.0293,77.9675],[-114.9804,77.9154],[-114.6084,77.7693],[-114.2872,77.7215],[-113.8325,77.7546],[-113.6194,77.8135],[-113.7214,77.8899],[-113.8978,77.9156]],[[-121.0423,75.903],[-121.0263,75.8475],[-121.2409,75.7519],[-121.0066,75.7657],[-120.9212,75.8145],[-120.8787,75.9067],[-120.914,75.9375],[-121.0423,75.903]],[[-113.7125,76.7105],[-113.4876,76.7833],[-113.5854,76.8473],[-113.8916,76.8949],[-114.4199,76.8753],[-114.8353,76.7947],[-114.7515,76.7589],[-113.7125,76.7105]],[[-103.7465,75.2524],[-103.8041,75.3455],[-103.917,75.3918],[-104.3462,75.4299],[-104.6488,75.3498],[-104.8874,75.1478],[-104.6343,75.0613],[-104.1199,75.0363],[-103.6643,75.1391],[-103.6435,75.1866],[-103.7465,75.2524]],[[-52.6722,47.6218],[-52.7114,47.7453],[-52.7824,47.7694],[-52.945,47.5528],[-53.1225,47.4551],[-53.1698,47.5121],[-53.1539,47.7346],[-52.9982,47.9759],[-52.872,48.0939],[-52.921,48.1471],[-53.2827,47.9979],[-53.6038,47.6623],[-53.7651,47.6501],[-53.8377,47.7272],[-53.8617,47.7993],[-53.695,47.9212],[-53.6382,48.0146],[-53.8696,48.0197],[-53.5694,48.0881],[-53.5418,48.1084],[-53.5602,48.1738],[-53.6098,48.2077],[-53.3343,48.356],[-53.1357,48.4019],[-53.0208,48.5716],[-53.0573,48.659],[-53.2203,48.5779],[-53.4113,48.5622],[-53.5521,48.4818],[-53.6444,48.5112],[-54.1145,48.3936],[-53.7946,48.5264],[-53.7063,48.6555],[-53.698,48.6798],[-53.966,48.7067],[-53.8529,48.8113],[-54.1613,48.7877],[-53.9032,48.8892],[-53.7581,49.0354],[-53.5734,49.1412],[-53.5696,49.2642],[-53.6194,49.3216],[-53.9577,49.4418],[-54.3167,49.4241],[-54.4482,49.3294],[-54.4692,49.5298],[-54.5022,49.5273],[-54.9826,49.2681],[-55.0159,49.2604],[-55.0262,49.3054],[-55.1761,49.2444],[-55.2445,49.1998],[-55.2523,49.1209],[-55.3532,49.0794],[-55.3425,49.1681],[-55.2003,49.4085],[-55.2295,49.5082],[-55.283,49.5138],[-55.2802,49.4127],[-55.3438,49.3729],[-55.3759,49.4897],[-55.6781,49.4346],[-55.8152,49.5153],[-56.0873,49.452],[-55.892,49.5803],[-55.8698,49.6702],[-55.9785,49.6781],[-56.1402,49.6191],[-56.04,49.7047],[-55.5837,49.8924],[-55.5029,49.9832],[-55.7647,49.9604],[-55.927,50.0178],[-56.1613,49.9401],[-56.1222,50.0628],[-56.1794,50.115],[-56.8222,49.6135],[-56.8092,49.7104],[-56.8486,49.7653],[-56.7541,49.8829],[-56.7323,50.0077],[-56.4839,50.2709],[-56.4543,50.38],[-56.1958,50.5848],[-56.1065,50.7593],[-55.8714,50.9074],[-55.8,51.0333],[-55.8151,51.1912],[-55.9999,51.1993],[-56.0439,51.2619],[-56.0311,51.3284],[-55.5834,51.3886],[-55.4587,51.5365],[-55.5216,51.5964],[-55.7006,51.5594],[-55.6596,51.511],[-55.6904,51.4713],[-55.8658,51.5083],[-55.9021,51.5639],[-56.0256,51.5684],[-56.619,51.3625],[-56.7502,51.2749],[-56.8251,51.1257],[-57.0359,51.0108],[-57.0057,50.9396],[-57.0533,50.8573],[-57.298,50.6987],[-57.1796,50.6148],[-57.3306,50.6052],[-57.4326,50.5058],[-57.9262,49.7008],[-57.8975,49.6004],[-57.7913,49.49],[-57.8561,49.4738],[-58.0158,49.5425],[-58.2134,49.3867],[-58.1909,49.2587],[-57.9801,49.2296],[-58.0989,49.0774],[-57.9905,48.9879],[-58.1861,49.0619],[-58.4037,49.0843],[-58.4937,49.0032],[-58.7165,48.598],[-58.8434,48.6053],[-58.9064,48.6502],[-58.8418,48.7464],[-59.1677,48.5585],[-59.1668,48.5218],[-58.3355,48.5137],[-58.605,48.4113],[-58.9608,48.1594],[-59.2721,47.9956],[-59.3621,47.889],[-59.2598,47.6342],[-59.1169,47.5707],[-58.6131,47.6262],[-58.3369,47.7309],[-58.3332,47.6769],[-57.9255,47.6749],[-56.7741,47.565],[-56.263,47.6584],[-56.1214,47.7892],[-56.0201,47.7637],[-55.8579,47.8192],[-55.8671,47.5923],[-56.1272,47.5028],[-55.8621,47.5301],[-55.5761,47.4652],[-55.4347,47.5013],[-55.3663,47.6611],[-54.9459,47.6208],[-54.7846,47.6647],[-54.8695,47.5709],[-55.1908,47.449],[-55.4915,47.1606],[-55.8384,47.0716],[-55.9192,47.0169],[-55.9499,46.9277],[-55.7885,46.8672],[-55.5307,46.914],[-55.3157,46.9057],[-55.1396,47.0459],[-55.0904,47.1739],[-54.8566,47.385],[-54.6512,47.4082],[-54.4739,47.5471],[-54.5625,47.3752],[-54.4881,47.4039],[-54.1918,47.8598],[-53.989,47.7562],[-53.8495,47.4403],[-54.0927,47.0862],[-54.1737,46.8804],[-54.1024,46.8249],[-54.0096,46.8396],[-53.5974,47.146],[-53.6164,46.6803],[-53.5678,46.6283],[-53.323,46.7184],[-53.167,46.6465],[-53.0319,46.7228],[-52.8892,46.9741],[-52.9124,47.1032],[-52.6836,47.4263],[-52.6722,47.6218]],[[-55.6045,50.7807],[-55.6293,50.7208],[-55.5697,50.7087],[-55.4693,50.7964],[-55.6045,50.7807]],[[-54.8185,49.5145],[-54.7438,49.5078],[-54.5377,49.62],[-54.6187,49.6221],[-54.7331,49.5622],[-54.8554,49.5966],[-54.8185,49.5145]],[[-55.2741,51.9952],[-55.3465,51.9829],[-55.4196,51.9],[-55.2936,51.93],[-55.2741,51.9952]],[[-53.9807,49.662],[-54.1377,49.7512],[-54.1994,49.6885],[-54.2776,49.7115],[-54.2861,49.5954],[-53.9807,49.662]],[[-54.1684,47.6071],[-54.2149,47.5851],[-54.326,47.4081],[-54.2271,47.4414],[-54.1282,47.6468],[-54.1684,47.6071]],[[-100.289,68.9577],[-100.414,69.0281],[-100.6006,69.0094],[-100.616,68.7829],[-100.4969,68.7922],[-100.3973,68.7238],[-100.2488,68.775],[-100.1785,68.9039],[-100.289,68.9577]],[[-100.1531,69.1295],[-100.242,69.0404],[-100.1413,68.9699],[-100.018,68.954],[-99.9947,69.0135],[-100.0354,69.0866],[-100.1531,69.1295]],[[-100.3211,70.5784],[-100.2761,70.5946],[-100.4339,70.6494],[-100.6783,70.6462],[-100.6478,70.5631],[-100.5373,70.525],[-100.3212,70.4877],[-100.3211,70.5784]],[[-95.9859,69.3919],[-95.8935,69.3518],[-95.8118,69.447],[-95.8062,69.5605],[-95.7636,69.5596],[-95.7041,69.538],[-95.6658,69.439],[-95.7301,69.3476],[-95.4962,69.3501],[-95.3994,69.4198],[-95.3809,69.5066],[-95.6025,69.6018],[-95.7978,69.6257],[-95.9362,69.567],[-95.9948,69.4697],[-95.9859,69.3919]],[[-101.0983,69.5408],[-101.3129,69.5761],[-101.3565,69.5397],[-101.2073,69.4798],[-101.2895,69.4413],[-101.2535,69.3885],[-101.0006,69.4619],[-101.0983,69.5408]],[[-102.0134,68.8254],[-102.3082,68.682],[-101.8872,68.585],[-101.732,68.6521],[-101.7216,68.7241],[-101.7593,68.7746],[-102.0134,68.8254]],[[-104.602,68.5615],[-104.9073,68.5818],[-105.0514,68.559],[-104.9652,68.4917],[-104.6995,68.4183],[-104.5407,68.4059],[-104.4405,68.4495],[-104.4721,68.5035],[-104.602,68.5615]],[[-107.9695,67.326],[-107.891,67.4372],[-107.9894,67.5136],[-107.9909,67.6221],[-108.049,67.6649],[-108.1275,67.6286],[-108.1522,67.4294],[-107.9695,67.326]],[[-108.9705,67.9797],[-109.1664,67.9824],[-109.1836,67.975],[-108.8938,67.8845],[-108.9705,67.9797]],[[-107.9439,66.8578],[-107.8333,66.9213],[-107.8055,66.9986],[-108.0927,67.0052],[-107.9439,66.8578]],[[-109.4691,68.098],[-109.4979,68.047],[-109.3231,67.9909],[-109.3417,68.0459],[-109.4691,68.098]],[[-61.0485,56.1292],[-61.1576,56.1184],[-61.1913,56.0479],[-60.9827,56.0151],[-60.9554,56.0804],[-61.0485,56.1292]],[[-61.9375,57.5541],[-62.0112,57.5485],[-61.9755,57.4954],[-61.7953,57.4225],[-61.6375,57.4161],[-61.6595,57.525],[-61.8483,57.5793],[-61.9375,57.5541]],[[-69.1952,59.1461],[-69.33,59.1212],[-69.3163,59.029],[-69.3528,58.9607],[-69.2208,58.9676],[-69.1552,59.0636],[-69.1952,59.1461]],[[-64.4998,60.4302],[-64.6463,60.5146],[-64.8364,60.501],[-64.809,60.4104],[-64.4419,60.2979],[-64.407,60.3671],[-64.4998,60.4302]],[[-79.1783,76.0924],[-79.5513,75.9583],[-79.6987,75.8833],[-79.5445,75.8256],[-79.0518,75.867],[-79.0566,75.9852],[-78.8452,76.1063],[-79.0093,76.1459],[-79.1783,76.0924]]]}},{"type":"Feature","properties":{"name":"Cameroon","aliases":["Cameroon","Republic of Cameroon"],"kind":"country"},"geometry":{"type":"MultiLineString","coordinates":[[[8.5549,4.7554],[8.5328,4.6059],[8.5744,4.5262],[8.6562,4.5164],[8.6896,4.5502],[8.6604,4.671],[8.7619,4.58],[8.9183,4.5538],[8.9136,4.3578],[9.0001,4.0916],[9.3109,3.9404],[9.4253,3.9223],[9.5008,4.0007],[9.4837,4.0661],[9.5506,4.0284],[9.6889,4.0564],[9.6399,3.9653],[9.7396,3.8529],[9.6281,3.87],[9.5562,3.798],[9.6424,3.6118],[9.7657,3.6238],[9.6721,3.5376],[9.8762,3.3098],[9.9484,3.0791],[9.8854,2.9166],[9.8007,2.3034]]]}},{"type":"Feature","properties":{"name":"Cambodia","aliases":["Cambodia","Kingdom of Cambodia"],"kind":"country"},"geometry":{"type":"MultiLineString","coordinates":[[[102.9934,11.2904],[103.0451,11.2851],[103.0368,11.3899],[103.0075,11.3833],[102.9934,11.2904]],[[103.2234,10.782],[103.2229,10.7596],[103.2812,10.6797],[103.3178,10.7185],[103.2234,10.782]],[[102.9328,11.7065],[102.9486,11.7735],[103.0042,11.7106],[103.0105,11.5887],[103.1255,11.4606],[103.0911,11.2111],[103.1528,10.9137],[103.3536,10.9216],[103.5324,11.1467],[103.6543,11.0587],[103.7219,10.8901],[103.6809,10.7586],[103.5404,10.6687],[103.5322,10.6046],[103.5871,10.5522],[103.6619,10.5089],[103.8405,10.5806],[103.8705,10.6551],[103.9371,10.5866],[104.2624,10.5413],[104.4273,10.4105]]]}},{"type":"Feature","properties":{"name":"Myanmar","aliases":["Myanmar","Republic of the Union of Myanmar"],"kind":"country"},"geometry":{"type":"MultiLineString","coordinates":[[[98.5266,11.087],[98.4774,10.9797],[98.5189,10.9594],[98.5417,10.9615],[98.5266,11.087]],[[98.2098,10.9527],[98.1673,10.9803],[98.0805,10.8866],[98.1554,10.8979],[98.2715,10.7399],[98.2935,10.7797],[98.2098,10.9527]],[[98.2207,10.0452],[98.1402,9.9747],[98.1181,9.8779],[98.2834,10.0076],[98.2917,10.0513],[98.2207,10.0452]],[[98.2391,11.6447],[98.2011,11.5672],[98.2094,11.4565],[98.2838,11.5941],[98.2996,11.783],[98.2391,11.6447]],[[98.5253,12.0052],[98.4662,12.0843],[98.4743,11.8994],[98.6096,11.9566],[98.5253,12.0052]],[[98.0104,11.8603],[98.0211,11.6959],[98.0836,11.6368],[98.0808,11.7332],[98.0104,11.8603]],[[98.3765,11.7915],[98.4348,11.5671],[98.5284,11.5387],[98.5538,11.7449],[98.5235,11.8049],[98.3765,11.7915]],[[98.1367,12.1504],[98.1225,12.2787],[98.0714,12.2918],[98.0373,12.2325],[98.0754,12.1645],[98.1367,12.1504]],[[98.0451,12.387],[97.9902,12.3938],[97.9387,12.3461],[98.0023,12.279],[98.0604,12.3535],[98.0451,12.387]],[[98.3965,12.6471],[98.3121,12.6782],[98.3139,12.336],[98.3809,12.3537],[98.4595,12.4737],[98.4683,12.5713],[98.3965,12.6471]],[[98.2653,13.2022],[98.2593,13.014],[98.3092,12.9347],[98.3154,13.0991],[98.2653,13.2022]],[[97.579,16.486],[97.542,16.5051],[97.4691,16.461],[97.4804,16.3057],[97.5372,16.2401],[97.575,16.2532],[97.579,16.486]],[[94.7335,15.823],[94.7844,15.7938],[94.828,15.933],[94.7335,15.823]],[[94.4938,16.0753],[94.3879,15.9941],[94.4119,15.8484],[94.5661,16.0193],[94.6187,16.1413],[94.6013,16.2055],[94.4938,16.0753]],[[93.7447,18.8655],[93.6183,18.8888],[93.4875,18.8675],[93.674,18.6757],[93.7184,18.7157],[93.7447,18.8655]],[[93.4918,19.8926],[93.4129,19.9503],[93.4446,19.8064],[93.5133,19.7548],[93.4918,19.8926]],[[92.9146,20.0865],[92.9127,19.9998],[93.0232,19.8289],[92.9596,20.0462],[92.9146,20.0865]],[[93.8747,19.4811],[93.7148,19.5583],[93.644,19.4951],[93.7323,19.4163],[93.7559,19.3257],[93.8152,19.2987],[93.934,19.3654],[93.9457,19.4286],[93.8747,19.4811]],[[92.3231,20.7918],[92.7229,20.2956],[92.709,20.564],[92.7356,20.5627],[92.8911,20.3403],[92.7912,20.2114],[92.8283,20.1776],[92.8821,20.1521],[93.0354,20.4062],[93.0668,20.3776],[93.0151,20.1853],[93.0955,20.1813],[93.002,20.0749],[93.1295,19.858],[93.1906,19.8512],[93.199,19.8983],[93.1566,20.0408],[93.25,20.0701],[93.4096,20.0383],[93.5818,19.9096],[93.707,19.9122],[93.6117,19.7761],[93.7396,19.6973],[93.8396,19.5341],[93.9981,19.4409],[93.962,19.3293],[93.8249,19.2385],[93.728,19.2665],[93.5786,19.4012],[93.4931,19.3695],[93.7055,19.0269],[93.9292,18.8997],[93.9681,18.9951],[93.941,19.1461],[94.0016,19.1818],[94.0449,19.2874],[94.07,18.8934],[94.2457,18.7412],[94.1707,18.7324],[94.4308,18.2017],[94.4943,17.8246],[94.589,17.5693],[94.5645,17.3085],[94.4731,17.1354],[94.3534,16.6399],[94.2713,16.5173],[94.2238,16.0165],[94.299,16.0076],[94.4416,16.0944],[94.6652,16.3361],[94.7033,16.5119],[94.6615,15.9044],[94.7981,15.9711],[94.8932,16.1828],[94.8912,15.9791],[94.9426,15.8183],[95.177,15.8257],[95.3468,16.0976],[95.3647,15.9854],[95.3078,15.8804],[95.3015,15.7562],[95.3896,15.7228],[95.6795,15.9768],[95.7633,16.169],[96.0123,16.2537],[96.0429,16.3399],[96.1351,16.3425],[96.3243,16.4444],[96.2367,16.5674],[96.1891,16.7683],[96.2489,16.7653],[96.2822,16.596],[96.4312,16.5049],[96.6225,16.5639],[96.7654,16.7104],[96.9086,17.031],[96.8509,17.2029],[96.9098,17.3048],[96.8515,17.401],[97.2002,17.0954],[97.2117,16.8926],[97.3759,16.5229],[97.726,16.5686],[97.6337,16.4577],[97.6406,16.2539],[97.5843,16.0196],[97.7104,15.8755],[97.8123,14.8589],[97.8691,14.7387],[97.9365,14.7639],[98.0187,14.6526],[97.9293,14.6956],[97.9098,14.6527],[97.9984,14.3353],[98.1002,14.1615],[98.0727,13.9865],[98.1106,13.7129],[98.1495,13.6476],[98.2004,13.9802],[98.239,13.9345],[98.2454,13.7335],[98.4213,13.4838],[98.576,13.1619],[98.6632,12.6624],[98.6244,12.4407],[98.6787,12.3485],[98.6003,12.2453],[98.6963,12.2252],[98.6639,12.1267],[98.6895,11.9567],[98.6449,11.9103],[98.6363,11.7384],[98.6937,11.7184],[98.8048,11.7792],[98.876,11.7197],[98.7414,11.5917],[98.7447,11.2404],[98.6826,11.1331],[98.6756,10.9869],[98.4649,10.6758],[98.523,10.3531],[98.4969,10.1825],[98.5626,10.035],[98.658,10.1791],[98.7021,10.1892]]]}},{"type":"Feature","properties":{"name":"Bulgaria","aliases":["Bulgaria","Republic of Bulgaria"],"kind":"country"},"geometry":{"type":"MultiLineString","coordinates":[[[28.0142,41.9681],[27.9827,42.0474],[27.7082,42.35],[27.4848,42.4681],[27.7537,42.7065],[27.8889,42.7497],[27.9289,43.1861],[28.1337,43.3956],[28.3196,43.4269],[28.4654,43.3893],[28.5618,43.5013],[28.5854,43.7432]]]}},{"type":"Feature","properties":{"name":"Brunei","aliases":["Brunei","Brunei Darussalam","Negara Brunei Darussalam"],"kind":"country"},"geometry":{"type":"MultiLineString","coordinates":[[[115.1412,4.8999],[115.0268,4.8997],[115.0477,5.0164],[114.9954,5.0224],[114.4244,4.6604],[114.2994,4.6072],[114.0629,4.5927]]]}},{"type":"Feature","properties":{"name":"Brazil","aliases":["Brazil","Federative Republic of Brazil"],"kind":"country"},"geometry":{"type":"MultiLineString","coordinates":[[[-48.3797,-0.3528],[-48.3927,-0.2974],[-48.5154,-0.2482],[-49.117,-0.1636],[-49.3143,-0.1679],[-49.5352,-0.2336],[-50.2482,-0.1164],[-50.4616,-0.1574],[-50.6455,-0.2729],[-50.6937,-0.3645],[-50.7199,-0.5834],[-50.781,-0.6898],[-50.7833,-1.0104],[-50.7096,-1.0777],[-50.5929,-1.0729],[-50.577,-1.1031],[-50.5959,-1.1475],[-50.7295,-1.1268],[-50.7598,-1.2402],[-50.6021,-1.6978],[-50.4435,-1.8007],[-50.3384,-1.756],[-50.1093,-1.7479],[-50.0657,-1.7038],[-49.8051,-1.7902],[-49.5879,-1.7124],[-49.5257,-1.6305],[-49.5066,-1.5116],[-49.3448,-1.5952],[-49.234,-1.5995],[-49.1727,-1.4126],[-49.0869,-1.5051],[-48.9289,-1.4823],[-48.8041,-1.327],[-48.8397,-1.2266],[-48.7046,-1.1066],[-48.5709,-0.8929],[-48.5397,-0.801],[-48.5667,-0.6845],[-48.4975,-0.6649],[-48.3797,-0.3528]],[[-44.2204,-23.0829],[-44.2429,-23.0741],[-44.3602,-23.1721],[-44.3201,-23.2123],[-44.098,-23.1693],[-44.2204,-23.0829]],[[-48.4976,-26.2188],[-48.5397,-26.1703],[-48.6658,-26.2896],[-48.6031,-26.4138],[-48.4976,-26.2188]],[[-48.5422,-27.5748],[-48.5546,-27.8122],[-48.4859,-27.767],[-48.4968,-27.707],[-48.4096,-27.5663],[-48.3779,-27.4515],[-48.4149,-27.3996],[-48.5422,-27.5748]],[[-45.2331,-23.8254],[-45.3023,-23.7275],[-45.4514,-23.8956],[-45.4128,-23.935],[-45.2609,-23.9413],[-45.2331,-23.8254]],[[-51.254,-0.5414],[-51.4245,-0.5659],[-51.546,-0.6496],[-51.6783,-0.8551],[-51.68,-1.0861],[-51.8021,-1.2025],[-51.9384,-1.4526],[-51.6377,-1.3419],[-51.2763,-1.0218],[-51.1607,-0.6667],[-51.254,-0.5414]],[[-44.4814,-2.7176],[-44.5691,-2.785],[-44.5978,-3.0376],[-44.4993,-2.9396],[-44.4814,-2.7176]],[[-38.6681,-12.8802],[-38.6849,-12.9749],[-38.787,-13.0551],[-38.783,-13.1187],[-38.6012,-12.9926],[-38.6681,-12.8802]],[[-39.0066,-13.4155],[-38.9776,-13.5235],[-38.9379,-13.5323],[-38.9071,-13.4011],[-39.0066,-13.4155]],[[-44.9787,-1.2673],[-45.0209,-1.3724],[-44.9679,-1.3908],[-44.8831,-1.3179],[-44.8883,-1.2769],[-44.9787,-1.2673]],[[-50.128,0.2265],[-50.2727,0.2317],[-50.3451,0.1345],[-50.3395,0.0434],[-50.1131,0.033],[-50.0025,-0.0293],[-49.9171,-0.0232],[-49.839,0.0069],[-49.6973,0.216],[-49.7382,0.2682],[-49.879,0.3045],[-50.128,0.2265]],[[-50.491,2.1286],[-50.509,2.0295],[-50.4561,1.9105],[-50.3988,1.8929],[-50.299,1.9385],[-50.342,2.1417],[-50.4188,2.1615],[-50.491,2.1286]],[[-50.6529,-0.1316],[-50.667,-0.058],[-50.8422,-0.0502],[-50.9951,-0.1053],[-51.0381,-0.2259],[-50.9264,-0.3273],[-50.6529,-0.1316]],[[-49.7088,-0.1437],[-49.4439,-0.1124],[-49.3809,-0.0555],[-49.4005,0.0572],[-49.5035,0.0837],[-49.7123,0.0151],[-49.8301,-0.0939],[-49.7088,-0.1437]],[[-50.3425,0.3816],[-50.3728,0.5909],[-50.4246,0.5583],[-50.4516,0.3269],[-50.6104,0.2048],[-50.6239,0.0544],[-50.4439,-0.0077],[-50.4261,0.1393],[-50.3323,0.259],[-50.3425,0.3816]],[[-50.2613,0.3592],[-50.1529,0.393],[-50.04,0.5228],[-50.0588,0.638],[-50.2512,0.5854],[-50.2817,0.5165],[-50.2613,0.3592]],[[-53.3717,-33.743],[-52.9209,-33.402],[-52.6522,-33.1378],[-52.3417,-32.4397],[-52.1274,-32.1678],[-52.1936,-31.8855],[-52.1198,-31.6949],[-52.027,-31.599],[-51.9725,-31.3838],[-51.5063,-31.1045],[-51.4637,-31.0526],[-51.4591,-30.9128],[-51.3765,-30.8469],[-51.3591,-30.6745],[-51.2831,-30.7516],[-51.2877,-30.5912],[-51.2466,-30.4676],[-51.1573,-30.3643],[-51.2818,-30.2441],[-51.298,-30.0349],[-51.2499,-30.06],[-51.1793,-30.211],[-51.0404,-30.2606],[-51.025,-30.3687],[-50.9319,-30.3743],[-50.6462,-30.2368],[-50.5635,-30.2536],[-50.5819,-30.4389],[-50.7163,-30.426],[-50.6893,-30.7042],[-50.7702,-30.8134],[-50.9408,-30.9037],[-50.9801,-31.0942],[-51.106,-31.0813],[-51.1614,-31.1188],[-51.1743,-31.3397],[-51.2722,-31.477],[-51.4462,-31.5573],[-51.6807,-31.7746],[-51.8034,-31.7967],[-51.8932,-31.8678],[-51.9951,-31.815],[-52.0632,-31.8304],[-52.0689,-32.0631],[-52.0392,-32.1148],[-51.7981,-31.9003],[-51.1518,-31.4804],[-50.9214,-31.2584],[-50.62,-30.8977],[-50.2995,-30.4258],[-50.0333,-29.801],[-49.746,-29.3632],[-49.2713,-28.8712],[-48.7997,-28.5753],[-48.7973,-28.4427],[-48.6932,-28.3102],[-48.6208,-28.0756],[-48.6057,-27.8252],[-48.6426,-27.5579],[-48.5541,-27.196],[-48.6777,-26.7029],[-48.6516,-26.4064],[-48.7483,-26.2687],[-48.6194,-26.1794],[-48.5763,-25.9354],[-48.6128,-25.875],[-48.679,-25.8752],[-48.6658,-25.8443],[-48.5452,-25.8159],[-48.4012,-25.5974],[-48.507,-25.5213],[-48.6922,-25.4915],[-48.7317,-25.3687],[-48.644,-25.4365],[-48.4761,-25.443],[-48.4276,-25.4033],[-48.4585,-25.3107],[-48.4025,-25.2721],[-48.1859,-25.3099],[-48.2424,-25.4033],[-48.2027,-25.4165],[-47.9294,-25.1683],[-47.9083,-25.0682],[-47.9892,-25.0357],[-47.8766,-24.9975],[-47.1372,-24.4932],[-46.8673,-24.2363],[-45.9721,-23.7955],[-45.6646,-23.7648],[-45.4643,-23.8025],[-45.4233,-23.6854],[-45.3254,-23.5997],[-45.2154,-23.5756],[-44.9517,-23.3814],[-44.6672,-23.3352],[-44.5697,-23.274],[-44.6738,-23.2066],[-44.6812,-23.1069],[-44.6373,-23.0555],[-44.3679,-23.005],[-44.148,-23.011],[-44.0475,-22.9447],[-43.8662,-22.9105],[-43.7029,-22.9663],[-43.676,-23.0095],[-43.9738,-23.0573],[-43.8988,-23.1015],[-43.2242,-22.9912],[-43.1936,-22.9386],[-43.2419,-22.7951],[-43.229,-22.7477],[-43.1543,-22.7252],[-43.0863,-22.7233],[-43.0654,-22.7707],[-43.1007,-22.8501],[-43.0812,-22.9025],[-42.9583,-22.9671],[-42.0424,-22.9471],[-41.9409,-22.7883],[-41.9861,-22.7358],[-41.9804,-22.5807],[-41.7055,-22.3097],[-41.1225,-22.0844],[-41.0003,-21.999],[-41.0473,-21.5057],[-40.9545,-21.2379],[-40.7893,-20.9061],[-40.5966,-20.7838],[-40.3959,-20.5694],[-40.3186,-20.4258],[-40.2989,-20.2927],[-40.2027,-20.2061],[-40.1417,-19.9683],[-40.0014,-19.742],[-39.7833,-19.5718],[-39.6999,-19.2778],[-39.7398,-18.6398],[-39.6508,-18.2523],[-39.4868,-17.9901],[-39.2784,-17.8494],[-39.154,-17.7039],[-39.2152,-17.3158],[-39.2029,-17.1781],[-38.8806,-15.8643],[-39.0596,-14.6548],[-38.9423,-14.0307],[-38.9665,-14.0034],[-39.0085,-14.1012],[-39.0481,-14.0439],[-39.0411,-13.7581],[-38.9886,-13.615],[-39.0349,-13.5588],[-39.0894,-13.5882],[-39.0309,-13.3651],[-38.8353,-13.1472],[-38.8332,-13.0329],[-38.7637,-12.9072],[-38.8518,-12.7901],[-38.7439,-12.7485],[-38.691,-12.6239],[-38.5249,-12.7623],[-38.4989,-12.9566],[-38.4018,-12.9662],[-38.2397,-12.8442],[-38.0192,-12.5913],[-37.6887,-12.1],[-37.4693,-11.6536],[-37.4118,-11.4973],[-37.4385,-11.3938],[-37.3592,-11.2525],[-37.3218,-11.2151],[-37.356,-11.4039],[-37.1812,-11.1875],[-37.1828,-11.0685],[-37.0934,-11.0548],[-36.9378,-10.8204],[-36.7683,-10.6717],[-36.3983,-10.4841],[-36.2235,-10.2251],[-36.055,-10.0758],[-35.8854,-9.8477],[-35.8478,-9.7725],[-35.8908,-9.687],[-35.764,-9.7025],[-35.3409,-9.2307],[-35.1578,-8.9306],[-34.8347,-7.9715],[-34.8786,-7.7475],[-34.8055,-7.2884],[-34.8339,-7.0244],[-34.876,-7.0029],[-34.9882,-6.3937],[-35.0955,-6.1854],[-35.2354,-5.5667],[-35.3926,-5.2509],[-35.5494,-5.1294],[-35.9799,-5.0544],[-36.1618,-5.0938],[-36.5907,-5.0976],[-36.9549,-4.9367],[-37.1747,-4.9124],[-37.3015,-4.7131],[-37.6263,-4.5921],[-37.7957,-4.4043],[-38.0488,-4.2164],[-38.4758,-3.7175],[-38.6862,-3.6537],[-39.0144,-3.3902],[-39.9647,-2.8615],[-40.4746,-2.7956],[-41.1945,-2.8861],[-41.3182,-2.9362],[-41.4799,-2.9165],[-41.6401,-2.8786],[-41.8762,-2.7466],[-41.9999,-2.8061],[-42.2496,-2.792],[-42.5936,-2.661],[-42.9367,-2.465],[-43.3801,-2.3761],[-43.4346,-2.4137],[-43.4551,-2.5021],[-43.7286,-2.5182],[-43.8645,-2.5954],[-43.9329,-2.5835],[-44.1927,-2.8096],[-44.2252,-2.755],[-44.1126,-2.5985],[-44.1056,-2.4935],[-44.2286,-2.4713],[-44.3082,-2.5352],[-44.4375,-2.9444],[-44.723,-3.2048],[-44.589,-2.5734],[-44.5207,-2.4813],[-44.5201,-2.4055],[-44.3818,-2.3655],[-44.4354,-2.1681],[-44.579,-2.2305],[-44.6624,-2.3732],[-44.7563,-2.2655],[-44.6586,-2.2275],[-44.5378,-2.0527],[-44.5468,-1.9463],[-44.6513,-1.7458],[-44.7785,-1.7988],[-44.7211,-1.7335],[-44.7898,-1.7248],[-45.0764,-1.4664],[-45.1821,-1.507],[-45.2821,-1.6966],[-45.3291,-1.7173],[-45.353,-1.5674],[-45.4586,-1.3562],[-45.6448,-1.3479],[-45.7788,-1.2508],[-45.9723,-1.1874],[-46.0446,-1.103],[-46.215,-1.0998],[-46.2191,-1.0312],[-46.4217,-1.0301],[-46.6172,-0.9706],[-46.8112,-0.7797],[-47.1269,-0.7454],[-47.2686,-0.6454],[-47.3981,-0.6267],[-47.4604,-0.681],[-47.4187,-0.7659],[-47.5573,-0.6699],[-47.6871,-0.7248],[-47.8077,-0.6635],[-47.9609,-0.7696],[-48.0326,-0.7051],[-48.1151,-0.7375],[-48.1285,-0.7952],[-48.3176,-0.9605],[-48.3065,-1.0398],[-48.4498,-1.1455],[-48.4086,-1.2292],[-48.4777,-1.3238],[-48.4681,-1.3938],[-48.3498,-1.4821],[-48.4459,-1.5204],[-48.4629,-1.614],[-48.6,-1.4888],[-48.71,-1.4877],[-48.9913,-1.8298],[-49.211,-1.9165],[-49.4575,-2.5046],[-49.5239,-2.5969],[-49.6365,-2.6569],[-49.5534,-2.5199],[-49.507,-2.2803],[-49.3137,-1.7317],[-49.7195,-1.9264],[-49.9992,-1.8318],[-50.1166,-1.8575],[-50.4032,-2.0155],[-50.69,-1.7617],[-50.679,-1.6438],[-50.7861,-1.4899],[-50.8446,-1.2263],[-50.9179,-1.1152],[-50.8382,-1.0389],[-50.8949,-0.9376],[-51.2974,-1.2235],[-51.9476,-1.5867],[-52.1967,-1.6401],[-52.3103,-1.5596],[-52.6642,-1.5518],[-52.2292,-1.3625],[-52.0205,-1.399],[-51.9808,-1.368],[-51.9345,-1.3203],[-51.9216,-1.1809],[-51.7206,-1.0185],[-51.7026,-0.7623],[-51.4042,-0.3927],[-51.2829,-0.0852],[-51.102,-0.0312],[-50.9671,0.1303],[-50.7551,0.2226],[-50.2944,0.8357],[-49.8989,1.163],[-49.8816,1.4199],[-49.9571,1.6599],[-50.1876,1.786],[-50.4589,1.8296],[-50.6087,2.1041],[-50.7144,2.134],[-50.6788,2.2104],[-50.9941,3.0775],[-51.0524,3.2818],[-51.0763,3.6717],[-51.2199,4.0936],[-51.3271,4.2248],[-51.4615,4.3138],[-51.5471,4.3109],[-51.6528,4.0629]]]}},{"type":"Feature","properties":{"name":"Bosnia and Herzegovina","aliases":["Bosnia and Herzegovina","Bosnia and Herz."],"kind":"country"},"geometry":{"type":"MultiLineString","coordinates":[[[17.5843,42.9388],[17.6685,42.8963]]]}},{"type":"Feature","properties":{"name":"Benin","aliases":["Benin","Republic of Benin"],"kind":"country"},"geometry":{"type":"MultiLineString","coordinates":[[[1.6217,6.2166],[2.7074,6.3693]]]}},{"type":"Feature","properties":{"name":"Belize","aliases":["Belize"],"kind":"country"},"geometry":{"type":"MultiLineString","coordinates":[[[-87.8485,18.1404],[-87.8983,18.1549],[-87.9981,17.9063],[-87.9506,17.925],[-87.8485,18.1404]],[[-87.9028,17.4265],[-87.93,17.283],[-87.7886,17.5242],[-87.8264,17.5463],[-87.9028,17.4265]],[[-88.8931,15.8903],[-88.9117,15.956],[-88.8791,16.0166],[-88.6952,16.2477],[-88.5623,16.2904],[-88.3134,16.6328],[-88.2618,16.963],[-88.2888,17.3127],[-88.2035,17.5166],[-88.2717,17.6099],[-88.0853,18.2261],[-88.1303,18.3507],[-88.3493,18.3588],[-88.2952,18.4733]]]}},{"type":"Feature","properties":{"name":"Belgium","aliases":["Belgium","Kingdom of Belgium"],"kind":"country"},"geometry":{"type":"MultiLineString","coordinates":[[[3.3511,51.3779],[2.524,51.0968]]]}},{"type":"Feature","properties":{"name":"Barbados","aliases":["Barbados"],"kind":"country"},"geometry":{"type":"MultiLineString","coordinates":[[[-59.5916,13.3177],[-59.6467,13.3031],[-59.6428,13.1503],[-59.5219,13.0622],[-59.4276,13.1528],[-59.5916,13.3177]]]}},{"type":"Feature","properties":{"name":"Bangladesh","aliases":["Bangladesh","People's Republic of Bangladesh"],"kind":"country"},"geometry":{"type":"MultiLineString","coordinates":[[[91.8507,21.9271],[91.8197,21.8098],[91.8376,21.7502],[91.8825,21.8836],[91.8507,21.9271]],[[91.9077,21.7229],[91.857,21.7088],[91.8889,21.5033],[91.9492,21.5081],[91.9619,21.6098],[91.9077,21.7229]],[[91.0795,22.5197],[91.0447,22.1052],[91.1508,22.1752],[91.1782,22.283],[91.0795,22.5197]],[[91.4113,22.4757],[91.4669,22.3784],[91.5104,22.3528],[91.5567,22.3822],[91.4561,22.6165],[91.4113,22.4757]],[[90.5799,23.0354],[90.5363,23.0149],[90.5623,22.9754],[90.6596,22.92],[90.5799,23.0354]],[[90.683,22.7853],[90.5965,22.8635],[90.5029,22.8354],[90.5649,22.6176],[90.6492,22.5407],[90.6805,22.3275],[90.515,22.0651],[90.7776,22.0893],[90.8299,22.16],[90.8682,22.4849],[90.7369,22.6387],[90.683,22.7853]],[[89.0512,22.0912],[89.0939,21.8728],[89.2343,21.7224],[89.3537,21.7211],[89.5006,21.9144],[89.4832,22.2755],[89.5686,21.7674],[89.8119,21.9835],[89.8818,22.3876],[89.9852,22.4664],[89.8938,22.3084],[89.9181,22.1162],[89.9542,22.0229],[90.2096,22.1566],[90.0879,22.0175],[90.0712,21.8873],[90.1588,21.8168],[90.2306,21.8298],[90.3558,22.0482],[90.5895,22.2584],[90.6161,22.3622],[90.4351,22.7519],[90.4616,22.8818],[90.5522,22.9049],[90.466,23.0539],[90.5951,23.1339],[90.5909,23.2664],[90.5228,23.3461],[90.3915,23.3669],[90.2691,23.4559],[90.5557,23.4215],[90.5616,23.5371],[90.604,23.5914],[90.6562,23.0255],[90.8268,22.7214],[90.9456,22.597],[91.2162,22.6422],[91.4801,22.8848],[91.5297,22.7077],[91.693,22.5048],[91.7971,22.2975],[91.8634,22.3505],[91.8248,22.2287],[91.9132,21.8831],[92.008,21.6848],[92.0561,21.1748],[92.3247,20.791]]]}},{"type":"Feature","properties":{"name":"Bahrain","aliases":["Bahrain","Kingdom of Bahrain"],"kind":"country"},"geometry":{"type":"MultiLineString","coordinates":[[[50.4699,26.229],[50.4659,25.9655],[50.5749,25.8068],[50.6175,26.0023],[50.6098,26.1245],[50.5578,26.1983],[50.5859,26.2407],[50.4699,26.229]]]}},{"type":"Feature","properties":{"name":"The Bahamas","aliases":["The Bahamas","Bahamas","Commonwealth of the Bahamas"],"kind":"country"},"geometry":{"type":"MultiLineString","coordinates":[[[-77.4513,25.0807],[-77.5619,25.03],[-77.4605,24.9931],[-77.2691,25.0438],[-77.3291,25.083],[-77.4513,25.0807]],[[-77.5319,23.9394],[-77.5615,24.1368],[-77.6154,24.2164],[-77.6833,24.1185],[-77.7553,24.1635],[-77.6562,24.2266],[-77.7015,24.2875],[-77.9999,24.2198],[-77.8522,24.0404],[-77.7758,23.8624],[-77.7713,23.7525],[-77.5737,23.7392],[-77.5187,23.8694],[-77.5319,23.9394]],[[-77.5106,26.846],[-77.2061,26.489],[-77.2468,26.1563],[-77.4032,26.0247],[-77.2464,25.8955],[-77.191,25.9555],[-77.1673,26.2403],[-77.0383,26.3334],[-77.0664,26.5302],[-77.2572,26.6388],[-77.2659,26.6888],[-77.5339,26.9034],[-77.8625,26.9401],[-77.9437,26.9036],[-77.5106,26.846]],[[-74.2422,22.7151],[-74.0986,22.6654],[-74.0348,22.7056],[-74.307,22.8396],[-74.3031,22.7645],[-74.2422,22.7151]],[[-74.4294,24.0681],[-74.4505,24.1255],[-74.5269,24.1051],[-74.5509,23.9689],[-74.5087,23.9597],[-74.4294,24.0681]],[[-73.661,20.9374],[-73.1646,20.9792],[-73.0587,21.119],[-73.0117,21.2995],[-73.0585,21.3134],[-73.1373,21.2048],[-73.2354,21.1545],[-73.5231,21.1908],[-73.5851,21.1259],[-73.6804,21.1033],[-73.661,20.9374]],[[-73.9146,22.568],[-73.936,22.4777],[-74.2613,22.2355],[-74.2769,22.1837],[-73.9746,22.3612],[-73.8365,22.5384],[-73.8775,22.6808],[-73.85,22.7311],[-73.9755,22.6823],[-73.9146,22.568]],[[-76.3438,25.332],[-76.4842,25.3746],[-76.7108,25.5649],[-76.7807,25.4269],[-76.6207,25.4316],[-76.4999,25.3416],[-76.3693,25.3126],[-76.1604,25.1193],[-76.2138,24.8225],[-76.32,24.8177],[-76.1695,24.6494],[-76.1266,25.1405],[-76.3438,25.332]],[[-75.9486,23.6474],[-76.0104,23.6714],[-76.0371,23.6028],[-75.956,23.5923],[-75.781,23.4707],[-75.6646,23.4501],[-75.9486,23.6474]],[[-75.1306,23.2679],[-75.1411,23.2046],[-75.2233,23.1653],[-74.9733,23.0686],[-74.8469,22.8687],[-74.8456,22.9999],[-75.0642,23.1502],[-75.1088,23.3328],[-75.316,23.6684],[-75.3098,23.5898],[-75.1306,23.2679]],[[-75.5265,24.4495],[-75.6535,24.6809],[-75.7267,24.6894],[-75.744,24.6547],[-75.4089,24.2658],[-75.5032,24.1391],[-75.3018,24.1492],[-75.3084,24.2],[-75.5265,24.4495]],[[-78.3665,24.5442],[-78.1916,24.4661],[-78.1458,24.4935],[-78.1357,24.4124],[-78.0449,24.2875],[-77.7351,24.4958],[-77.7438,24.7074],[-77.9734,25.0048],[-77.9753,25.0848],[-78.1628,25.2023],[-78.2114,25.1913],[-78.1593,25.0224],[-78.1841,24.9171],[-78.2988,24.7539],[-78.2427,24.6538],[-78.319,24.5902],[-78.3389,24.642],[-78.4353,24.6276],[-78.3665,24.5442]],[[-78.2339,26.6374],[-77.9261,26.6634],[-77.9225,26.6911],[-77.9439,26.7442],[-78.3717,26.6979],[-78.5971,26.7979],[-78.6333,26.6592],[-78.7125,26.599],[-78.798,26.5824],[-78.9856,26.6895],[-78.7437,26.5007],[-78.2339,26.6374]],[[-72.9811,22.3692],[-72.8892,22.3603],[-72.7839,22.2906],[-72.7473,22.3274],[-72.8308,22.3856],[-73.1274,22.4553],[-73.1619,22.3807],[-72.9811,22.3692]],[[-72.9161,21.5067],[-72.9948,21.5616],[-73.0627,21.5153],[-73.0493,21.4576],[-72.9161,21.5067]]]}},{"type":"Feature","properties":{"name":"Azerbaijan","aliases":["Azerbaijan","Republic of Azerbaijan"],"kind":"country"},"geometry":{"type":"MultiLineString","coordinates":[[[48.8688,38.4345],[48.8545,38.8388],[49.0135,39.134],[49.1113,39.0847],[49.121,39.0039],[49.1653,39.0303],[49.2693,39.2852],[49.3628,39.3496],[49.3244,39.6084],[49.4773,40.0873],[49.5512,40.1941],[49.9188,40.3164],[50.1432,40.3232],[50.3659,40.2795],[50.3068,40.4122],[50.1825,40.5048],[49.9906,40.5768],[49.776,40.584],[49.4567,40.7999],[49.2265,41.0262],[49.0509,41.374],[48.572,41.845]]]}},{"type":"Feature","properties":{"name":"Australia","aliases":["Australia","Commonwealth of Australia"],"kind":"country"},"geometry":{"type":"MultiLineString","coordinates":[[[129.5688,-31.6272],[128.9462,-31.7026],[128.0677,-32.0665],[127.3198,-32.2641],[126.7793,-32.3109],[126.1365,-32.2568],[125.9172,-32.297],[125.5675,-32.5059],[125.2666,-32.6145],[124.7588,-32.8827],[124.2438,-33.0152],[124.1261,-33.1294],[123.8684,-33.5964],[123.6504,-33.8363],[123.5068,-33.9162],[123.3654,-33.9054],[123.2076,-33.9883],[123.0676,-33.9006],[122.7775,-33.8908],[122.151,-33.9918],[122.0611,-33.8744],[121.4051,-33.8268],[120.8146,-33.8713],[120.4184,-33.9631],[120.2094,-33.9354],[119.8541,-33.9747],[119.6352,-34.1012],[119.4506,-34.3683],[119.2477,-34.4564],[118.8953,-34.4799],[118.1355,-34.9866],[117.8631,-35.055],[117.5819,-35.0978],[116.5172,-34.9879],[115.9867,-34.795],[115.7263,-34.5261],[115.565,-34.4258],[115.2776,-34.3039],[115.1279,-34.3418],[115.0088,-34.2559],[114.9734,-34.0512],[114.9938,-33.5153],[115.1816,-33.6435],[115.3588,-33.6399],[115.5153,-33.5313],[115.683,-33.1929],[115.6186,-32.667],[115.7079,-32.568],[115.7254,-32.4011],[115.7381,-31.8879],[115.6984,-31.6945],[115.1769,-30.808],[115.0779,-30.5604],[114.9688,-30.0423],[114.959,-29.4336],[114.8568,-29.143],[114.6284,-28.8718],[114.5374,-28.5429],[114.1651,-28.0807],[114.0984,-27.5442],[114.0281,-27.3473],[113.7094,-26.8478],[113.333,-26.4174],[113.1848,-26.1822],[113.3232,-26.2438],[113.3561,-26.0805],[113.5816,-26.5581],[113.7337,-26.5951],[113.8364,-26.5006],[113.8528,-26.3321],[113.5891,-26.0986],[113.3953,-25.7133],[113.3974,-25.6472],[113.4514,-25.5991],[113.5395,-25.6252],[113.7131,-25.8308],[113.6836,-26.0517],[113.7237,-26.1298],[113.7658,-26.1598],[113.8539,-26.0145],[113.992,-26.3215],[114.0903,-26.3937],[114.2157,-26.2895],[114.2143,-25.8516],[113.9928,-25.5448],[113.6708,-24.9771],[113.5692,-24.693],[113.4177,-24.4356],[113.4213,-24.1323],[113.4898,-23.8696],[113.757,-23.4182],[113.7951,-22.9146],[113.6828,-22.6378],[113.9584,-21.9392],[114.1239,-21.8286],[114.1426,-21.9098],[114.0928,-22.1813],[114.1639,-22.3233],[114.1416,-22.4831],[114.3035,-22.4254],[114.3777,-22.3415],[114.6028,-21.9422],[114.7093,-21.8234],[115.4562,-21.4917],[116.0109,-21.0304],[116.7067,-20.6538],[117.1391,-20.6409],[117.4062,-20.7212],[117.6839,-20.6428],[118.1992,-20.3752],[118.7515,-20.2619],[119.1045,-19.9953],[119.5859,-20.0383],[119.7678,-19.9584],[120.1963,-19.9095],[120.4337,-19.842],[120.9979,-19.6044],[121.3377,-19.3199],[121.4936,-19.1064],[121.8338,-18.4771],[122.0062,-18.3937],[122.3454,-18.1119],[122.3609,-18.0369],[122.2374,-17.9686],[122.1475,-17.549],[122.1603,-17.3137],[122.2609,-17.1357],[122.432,-16.9704],[122.5226,-16.9429],[122.7204,-16.7877],[122.9168,-16.4326],[122.9707,-16.4368],[123.1421,-16.8631],[123.3832,-17.2928],[123.5631,-17.5209],[123.6079,-17.2199],[123.5936,-17.0304],[123.6641,-17.0232],[123.8311,-17.1208],[123.8295,-16.9969],[123.8744,-16.9187],[123.8563,-16.8647],[123.7781,-16.8678],[123.4904,-16.4907],[123.5813,-16.4709],[123.626,-16.4163],[123.6465,-16.3431],[123.607,-16.224],[123.6475,-16.1799],[123.7289,-16.1925],[123.8592,-16.3823],[123.9613,-16.2869],[124.0444,-16.2649],[124.3004,-16.3883],[124.772,-16.4026],[124.6692,-16.3388],[124.4545,-16.3353],[124.4049,-16.2989],[124.4164,-16.1335],[124.4346,-16.1038],[124.5769,-16.1137],[124.6485,-15.8702],[124.6483,-15.8055],[124.5043,-15.9725],[124.3816,-15.7582],[124.4396,-15.4936],[124.5616,-15.4963],[124.6909,-15.3597],[124.6926,-15.2736],[124.9721,-15.4043],[125.0164,-15.4665],[125.063,-15.4423],[125.0729,-15.3067],[124.9092,-15.3101],[124.8391,-15.1607],[125.0233,-15.0719],[125.0382,-15.0041],[125.3557,-15.1198],[125.3838,-15.0156],[125.2433,-14.9445],[125.1787,-14.7147],[125.2665,-14.6484],[125.2846,-14.5841],[125.5798,-14.4832],[125.5971,-14.2781],[125.6277,-14.2566],[125.7046,-14.2914],[125.6616,-14.5295],[125.7385,-14.4443],[125.8195,-14.4691],[125.8501,-14.5973],[125.8906,-14.618],[125.9461,-14.5204],[126.0207,-14.4945],[126.0166,-14.3713],[126.1113,-14.1141],[126.0539,-13.9772],[126.119,-13.9577],[126.1843,-14.0021],[126.2585,-14.1636],[126.323,-14.0621],[126.4031,-14.0189],[126.5697,-14.1609],[126.6791,-14.0894],[126.7807,-13.9552],[126.7756,-13.7885],[126.9032,-13.7441],[127.4576,-14.0314],[127.6729,-14.1951],[127.8876,-14.4852],[128.1994,-14.7518],[128.0805,-15.088],[128.0694,-15.3293],[128.1555,-15.2256],[128.2547,-15.2985],[128.175,-15.0432],[128.4032,-14.8691],[128.4099,-14.8289],[128.5758,-14.7745],[129.0582,-14.8844],[129.1651,-14.9876],[129.1752,-15.115],[129.2158,-15.1603],[129.2336,-14.9061],[129.2676,-14.8715],[129.459,-14.9332],[129.6348,-15.1397],[129.6371,-14.851],[129.8487,-14.8289],[129.7535,-14.7896],[129.6047,-14.6471],[129.6979,-14.5574],[129.6079,-14.5597],[129.3787,-14.3925],[129.4592,-14.2135],[129.7099,-13.98],[129.8389,-13.5729],[129.9379,-13.5017],[130.1359,-13.4483],[130.2598,-13.3022],[130.135,-13.1455],[130.1682,-12.9574],[130.318,-12.8829],[130.3999,-12.6879],[130.6175,-12.6469],[130.6227,-12.4311],[130.7361,-12.4277],[130.8674,-12.5578],[130.8982,-12.5236],[130.8738,-12.3672],[131.0234,-12.3429],[131.0195,-12.2139],[131.2199,-12.1779],[131.2916,-12.0679],[131.3421,-12.2101],[131.4383,-12.277],[131.7263,-12.2781],[131.888,-12.2319],[132.0641,-12.2808],[132.2532,-12.186],[132.411,-12.2951],[132.4416,-12.1764],[132.5105,-12.1349],[132.7128,-12.1234],[132.6305,-12.0352],[132.6742,-11.649],[132.4752,-11.4915],[132.2779,-11.4677],[132.1336,-11.5007],[131.9446,-11.3485],[131.8225,-11.3024],[131.8118,-11.2714],[131.9615,-11.1809],[132.1555,-11.3111],[132.1978,-11.305],[132.2627,-11.204],[132.334,-11.2235],[132.5573,-11.3669],[132.6828,-11.5056],[132.8571,-11.3911],[132.961,-11.4073],[133.1853,-11.7057],[133.3562,-11.7282],[133.5332,-11.8162],[133.9042,-11.832],[134.2371,-12.0077],[134.4174,-12.0527],[134.5381,-12.0608],[134.7303,-11.9844],[134.8547,-12.1025],[135.0297,-12.1937],[135.218,-12.2217],[135.9225,-11.8258],[135.834,-11.9507],[135.8895,-11.9928],[135.7025,-12.1516],[135.7044,-12.2099],[135.7439,-12.2417],[135.9378,-12.1521],[136.0085,-12.1914],[136.0818,-12.4225],[136.2606,-12.4338],[136.3285,-12.3056],[136.2499,-12.173],[136.2701,-12.1316],[136.4434,-11.9515],[136.5402,-11.9576],[136.6098,-12.1336],[136.7194,-12.2265],[136.8975,-12.2436],[136.9475,-12.3499],[136.537,-12.7843],[136.5178,-12.8328],[136.5943,-13.0038],[136.461,-13.2252],[136.4119,-13.2361],[136.2941,-13.138],[135.9273,-13.3043],[135.9292,-13.6216],[135.9896,-13.8102],[135.9545,-13.9349],[135.8834,-14.1531],[135.7445,-14.2866],[135.4052,-14.7582],[135.4533,-14.9231],[136.2054,-15.4034],[136.2914,-15.5701],[136.5836,-15.7065],[136.7049,-15.6853],[136.6981,-15.835],[136.7847,-15.8942],[137.0021,-15.8783],[137.2993,-16.0663],[137.7037,-16.233],[137.9129,-16.4766],[138.245,-16.7184],[138.5057,-16.7896],[138.6257,-16.7778],[139.0099,-16.8993],[139.1104,-17.0141],[139.2484,-17.3286],[139.4405,-17.3806],[140.0358,-17.7026],[140.2097,-17.7044],[140.5111,-17.6245],[140.8305,-17.4145],[140.966,-17.0146],[141.2191,-16.6462],[141.4119,-16.0695],[141.3932,-15.9047],[141.4516,-15.6053],[141.6255,-15.0566],[141.5229,-14.4701],[141.5943,-14.1528],[141.4807,-13.9268],[141.4726,-13.7976],[141.6454,-13.2591],[141.6136,-12.9435],[141.7822,-12.7787],[141.9203,-12.8029],[141.9298,-12.7398],[141.8521,-12.5787],[141.6777,-12.4914],[141.6886,-12.3511],[141.8705,-11.9756],[141.9611,-12.0543],[141.9516,-11.8962],[142.139,-11.2732],[142.1684,-10.9466],[142.3265,-10.8842],[142.4564,-10.7073],[142.5448,-10.7073],[142.6051,-10.7482],[142.5527,-10.8744],[142.723,-11.0104],[142.8368,-11.3069],[142.8726,-11.8214],[142.9885,-11.919],[143.1789,-11.9545],[143.1047,-12.1696],[143.1103,-12.3035],[143.2541,-12.3977],[143.4016,-12.6399],[143.3976,-12.7361],[143.4577,-12.8558],[143.5295,-13.3038],[143.5866,-13.4437],[143.5484,-13.741],[143.7563,-14.3488],[143.9618,-14.4629],[144.2099,-14.302],[144.473,-14.2318],[144.5864,-14.3547],[144.648,-14.4925],[145.2877,-14.9432],[145.2517,-15.0975],[145.2931,-15.3272],[145.2716,-15.4767],[145.458,-16.0564],[145.4261,-16.4062],[145.7548,-16.8795],[145.9121,-16.9125],[145.902,-17.0702],[146.1259,-17.6353],[146.0322,-18.2729],[146.223,-18.5099],[146.3332,-18.5537],[146.2969,-18.8412],[146.3834,-18.9771],[146.4812,-19.0787],[146.692,-19.1874],[147.0026,-19.2561],[147.1388,-19.3932],[147.2781,-19.4142],[147.4186,-19.3781],[147.586,-19.6228],[147.7424,-19.7701],[147.8532,-19.7947],[147.9156,-19.8692],[148.0811,-19.8986],[148.3669,-20.0875],[148.6005,-20.1452],[148.7594,-20.2896],[148.8848,-20.4809],[148.73,-20.4678],[148.6837,-20.5802],[148.7895,-20.7356],[149.2049,-21.1251],[149.3293,-21.4761],[149.4541,-21.5787],[149.524,-22.0236],[149.5957,-22.2576],[149.7039,-22.4405],[149.8225,-22.3898],[149.9744,-22.5507],[150.0056,-22.5216],[149.9419,-22.3081],[149.9812,-22.1843],[150.0206,-22.1684],[150.0762,-22.1645],[150.2349,-22.3729],[150.5413,-22.5591],[150.5796,-22.5558],[150.5686,-22.384],[150.6229,-22.3673],[150.7639,-22.5762],[150.783,-23.1766],[150.8432,-23.458],[151.1538,-23.7841],[151.5008,-24.0124],[151.6909,-24.0384],[151.8316,-24.1229],[152.1299,-24.5976],[152.4563,-24.8024],[152.5021,-24.964],[152.6543,-25.202],[152.7892,-25.2741],[152.9135,-25.4321],[152.9205,-25.6886],[153.0282,-25.8703],[153.1649,-25.9642],[153.0842,-26.3038],[153.1621,-26.9827],[153.1168,-27.1944],[153.3857,-27.7686],[153.4549,-28.0483],[153.5757,-28.2405],[153.5691,-28.5334],[153.6169,-28.673],[153.6046,-28.8545],[153.348,-29.2904],[153.2724,-29.8925],[153.0306,-30.5634],[153.0479,-30.9071],[152.9439,-31.4349],[152.7858,-31.7863],[152.5593,-32.0457],[152.5453,-32.2431],[152.4704,-32.4391],[152.2475,-32.6087],[152.2157,-32.6781],[152.1365,-32.6781],[152.1881,-32.7217],[152.1643,-32.7574],[151.8129,-32.9011],[151.4838,-33.3475],[151.432,-33.5216],[151.2921,-33.581],[151.3228,-33.6993],[151.2803,-33.9267],[151.2446,-33.9851],[151.2017,-33.9641],[151.1248,-34.0053],[151.2315,-34.0297],[150.9604,-34.2971],[150.8713,-34.4991],[150.7811,-34.8922],[150.8046,-35.0129],[150.6974,-35.0419],[150.7222,-35.1346],[150.6903,-35.1777],[150.5675,-35.2143],[150.1953,-35.8336],[150.0628,-36.5504],[149.9603,-36.8455],[149.9863,-37.2584],[149.9327,-37.5285],[149.8094,-37.5479],[149.4809,-37.7712],[148.2625,-37.8307],[147.8768,-37.9342],[147.3956,-38.2191],[146.8568,-38.6635],[146.2175,-38.7274],[146.2162,-38.7827],[146.3366,-38.8942],[146.427,-38.8196],[146.4666,-38.8403],[146.4838,-39.065],[146.4,-39.1455],[146.34,-39.1238],[146.1584,-38.8657],[146.0699,-38.8341],[145.9354,-38.9018],[145.7908,-38.667],[145.6063,-38.6568],[145.3973,-38.5354],[145.4628,-38.4163],[145.5422,-38.3938],[145.4758,-38.2437],[145.2928,-38.2376],[145.1912,-38.3836],[144.9596,-38.5008],[144.7178,-38.3403],[144.9114,-38.344],[145.067,-38.2049],[145.1199,-38.0913],[144.8913,-37.8998],[144.3955,-38.1369],[144.5895,-38.1576],[144.6652,-38.21],[144.1016,-38.4623],[143.8117,-38.6988],[143.539,-38.8209],[143.2265,-38.7432],[143.0826,-38.6459],[142.8402,-38.5809],[142.4559,-38.3863],[142.1877,-38.3994],[141.9247,-38.2838],[141.725,-38.2714],[141.5939,-38.3878],[141.4242,-38.3635],[141.2139,-38.172],[141.0109,-38.077],[140.6272,-38.0284],[140.3904,-37.8967],[140.2121,-37.6422],[139.7843,-37.2458],[139.7385,-37.0596],[139.8573,-36.6621],[139.729,-36.3714],[139.4659,-36.0104],[139.0377,-35.6893],[138.9689,-35.5808],[139.0669,-35.5984],[139.178,-35.523],[139.2306,-35.5977],[139.2895,-35.6113],[139.3251,-35.4267],[139.2825,-35.3754],[139.1928,-35.3473],[138.8753,-35.5368],[138.771,-35.5384],[138.5219,-35.6424],[138.1844,-35.6127],[138.3998,-35.3258],[138.5111,-35.0244],[138.4899,-34.7636],[138.0893,-34.1698],[137.9192,-34.4561],[137.8741,-34.7274],[137.6917,-35.143],[137.4596,-35.1313],[137.1444,-35.2364],[136.8836,-35.2397],[137.0143,-34.9158],[137.391,-34.9133],[137.493,-34.5978],[137.459,-34.3789],[137.4938,-34.1611],[137.6504,-33.8591],[137.9318,-33.5791],[137.8523,-33.2008],[137.9926,-33.0942],[137.9132,-32.7707],[137.7832,-32.5781],[137.7909,-32.8232],[137.6802,-32.978],[137.4423,-33.1936],[137.2373,-33.6295],[136.6355,-33.8966],[136.4307,-34.03],[135.891,-34.6609],[135.9985,-34.9438],[135.9697,-34.9818],[135.7924,-34.8633],[135.6476,-34.9396],[135.3242,-34.6427],[135.2307,-34.5798],[135.123,-34.5857],[135.1296,-34.5365],[135.2168,-34.4873],[135.3787,-34.5977],[135.45,-34.5811],[135.2189,-33.9598],[134.8888,-33.6264],[134.8467,-33.4446],[134.719,-33.2552],[134.6077,-33.1901],[134.3013,-33.165],[134.1735,-32.9791],[134.1004,-32.7486],[134.2271,-32.7306],[134.2342,-32.5485],[133.9302,-32.4117],[133.7867,-32.2688],[133.5514,-32.1829],[133.2121,-32.1838],[132.7574,-31.9563],[132.2146,-32.0071],[131.7212,-31.6963],[131.3932,-31.5485],[131.1437,-31.4957],[130.783,-31.604],[130.1298,-31.5791],[129.5688,-31.6272]],[[147.7858,-43.22],[147.6479,-43.0206],[147.6873,-42.9799],[147.7739,-43.0034],[147.8,-42.9281],[147.5738,-42.8457],[147.5358,-42.878],[147.5367,-42.9965],[147.4523,-43.0334],[147.408,-42.8938],[147.2979,-42.7909],[147.3477,-42.9266],[147.325,-43.0135],[147.2598,-43.0711],[147.245,-43.2159],[147.1729,-43.2559],[146.997,-43.1563],[146.9875,-43.2188],[147.0773,-43.2759],[146.8739,-43.6125],[146.6992,-43.602],[146.5485,-43.5089],[146.0432,-43.5472],[145.9944,-43.3761],[146.2264,-43.3553],[146.208,-43.3162],[145.8732,-43.2924],[145.8027,-43.244],[145.61,-42.9982],[145.4876,-42.9267],[145.2682,-42.5443],[145.1988,-42.2309],[145.3729,-42.3385],[145.4683,-42.4929],[145.5272,-42.3882],[145.3604,-42.2275],[145.3311,-42.1471],[145.2349,-42.197],[145.2382,-42.0196],[145.0554,-41.8268],[144.7779,-41.4188],[144.6461,-40.9809],[144.7186,-40.6723],[145.043,-40.7867],[145.283,-40.7699],[145.8215,-41.0246],[146.3175,-41.1635],[146.5744,-41.1424],[146.7234,-41.078],[146.8481,-41.1681],[146.8566,-41.0583],[146.9898,-40.9924],[147.3205,-40.9564],[147.4548,-41.0017],[147.6217,-40.8447],[147.8729,-40.8726],[147.9688,-40.7796],[148.2152,-40.8549],[148.2929,-40.9471],[148.2876,-41.8157],[148.3426,-42.2153],[148.3313,-42.2616],[148.2903,-42.255],[148.2771,-42.1364],[148.1831,-42.0647],[148.2416,-42.0219],[148.2137,-41.97],[148.0228,-42.2595],[148.0094,-42.4359],[147.9244,-42.5725],[147.915,-42.8164],[147.9809,-43.157],[147.7858,-43.22]],[[158.8359,-54.704],[158.8452,-54.7492],[158.9456,-54.575],[158.9589,-54.4724],[158.897,-54.5061],[158.8359,-54.704]],[[137.0646,-15.6629],[137.0096,-15.5948],[136.9427,-15.7117],[137.0509,-15.8244],[137.0937,-15.7781],[137.0646,-15.6629]],[[136.8769,-15.5025],[136.8456,-15.544],[136.8468,-15.6273],[136.8902,-15.5889],[136.8769,-15.5025]],[[136.5226,-15.5432],[136.5143,-15.6273],[136.591,-15.6282],[136.6123,-15.5441],[136.5226,-15.5432]],[[132.5736,-11.3184],[132.6291,-11.1691],[132.5788,-10.9688],[132.4838,-11.0373],[132.5163,-11.116],[132.4938,-11.1637],[132.5736,-11.3184]],[[149.0044,-20.2215],[148.9811,-20.1535],[148.9389,-20.2837],[149.0437,-20.2915],[149.0044,-20.2215]],[[148.9679,-20.0443],[148.9316,-20.0689],[148.8869,-20.1436],[148.9563,-20.1347],[148.9679,-20.0443]],[[146.2783,-18.2312],[146.0988,-18.2518],[146.2356,-18.4508],[146.2988,-18.4848],[146.342,-18.4001],[146.2783,-18.2312]],[[142.1979,-10.592],[142.1255,-10.6685],[142.1372,-10.7319],[142.1914,-10.762],[142.2748,-10.7048],[142.1979,-10.592]],[[142.2188,-10.1494],[142.2162,-10.2356],[142.2794,-10.2542],[142.339,-10.1922],[142.2987,-10.1404],[142.2188,-10.1494]],[[142.1488,-10.0518],[142.0977,-10.1218],[142.142,-10.1813],[142.192,-10.0853],[142.1488,-10.0518]],[[139.5879,-16.3952],[139.293,-16.4673],[139.1627,-16.6259],[139.1596,-16.7417],[139.4306,-16.661],[139.5597,-16.5295],[139.6978,-16.5149],[139.5879,-16.3952]],[[139.4928,-16.9904],[139.4082,-17.0906],[139.4217,-17.1316],[139.5709,-17.0944],[139.4928,-16.9904]],[[136.8854,-14.1973],[136.787,-14.1578],[136.7453,-14.0727],[136.7882,-13.9458],[136.9056,-13.827],[136.8908,-13.7866],[136.8453,-13.751],[136.8045,-13.8425],[136.758,-13.8454],[136.7146,-13.8039],[136.702,-13.6816],[136.6557,-13.6759],[136.4247,-13.8648],[136.4277,-14.1265],[136.3354,-14.2118],[136.8943,-14.2931],[136.9508,-14.1843],[136.8854,-14.1973]],[[136.1596,-13.7367],[136.1227,-13.8166],[136.2137,-13.8359],[136.2754,-13.7911],[136.2154,-13.6647],[136.1596,-13.7367]],[[136.688,-11.1776],[136.5217,-11.3938],[136.5266,-11.4389],[136.7414,-11.1946],[136.7803,-11.0125],[136.7317,-11.0246],[136.688,-11.1776]],[[136.3387,-11.6023],[136.4705,-11.5093],[136.4793,-11.4659],[136.2674,-11.5765],[136.1803,-11.6768],[136.3387,-11.6023]],[[130.4593,-11.6793],[130.3393,-11.337],[130.2949,-11.3368],[130.1528,-11.4775],[130.1976,-11.6582],[130.1391,-11.6971],[130.0721,-11.6808],[130.0433,-11.7873],[130.0766,-11.8255],[130.3175,-11.7718],[130.5025,-11.8356],[130.6062,-11.8166],[130.5799,-11.7371],[130.4593,-11.6793]],[[131.4369,-11.3132],[131.2683,-11.1898],[131.023,-11.3344],[130.9128,-11.3093],[130.7522,-11.3844],[130.6188,-11.3761],[130.4267,-11.1831],[130.3686,-11.2149],[130.4228,-11.4458],[130.5119,-11.6179],[130.6449,-11.7424],[130.951,-11.9265],[131.2921,-11.7109],[131.3828,-11.5825],[131.4586,-11.5879],[131.4679,-11.5096],[131.5386,-11.4369],[131.4369,-11.3132]],[[125.1174,-14.492],[125.0912,-14.5917],[125.1348,-14.6417],[125.1988,-14.5795],[125.1981,-14.4748],[125.16,-14.4561],[125.1174,-14.492]],[[124.5041,-15.2925],[124.4828,-15.3403],[124.5596,-15.4302],[124.6051,-15.3565],[124.5509,-15.2703],[124.5041,-15.2925]],[[115.4346,-20.668],[115.3086,-20.8111],[115.3181,-20.8506],[115.3881,-20.866],[115.4462,-20.7878],[115.4346,-20.668]],[[113.1315,-25.8826],[112.9824,-25.5202],[112.9471,-25.5315],[112.9082,-25.5698],[112.9643,-25.7831],[113.1564,-26.0945],[113.183,-26.0531],[113.1315,-25.8826]],[[147.3125,-43.2803],[147.1631,-43.4303],[147.1047,-43.4129],[147.1538,-43.5002],[147.3089,-43.5008],[147.3561,-43.397],[147.3125,-43.2803]],[[148.0228,-42.6404],[148.0481,-42.7192],[148.1695,-42.6518],[148.0726,-42.5932],[148.0228,-42.6404]],[[147.3525,-43.0803],[147.2961,-43.1617],[147.3488,-43.2324],[147.4346,-43.2407],[147.3525,-43.0803]],[[144.7512,-40.4702],[144.7102,-40.4853],[144.748,-40.5895],[144.7908,-40.4403],[144.7512,-40.4702]],[[144.1209,-39.7853],[144.0913,-39.6381],[143.9488,-39.5837],[143.9394,-39.6581],[143.8618,-39.738],[143.8386,-39.9041],[143.8876,-39.9836],[143.8987,-40.1202],[144.1119,-40.0221],[144.141,-39.9538],[144.1061,-39.874],[144.1209,-39.7853]],[[148.3263,-40.3069],[148.1981,-40.3579],[148.0104,-40.3806],[148.1025,-40.4517],[148.3194,-40.4346],[148.3527,-40.4973],[148.404,-40.4865],[148.4742,-40.4324],[148.3263,-40.3069]],[[148.1057,-40.2621],[148.3136,-40.1735],[148.3232,-40.1444],[148.2508,-40.0995],[148.2974,-39.9857],[148.1779,-39.9385],[147.933,-39.726],[147.7672,-39.8703],[147.8763,-39.9055],[147.8905,-40.0146],[148.1057,-40.2621]],[[148.1878,-40.5926],[148.2369,-40.5151],[148.1173,-40.5215],[148.127,-40.5439],[148.1878,-40.5926]],[[138.0466,-35.7552],[137.5965,-35.7387],[137.6354,-35.6564],[137.585,-35.6202],[137.3341,-35.5925],[136.6387,-35.7488],[136.5406,-35.8901],[136.7551,-36.0331],[137.1478,-36.0391],[137.2096,-35.9824],[137.3822,-36.0209],[137.4484,-36.0748],[137.5902,-36.0271],[137.6709,-35.8979],[137.8355,-35.8678],[138.0665,-35.9006],[138.1234,-35.8523],[138.0466,-35.7552]],[[145.2953,-38.3189],[145.2803,-38.3906],[145.3358,-38.421],[145.4865,-38.3549],[145.4266,-38.3142],[145.2953,-38.3189]],[[145.2178,-38.4586],[145.1284,-38.5276],[145.2709,-38.5197],[145.3551,-38.557],[145.3145,-38.4908],[145.2178,-38.4586]],[[153.4009,-27.5057],[153.3958,-27.665],[153.4527,-27.7117],[153.5388,-27.4364],[153.4354,-27.4054],[153.4009,-27.5057]],[[153.4668,-27.0381],[153.3799,-27.0494],[153.365,-27.1389],[153.4209,-27.331],[153.4668,-27.0381]],[[153.2979,-24.9152],[153.2821,-24.7383],[153.2231,-24.7396],[153.1438,-24.8148],[153.242,-24.9226],[153.2275,-25.0058],[153.0381,-25.1932],[153.0607,-25.3022],[152.9767,-25.5514],[153.0069,-25.7289],[153.052,-25.7783],[153.3502,-25.0631],[153.3593,-24.9777],[153.2979,-24.9152]],[[151.2288,-23.5949],[151.2401,-23.5297],[151.06,-23.4605],[151.0333,-23.5302],[151.2383,-23.7758],[151.2958,-23.7203],[151.2288,-23.5949]],[[150.4847,-22.2679],[150.4885,-22.3247],[150.5488,-22.3069],[150.4885,-22.2107],[150.4847,-22.2679]],[[149.8695,-22.1504],[149.8937,-22.2232],[149.9283,-22.1931],[149.9123,-22.0487],[149.8695,-22.1504]]]}},{"type":"Feature","properties":{"name":"Indian Ocean Territories","aliases":["Indian Ocean Territories","Indian Ocean Ter.","Australian Indian Ocean Territories"],"kind":"country"},"geometry":{"type":"MultiLineString","coordinates":[[[105.6455,-10.4522],[105.5957,-10.4597],[105.5841,-10.5125],[105.6969,-10.5642],[105.7055,-10.4307],[105.6455,-10.4522]]]}},{"type":"Feature","properties":{"name":"Heard Island and McDonald Islands","aliases":["Heard Island and McDonald Islands","Heard I. and McDonald Is.","Heard I. and McDonald Islands","Territory of Heard Island and McDonald Islands"],"kind":"country"},"geometry":{"type":"MultiLineString","coordinates":[[[73.5857,-53.0271],[73.3053,-52.9663],[73.2512,-52.9758],[73.4651,-53.1842],[73.8378,-53.1128],[73.5857,-53.0271]]]}},{"type":"Feature","properties":{"name":"Argentina","aliases":["Argentina","Argentine Republic"],"kind":"country"},"geometry":{"type":"MultiLineString","coordinates":[[[-65.7471,-54.6534],[-66.2356,-54.5335],[-67.2942,-54.0498],[-68.0085,-53.5641],[-68.1611,-53.3064],[-68.4885,-53.2609],[-68.5208,-53.1772],[-68.4312,-53.0553],[-68.333,-53.0196],[-68.2401,-53.0818],[-68.3388,-52.9001],[-68.6307,-52.6521]],[[-68.6542,-54.8536],[-68.2201,-54.8176],[-67.1271,-54.9038],[-66.5111,-55.0321],[-65.9538,-54.9193],[-65.4711,-54.9146],[-65.346,-54.8779],[-65.179,-54.6781],[-65.3693,-54.6321],[-65.7471,-54.6534]],[[-64.0549,-54.7299],[-64.5492,-54.7162],[-64.7573,-54.8266],[-64.6374,-54.9025],[-64.3229,-54.7965],[-63.9712,-54.8106],[-63.8326,-54.768],[-63.8154,-54.7251],[-64.0549,-54.7299]],[[-61.9667,-39.1122],[-62.093,-39.0862],[-62.0416,-39.1669],[-61.866,-39.2349],[-61.8758,-39.1719],[-61.9667,-39.1122]],[[-68.4444,-52.3565],[-68.3937,-52.307],[-68.9653,-51.6771],[-69.0325,-51.6362],[-69.1801,-51.6623],[-69.4654,-51.5845],[-69.0583,-51.5472],[-69.0296,-51.4465],[-69.0657,-51.3035],[-69.201,-50.9937],[-69.3586,-51.0281],[-69.155,-50.8645],[-69.0902,-50.5831],[-68.9395,-50.3823],[-68.4219,-50.1579],[-68.5979,-50.0095],[-68.9796,-50.003],[-68.6616,-49.9357],[-68.6385,-49.863],[-68.6676,-49.7525],[-68.4879,-49.9779],[-68.2572,-50.1046],[-67.914,-49.9845],[-67.7835,-49.8589],[-67.662,-49.3422],[-67.6849,-49.2467],[-67.4663,-48.9518],[-67.0331,-48.6277],[-66.3934,-48.3424],[-65.9122,-47.9768],[-65.8101,-47.9411],[-65.8637,-47.8532],[-65.9342,-47.8268],[-66.1724,-47.8576],[-66.2252,-47.8268],[-65.8863,-47.7016],[-65.7754,-47.5684],[-65.7381,-47.3449],[-65.8537,-47.1567],[-65.9985,-47.0938],[-66.6504,-47.0453],[-66.7769,-47.0059],[-67.5064,-46.4428],[-67.5861,-46.2695],[-67.5996,-46.0525],[-67.2576,-45.5772],[-66.9414,-45.2573],[-66.5851,-45.1829],[-66.1901,-44.9647],[-65.6388,-45.0078],[-65.5991,-44.8756],[-65.6983,-44.7962],[-65.6476,-44.6614],[-65.3613,-44.4773],[-65.2655,-44.2797],[-65.3084,-44.1582],[-65.2386,-44.0487],[-65.3047,-43.7875],[-65.2523,-43.5719],[-64.8399,-43.1889],[-64.4322,-43.0592],[-64.3191,-42.9689],[-64.6292,-42.909],[-65.0269,-42.7589],[-64.9707,-42.6663],[-64.812,-42.6332],[-64.6505,-42.5314],[-64.4878,-42.5135],[-64.3243,-42.5723],[-64.1307,-42.8614],[-64.0348,-42.8813],[-63.6925,-42.8053],[-63.6173,-42.6958],[-63.5959,-42.4065],[-63.6299,-42.2827],[-63.6848,-42.1887],[-63.7956,-42.1139],[-64.2285,-42.2183],[-64.2529,-42.2508],[-64.0612,-42.2661],[-64.1009,-42.3951],[-64.4204,-42.4338],[-64.571,-42.416],[-64.5741,-42.356],[-64.5117,-42.2702],[-64.5377,-42.2546],[-64.6225,-42.261],[-64.9864,-42.1021],[-65.0591,-41.9699],[-65.007,-41.7451],[-65.0183,-41.5669],[-65.155,-41.1057],[-65.1334,-40.8807],[-65.0694,-40.8053],[-64.8695,-40.7358],[-64.8044,-40.7565],[-64.853,-40.8138],[-64.3834,-40.9225],[-63.773,-41.15],[-63.6218,-41.1598],[-62.959,-41.1097],[-62.395,-40.8908],[-62.3019,-40.8146],[-62.2463,-40.6746],[-62.3936,-40.4588],[-62.427,-40.356],[-62.4019,-40.1966],[-62.2869,-39.8953],[-62.1315,-39.8254],[-62.0768,-39.4615],[-62.1793,-39.3805],[-62.0537,-39.3738],[-62.2951,-39.2433],[-62.3381,-39.1506],[-62.3036,-38.9881],[-62.3745,-38.8529],[-62.3348,-38.8001],[-62.1893,-38.8133],[-62.0669,-38.9191],[-61.8479,-38.9618],[-61.6025,-38.9988],[-61.1122,-38.993],[-59.8283,-38.8382],[-59.0072,-38.6733],[-58.1792,-38.4358],[-57.6456,-38.1696],[-57.547,-38.0856],[-57.5073,-37.9093],[-57.3958,-37.7446],[-57.0877,-37.4464],[-56.672,-36.8513],[-56.6981,-36.4265],[-56.7495,-36.3465],[-56.9372,-36.3525],[-57.0762,-36.2968],[-57.265,-36.1441],[-57.3354,-36.0268],[-57.3755,-35.9003],[-57.3539,-35.7203],[-57.1589,-35.506],[-57.1707,-35.3625],[-57.3037,-35.1885],[-57.5479,-35.0189],[-58.2833,-34.6835],[-58.4662,-34.4574],[-58.5255,-34.2962],[-58.3925,-34.193],[-58.5472,-33.6635],[-58.4245,-33.1115],[-58.376,-33.0719],[-58.2504,-33.0783],[-58.171,-32.9593],[-58.2005,-32.4733]]]}},{"type":"Feature","properties":{"name":"Antigua and Barbuda","aliases":["Antigua and Barbuda","Antigua and Barb."],"kind":"country"},"geometry":{"type":"MultiLineString","coordinates":[[[-61.762,17.5487],[-61.7496,17.6613],[-61.8524,17.7141],[-61.8438,17.5961],[-61.762,17.5487]],[[-61.8597,17.0133],[-61.7481,16.9972],[-61.686,17.0984],[-61.8173,17.1689],[-61.8871,17.0981],[-61.8597,17.0133]]]}},{"type":"Feature","properties":{"name":"Angola","aliases":["Angola","People's Republic of Angola"],"kind":"country"},"geometry":{"type":"MultiLineString","coordinates":[[[12.0178,-5.0035],[12.1771,-5.3248],[12.2065,-5.4683],[12.1555,-5.6327],[12.2142,-5.7596]],[[13.0671,-5.8644],[12.7906,-6.0039],[12.3025,-6.0926],[12.2833,-6.1243],[12.5213,-6.5903],[12.8234,-6.9548],[12.8623,-7.2318],[13.3785,-8.3697],[13.359,-8.6872],[13.0538,-9.0068],[13.0928,-8.8997],[13.0468,-8.9223],[12.9985,-9.048],[13.1557,-9.3896],[13.2094,-9.7032],[13.3322,-9.9989],[13.4954,-10.2571],[13.5395,-10.4207],[13.7214,-10.6336],[13.739,-10.7571],[13.8336,-10.9297],[13.7854,-11.8128],[13.5979,-12.2861],[13.417,-12.5204],[12.9832,-12.7757],[12.8977,-13.0277],[12.5505,-13.4378],[12.5037,-13.7555],[12.3789,-14.0391],[12.2805,-14.6375],[12.0161,-15.5137],[11.8999,-15.7198],[11.7509,-15.8319],[11.797,-15.9864],[11.8189,-16.7041],[11.743,-17.2502]]]}},{"type":"Feature","properties":{"name":"Algeria","aliases":["Algeria","People's Democratic Republic of Algeria"],"kind":"country"},"geometry":{"type":"MultiLineString","coordinates":[[[8.5775,36.9374],[8.1271,36.9104],[7.9104,36.8563],[7.4324,37.0593],[7.2043,37.0924],[7.2385,36.9685],[6.9275,36.9194],[6.5759,37.003],[6.4865,37.0857],[6.3278,37.046],[6.2491,36.9383],[6.0647,36.8643],[5.7255,36.7996],[5.2954,36.6482],[4.7581,36.8963],[3.779,36.8962],[3.5205,36.7951],[2.9729,36.7845],[2.5934,36.6007],[1.2572,36.5196],[0.9717,36.4439],[0.3122,36.1624],[0.1517,36.0631],[0.0479,35.9005],[-0.0482,35.8328],[-0.4261,35.8615],[-1.0877,35.5789],[-1.3358,35.3643],[-1.6736,35.1831],[-1.9133,35.0942],[-2.2206,35.1043]]]}},{"type":"Feature","properties":{"name":"Albania","aliases":["Albania","Republic of Albania"],"kind":"country"},"geometry":{"type":"MultiLineString","coordinates":[[[19.3414,41.8696],[19.4683,41.8562],[19.5775,41.7875],[19.5757,41.6404],[19.4974,41.5627],[19.4406,41.4248],[19.4801,41.2364],[19.4612,40.9333],[19.3375,40.6638],[19.4592,40.4054],[19.4405,40.3757],[19.3223,40.4071],[19.4846,40.21],[19.8519,40.0436],[19.9648,39.8723],[20.0026,39.7085]]]}},{"type":"Feature","properties":{"name":"Antarctica","aliases":["Antarctica"],"kind":"country"},"geometry":{"type":"MultiLineString","coordinates":[[[-120.7222,-73.752],[-123.0125,-73.6729],[-123.2491,-73.7387],[-123.3462,-73.8431],[-122.9916,-73.8441],[-122.6247,-73.9655],[-122.8808,-74.099],[-122.8752,-74.1412],[-122.7647,-74.2187],[-122.9561,-74.2403],[-122.9384,-74.3021],[-122.8591,-74.3427],[-122.2866,-74.4031],[-121.0024,-74.3264],[-121.0541,-74.26],[-120.9895,-74.157],[-120.2725,-73.9892],[-120.3781,-73.8559],[-120.5563,-73.7561],[-120.7222,-73.752]],[[-127.2329,-73.5855],[-127.2116,-73.7244],[-127.0064,-73.7258],[-126.8382,-73.6573],[-126.5827,-73.6699],[-126.4961,-73.7002],[-126.4717,-73.8121],[-126.2441,-73.8909],[-125.4208,-74.0699],[-125.0896,-74.1824],[-123.9374,-74.2562],[-123.8367,-74.2257],[-123.8004,-74.0763],[-124.1293,-73.9711],[-124.1518,-73.9442],[-124.042,-73.8804],[-124.1285,-73.834],[-124.54,-73.7397],[-124.9934,-73.8298],[-125.7986,-73.802],[-125.857,-73.7802],[-125.8284,-73.7184],[-125.264,-73.6664],[-125.5613,-73.5364],[-125.6268,-73.4532],[-126.0653,-73.3148],[-126.5969,-73.2789],[-127.2676,-73.304],[-127.3943,-73.3822],[-127.4291,-73.4469],[-127.4144,-73.5163],[-127.2329,-73.5855]],[[-66.7852,-79.608],[-66.9789,-79.5687],[-67.8087,-79.5459],[-67.7191,-79.6202],[-66.9937,-79.7934],[-66.9042,-79.9089],[-66.4104,-79.9733],[-66.3195,-80.0751],[-65.9894,-80.054],[-65.5044,-79.9543],[-65.5792,-79.7708],[-65.8703,-79.7377],[-66.0142,-79.6244],[-66.7852,-79.608]],[[-57.2947,-64.367],[-57.414,-64.2959],[-57.2223,-64.2214],[-57.2728,-64.1662],[-57.2495,-64.0971],[-57.5171,-64.0106],[-57.4797,-63.9616],[-57.5929,-63.9671],[-57.7737,-64.0615],[-57.846,-64.0539],[-57.827,-63.9492],[-57.7807,-63.9068],[-57.8313,-63.8038],[-58.2748,-63.9162],[-58.4381,-64.1135],[-58.1471,-64.0974],[-58.1377,-64.2062],[-58.02,-64.242],[-58.3044,-64.3146],[-58.2141,-64.3697],[-57.9711,-64.3204],[-57.9207,-64.3312],[-57.9522,-64.394],[-57.9098,-64.4101],[-57.8229,-64.3021],[-57.7033,-64.2933],[-57.6708,-64.3109],[-57.6832,-64.3572],[-57.2947,-64.367]],[[-63.1305,-64.5724],[-63.277,-64.5733],[-63.1806,-64.4695],[-63.2707,-64.3807],[-63.2296,-64.3236],[-63.3336,-64.2662],[-63.4856,-64.2605],[-63.6831,-64.3428],[-63.6744,-64.4214],[-63.9162,-64.4572],[-63.8671,-64.5098],[-64.1711,-64.5819],[-64.2721,-64.6976],[-63.8044,-64.7915],[-63.7395,-64.8343],[-63.5584,-64.7342],[-63.2754,-64.7174],[-62.8365,-64.5719],[-62.9282,-64.5193],[-63.1305,-64.5724]],[[-74.205,-70.9241],[-73.6945,-70.7943],[-73.5503,-70.7234],[-73.9578,-70.5609],[-74.1126,-70.5768],[-74.1146,-70.6554],[-74.401,-70.5759],[-74.4562,-70.5867],[-74.4687,-70.7267],[-74.5897,-70.792],[-74.7905,-70.631],[-74.9536,-70.5902],[-75.127,-70.7518],[-76.2489,-70.8638],[-76.5002,-70.9414],[-76.5115,-70.9908],[-76.364,-71.1168],[-76.1763,-71.1324],[-74.205,-70.9241]],[[-74.8488,-70.1793],[-74.6718,-70.1317],[-74.5784,-69.998],[-74.438,-69.9496],[-74.5497,-69.8609],[-74.8102,-69.7524],[-74.9871,-69.7278],[-75.2646,-69.7493],[-75.3399,-69.8402],[-75.6813,-69.8816],[-75.8129,-69.984],[-75.8042,-70.0382],[-75.7268,-70.0961],[-74.8488,-70.1793]],[[-99.7349,-72.033],[-99.8332,-72.0461],[-100.0846,-71.8369],[-100.2187,-71.8329],[-102.1281,-71.9854],[-102.2883,-72.0321],[-102.3136,-72.0811],[-102.2648,-72.1353],[-102.0221,-72.185],[-101.602,-72.1757],[-100.1952,-72.2727],[-99.1488,-72.472],[-98.6407,-72.4897],[-98.4078,-72.5477],[-98.1634,-72.5561],[-97.2503,-72.5209],[-97.0276,-72.5738],[-96.6927,-72.5477],[-96.0518,-72.5772],[-96.0143,-72.5247],[-96.0782,-72.4538],[-95.5754,-72.41],[-95.5311,-72.2487],[-95.6095,-72.175],[-95.6094,-72.0685],[-95.6854,-72.0566],[-96.7176,-72.2555],[-96.9789,-72.2219],[-96.2982,-72.0451],[-96.125,-71.8955],[-96.3833,-71.8363],[-96.8694,-71.851],[-97.0887,-71.944],[-97.1955,-72.091],[-97.3452,-72.1891],[-97.4603,-72.1883],[-97.582,-72.0951],[-97.4735,-72.0003],[-97.5848,-71.8826],[-97.816,-71.9188],[-97.9231,-72.1166],[-98.168,-72.123],[-98.1759,-72.0185],[-98.0911,-71.9125],[-98.1892,-71.82],[-98.6154,-71.7638],[-98.9646,-71.8543],[-99.0821,-71.9325],[-99.2541,-71.9722],[-99.5631,-71.9449],[-99.7349,-72.033]],[[-75.3769,-72.8204],[-75.7311,-72.8793],[-75.6003,-72.9526],[-75.2438,-73.0094],[-75.2762,-73.0504],[-75.4172,-73.0516],[-75.5059,-73.1089],[-75.8977,-73.0563],[-76.0624,-73.1088],[-76.0904,-73.2028],[-75.9008,-73.3326],[-74.5747,-73.6113],[-74.4521,-73.5654],[-74.3661,-73.4643],[-74.6677,-73.2753],[-74.4989,-73.2292],[-74.2239,-72.9971],[-74.2758,-72.9513],[-74.4739,-72.8937],[-75.3769,-72.8204]],[[-68.9014,-67.7442],[-68.5804,-67.7328],[-68.4394,-67.6562],[-68.3813,-67.5554],[-68.1751,-67.5582],[-67.9885,-67.4744],[-67.9695,-67.4503],[-68.007,-67.418],[-68.2351,-67.372],[-67.6878,-67.1474],[-67.9684,-67.0322],[-67.9324,-66.8445],[-67.6812,-66.709],[-67.7111,-66.633],[-67.8305,-66.6243],[-68.3359,-66.8021],[-68.8199,-67.2336],[-69.0824,-67.4031],[-69.1327,-67.4526],[-69.1204,-67.5779],[-68.9014,-67.7442]],[[-160.2496,-79.2715],[-162.1607,-78.7935],[-163.1241,-78.7191],[-163.2561,-78.7221],[-163.8146,-78.9288],[-164.1255,-78.9953],[-164.1995,-79.0508],[-164.2816,-79.2455],[-164.2258,-79.3208],[-163.7124,-79.442],[-161.8655,-79.7035],[-160.8067,-79.812],[-160.3021,-79.8445],[-159.0096,-79.7805],[-158.9966,-79.7352],[-159.0514,-79.6945],[-159.4188,-79.5081],[-159.6841,-79.4024],[-160.2496,-79.2715]],[[-66.7281,-78.3837],[-67.0381,-78.3157],[-67.4785,-78.3625],[-70.6259,-78.9016],[-71.454,-79.1289],[-71.6675,-79.2457],[-71.7835,-79.4443],[-71.7777,-79.5006],[-71.5258,-79.6236],[-70.9837,-79.6744],[-70.3341,-79.6799],[-69.7317,-79.6184],[-69.6345,-79.5176],[-69.6865,-79.4434],[-69.2509,-79.2104],[-67.481,-78.6824],[-66.7281,-78.3837]],[[-43.9472,-78.5976],[-43.7883,-78.4326],[-43.7846,-78.3363],[-43.8545,-78.2585],[-44.094,-78.1673],[-44.852,-77.9884],[-45.9932,-77.8269],[-46.8257,-77.7853],[-47.4635,-77.819],[-49.0812,-78.0475],[-49.3541,-78.2225],[-50.2196,-78.6053],[-50.3774,-78.7805],[-50.2419,-78.8333],[-50.3798,-78.9229],[-50.5025,-78.9499],[-50.5203,-79.1044],[-50.7331,-79.2827],[-50.3787,-79.3382],[-50.2949,-79.4297],[-50.4016,-79.5117],[-51.1838,-79.8197],[-52.2972,-80.1412],[-52.3571,-80.0778],[-52.461,-80.0666],[-52.8072,-80.156],[-53.0535,-80.175],[-53.3939,-80.1088],[-54.0449,-80.4875],[-54.3472,-80.5694],[-54.3508,-80.7604],[-54.1625,-80.8701],[-49.773,-80.7842],[-49.6297,-80.7123],[-49.1875,-80.6428],[-43.5279,-80.1914],[-43.4538,-80.1551],[-43.49,-80.0955],[-43.7582,-80.0205],[-43.6003,-79.9739],[-43.2673,-79.9786],[-43.0659,-79.8914],[-42.99,-79.8013],[-42.9447,-79.5791],[-42.9654,-79.4771],[-43.2105,-79.3],[-43.2672,-79.1631],[-43.5443,-78.902],[-43.7221,-78.8185],[-45.3523,-78.7912],[-45.2131,-78.687],[-45.0678,-78.6614],[-43.9472,-78.5976]],[[-59.4981,-80.115],[-59.7878,-80.101],[-59.7856,-80.0011],[-59.7063,-79.8753],[-59.8733,-79.777],[-60.5788,-79.741],[-61.3431,-79.8868],[-61.3462,-79.9506],[-61.2462,-79.9783],[-61.3023,-79.9958],[-61.6842,-80.0197],[-61.7168,-80.0693],[-61.6943,-80.1344],[-61.5975,-80.2059],[-61.194,-80.2566],[-61.3128,-80.3065],[-61.6333,-80.3441],[-65.9801,-80.3845],[-66.1676,-80.3462],[-66.2174,-80.2582],[-66.377,-80.2223],[-66.7711,-80.2938],[-66.1837,-80.442],[-64.2683,-80.7485],[-64.065,-80.6504],[-63.144,-80.5948],[-62.9404,-80.7658],[-62.6705,-80.8343],[-60.5828,-80.9481],[-59.8255,-80.7333],[-59.7713,-80.6565],[-59.7339,-80.3441],[-59.5301,-80.208],[-59.3217,-80.1962],[-59.4981,-80.115]],[[-70.5435,-72.6645],[-69.2093,-72.5342],[-69.1493,-72.4266],[-68.5426,-72.1576],[-68.241,-71.8222],[-68.2278,-71.7252],[-68.314,-70.9117],[-68.336,-70.8561],[-68.4508,-70.8179],[-68.4595,-70.6829],[-69.0913,-70.0903],[-69.4169,-69.5832],[-69.7076,-69.3209],[-69.9133,-69.2673],[-70.0793,-69.3109],[-70.0527,-69.1396],[-70.1055,-68.9594],[-70.417,-68.789],[-71.869,-68.941],[-72.0579,-69.001],[-72.1379,-69.1146],[-72.1352,-69.1766],[-72.0807,-69.2672],[-71.7429,-69.4228],[-71.7182,-69.524],[-71.8792,-69.909],[-71.8536,-69.9693],[-71.7285,-70.0537],[-71.1205,-70.1965],[-70.7195,-70.1395],[-70.3276,-70.1597],[-69.6184,-70.398],[-70.3281,-70.3612],[-71.0611,-70.5371],[-71.19,-70.6596],[-71.1727,-70.713],[-70.9169,-70.7858],[-69.993,-70.8971],[-69.8758,-70.876],[-69.8225,-70.9734],[-69.8698,-71.1257],[-70.3807,-70.9464],[-70.7411,-70.9926],[-71.194,-70.9848],[-71.5045,-71.1115],[-71.7185,-71.1451],[-72.7104,-71.0729],[-73.0604,-71.127],[-72.9055,-71.2231],[-72.2117,-71.3351],[-72.6216,-71.3884],[-73.3974,-71.3212],[-73.6045,-71.3508],[-73.5922,-71.448],[-73.3802,-71.5279],[-73.479,-71.5787],[-74.041,-71.4104],[-74.2361,-71.3884],[-74.4254,-71.4569],[-74.3918,-71.6382],[-74.6364,-71.6175],[-74.8631,-71.5434],[-75.0997,-71.5554],[-75.3354,-71.6452],[-75.3308,-71.7523],[-75.3827,-71.8279],[-75.3531,-71.8784],[-74.7858,-72.0636],[-74.4293,-72.0556],[-74.153,-72.1588],[-73.9956,-72.1698],[-73.5371,-72.0224],[-73.8299,-71.8702],[-73.776,-71.8489],[-73.41,-71.8531],[-72.9276,-71.9217],[-72.4122,-71.6623],[-72.2591,-71.6412],[-71.8162,-71.8219],[-70.821,-71.9065],[-70.8911,-71.9874],[-71.0344,-72.0346],[-71.8976,-72.1208],[-71.8922,-72.1528],[-71.6615,-72.2498],[-71.4125,-72.2845],[-70.5332,-72.1634],[-70.206,-72.2277],[-70.4277,-72.3226],[-70.8726,-72.3664],[-71.6053,-72.359],[-72.7375,-72.2806],[-73.0864,-72.4078],[-73.0574,-72.4476],[-72.8876,-72.5467],[-72.5308,-72.5896],[-72.3675,-72.6697],[-70.9229,-72.6131],[-70.5435,-72.6645]],[[163.7417,-74.7115],[163.7634,-74.8028],[163.976,-74.8327],[164.2085,-74.6077],[163.7417,-74.7115]],[[164.684,-67.2594],[164.6963,-67.4078],[164.639,-67.5001],[164.6921,-67.5601],[164.8336,-67.5404],[164.9072,-67.4186],[164.825,-67.3261],[164.684,-67.2594]],[[167.5938,-78.0223],[167.4224,-78.0064],[167.1379,-78.13],[166.8637,-78.1964],[166.1111,-78.0896],[166.0129,-78.102],[166.0125,-78.1312],[166.1219,-78.2746],[166.2849,-78.3064],[166.9362,-78.2225],[167.377,-78.249],[167.6428,-78.1414],[167.5938,-78.0223]],[[163.2711,-66.7676],[163.2379,-66.7088],[163.0896,-66.7006],[163.1639,-66.8191],[163.2836,-66.8819],[163.2711,-66.7676]],[[168.4508,-77.3861],[167.4609,-77.3943],[167.0841,-77.3217],[167.1068,-77.2706],[166.9873,-77.1865],[166.7164,-77.1617],[166.5063,-77.1894],[166.4131,-77.252],[166.6071,-77.3355],[166.6264,-77.3768],[166.3784,-77.494],[166.2168,-77.5246],[166.729,-77.851],[167.3923,-77.6486],[168.5188,-77.6813],[169.3527,-77.5247],[169.2756,-77.4547],[168.4508,-77.3861]],[[169.8865,-73.4587],[169.7832,-73.3242],[169.74,-73.3204],[169.4795,-73.5395],[169.7092,-73.6253],[169.8437,-73.605],[169.9604,-73.5144],[169.8865,-73.4587]],[[162.72,-75.5967],[162.5912,-75.6686],[162.7883,-75.6962],[162.9681,-75.5671],[162.72,-75.5967]],[[100.4094,-65.4656],[100.2703,-65.6033],[100.2926,-65.6513],[100.5469,-65.7013],[100.9814,-65.6775],[101.259,-65.5276],[101.0787,-65.4025],[100.8834,-65.3781],[100.6069,-65.3964],[100.4094,-65.4656]],[[85.3403,-66.7233],[85.3145,-66.776],[85.3588,-66.8543],[85.6501,-66.9797],[85.9377,-66.8941],[85.8063,-66.7746],[85.3403,-66.7233]],[[92.3015,-65.7067],[92.2481,-65.7399],[92.333,-65.8072],[92.4705,-65.8217],[92.6696,-65.7748],[92.6338,-65.7307],[92.4964,-65.7021],[92.3015,-65.7067]],[[86.3833,-66.6748],[86.2322,-66.7329],[86.4267,-66.792],[86.652,-66.7182],[86.3833,-66.6748]],[[85.1647,-66.5216],[85.1211,-66.5186],[85.0796,-66.6043],[85.2225,-66.6435],[85.3285,-66.6119],[85.1647,-66.5216]],[[69.7961,-71.8939],[69.6926,-71.9683],[69.7436,-72.0441],[69.792,-72.0467],[69.9184,-71.9178],[69.7961,-71.8939]],[[68.6671,-72.1031],[68.4361,-72.2604],[68.4089,-72.3002],[68.8172,-72.2287],[68.8404,-72.1654],[68.7293,-72.0892],[68.6671,-72.1031]],[[96.7273,-66.0608],[96.4998,-66.0459],[96.3988,-66.0802],[96.307,-66.1858],[96.3945,-66.225],[96.934,-66.2008],[97.0156,-66.164],[97.0056,-66.0968],[96.9316,-66.0584],[96.7273,-66.0608]],[[72.0734,-70.5245],[71.88,-70.4056],[71.7966,-70.2643],[71.6466,-70.3363],[71.6594,-70.4975],[71.8412,-70.622],[72.0781,-70.6091],[72.0734,-70.5245]],[[162.3105,-66.2513],[162.3027,-66.3997],[162.5113,-66.5201],[162.6114,-66.4773],[162.3105,-66.2513]],[[100.1744,-66.1311],[100.082,-66.2027],[100.2647,-66.2166],[100.2905,-66.1124],[100.1744,-66.1311]],[[98.6551,-66.4533],[98.7518,-66.4816],[98.9498,-66.4205],[98.7486,-66.3692],[98.5965,-66.3826],[98.6551,-66.4533]],[[103.1861,-65.3306],[103.1908,-65.2371],[103.1368,-65.1906],[102.8929,-65.1297],[102.7596,-65.1679],[102.7888,-65.2359],[103.1128,-65.312],[103.1385,-65.4351],[103.176,-65.4547],[103.3973,-65.4453],[103.1861,-65.3306]],[[-147.5789,-76.6628],[-147.7697,-76.5769],[-148.0011,-76.5771],[-147.7296,-76.6534],[-147.5789,-76.6628]],[[-145.7608,-75.5139],[-145.8955,-75.5048],[-146.1508,-75.5735],[-145.5412,-75.6927],[-145.2381,-75.7112],[-145.4174,-75.588],[-145.7608,-75.5139]],[[-146.8665,-76.8371],[-147.0867,-76.8373],[-147.1156,-76.8662],[-147.0441,-76.9297],[-147.0789,-76.9928],[-146.164,-76.9485],[-146.2444,-76.8831],[-146.8665,-76.8371]],[[-132.8317,-74.4216],[-132.8572,-74.4617],[-132.5463,-74.4984],[-132.3623,-74.41],[-132.5525,-74.3866],[-132.8317,-74.4216]],[[-149.2381,-76.9002],[-149.3025,-76.9158],[-149.2448,-76.9931],[-149.0146,-77.0191],[-148.4397,-76.9771],[-149.2381,-76.9002]],[[-148.3709,-76.7949],[-148.3208,-76.7717],[-148.6626,-76.7205],[-149.3333,-76.7174],[-149.4689,-76.7571],[-148.9839,-76.8453],[-148.3709,-76.7949]],[[-131.2339,-74.4136],[-131.7627,-74.3238],[-132.1626,-74.4258],[-131.8409,-74.5426],[-131.1789,-74.6048],[-130.9673,-74.515],[-130.9811,-74.4141],[-131.2339,-74.4136]],[[-119.5489,-74.1103],[-119.0586,-73.9977],[-118.8773,-73.878],[-118.9593,-73.8095],[-119.2162,-73.7776],[-119.8026,-73.8146],[-119.6616,-73.9894],[-119.9051,-74.0815],[-119.821,-74.1196],[-119.5489,-74.1103]],[[-116.3813,-73.8655],[-117.3765,-74.0828],[-117.3983,-74.1225],[-117.2303,-74.1928],[-116.7386,-74.165],[-116.5141,-74.0955],[-116.6086,-74.0686],[-116.5846,-74.0556],[-116.155,-73.9104],[-116.3813,-73.8655]],[[-127.4864,-74.4053],[-127.853,-74.3318],[-128.1334,-74.3274],[-128.0962,-74.4662],[-127.5177,-74.6405],[-127.2319,-74.5784],[-127.1452,-74.4802],[-127.2297,-74.4252],[-127.4864,-74.4053]],[[-149.2181,-77.3363],[-149.3754,-77.28],[-149.6624,-77.301],[-149.4387,-77.3706],[-148.9289,-77.3868],[-149.2181,-77.3363]],[[-162.7985,-82.8648],[-163.7959,-82.8427],[-163.6343,-82.9022],[-163.5521,-82.9877],[-163.0465,-83.0968],[-162.3049,-83.1418],[-161.9938,-83.1188],[-161.8282,-83.0426],[-161.6352,-83.027],[-162.7985,-82.8648]],[[-150.0848,-76.7352],[-150.1774,-76.6913],[-150.8735,-76.7367],[-150.6552,-76.789],[-150.2325,-76.7765],[-150.0848,-76.7352]],[[-147.1509,-76.1975],[-146.8945,-76.2609],[-146.6901,-76.2464],[-146.949,-76.0981],[-147.4181,-76.0734],[-147.3454,-76.1467],[-147.1509,-76.1975]],[[-146.9475,-76.555],[-147.2786,-76.5525],[-147.3553,-76.6188],[-146.9078,-76.7141],[-146.79,-76.6331],[-146.9475,-76.555]],[[-160.4671,-81.5895],[-160.6169,-81.5221],[-160.9379,-81.4635],[-162.4565,-81.3133],[-163.2006,-81.2814],[-163.869,-81.324],[-163.9512,-81.3909],[-163.7661,-81.4448],[-163.2531,-81.4824],[-160.4671,-81.5895]],[[-151.0215,-77.22],[-151.5116,-77.2733],[-150.4749,-77.3737],[-150.3562,-77.349],[-151.0215,-77.22]],[[-153.9305,-80.0333],[-154.0254,-79.9877],[-155.6743,-79.7655],[-155.7512,-79.8296],[-155.0448,-79.8998],[-154.9417,-79.9663],[-153.9305,-80.0333]],[[-149.2935,-77.1366],[-149.2307,-77.1205],[-149.4164,-77.0789],[-149.5058,-77.0017],[-149.8706,-76.875],[-150.3933,-76.8987],[-150.7885,-76.9816],[-150.4618,-77.0757],[-149.2935,-77.1366]],[[-158.2608,-81.9473],[-158.3467,-81.9005],[-158.9887,-81.7793],[-158.0762,-82.112],[-157.8346,-82.0308],[-158.2608,-81.9473]],[[-6.0683,-70.4047],[-6.2437,-70.4457],[-6.438,-70.4526],[-6.1561,-70.6115],[-5.8941,-70.5522],[-5.9495,-70.4322],[-6.0683,-70.4047]],[[3.0722,-70.3816],[2.6314,-70.5004],[2.5847,-70.5346],[2.6978,-70.6235],[3.0369,-70.5974],[3.2213,-70.5191],[3.2599,-70.4488],[3.2306,-70.4026],[3.0722,-70.3816]],[[-3.399,-71.0621],[-3.4039,-71.1198],[-3.3094,-71.2009],[-3.0606,-71.2366],[-2.955,-71.2138],[-3.263,-71.0518],[-3.399,-71.0621]],[[1.3148,-70.0228],[1.0268,-70.0498],[0.9496,-70.094],[0.9525,-70.1689],[1.1563,-70.3781],[1.2115,-70.3813],[1.2993,-70.2552],[1.4609,-70.1356],[1.4122,-70.0407],[1.3148,-70.0228]],[[-2.5328,-70.7678],[-2.7498,-70.6941],[-3.04,-70.6744],[-3.5747,-70.7031],[-3.007,-70.8515],[-2.9631,-70.9403],[-2.8005,-70.9822],[-2.8251,-71.1127],[-2.7835,-71.1675],[-2.6067,-71.1411],[-2.3689,-71.0444],[-2.0923,-70.8209],[-2.5328,-70.7678]],[[4.1296,-70.417],[4.3652,-70.5026],[4.5259,-70.4787],[4.6176,-70.3687],[4.5862,-70.2942],[4.495,-70.2514],[4.2561,-70.2408],[4.0697,-70.2902],[4.1296,-70.417]],[[48.6378,-66.701],[48.3577,-66.7038],[48.3008,-66.7242],[48.296,-66.7738],[48.3779,-66.8073],[48.7855,-66.7676],[48.7824,-66.7312],[48.6378,-66.701]],[[15.9096,-69.7284],[15.699,-69.7732],[15.5969,-69.828],[15.571,-69.8848],[15.6635,-69.9551],[16.1593,-70.072],[16.3154,-69.8444],[16.6255,-69.7503],[16.2469,-69.705],[15.9096,-69.7284]],[[26.6862,-70.1145],[26.6048,-70.0782],[26.3011,-70.0725],[25.9825,-70.1999],[25.9541,-70.2614],[26.0054,-70.3729],[26.4702,-70.4479],[26.793,-70.4193],[26.8748,-70.33],[26.6862,-70.1145]],[[-30.9851,-79.8185],[-31.6804,-79.6343],[-32.0003,-79.7324],[-31.8241,-79.8495],[-30.4221,-80.0108],[-30.029,-79.9361],[-29.6145,-79.9096],[-29.8709,-79.8232],[-30.6602,-79.7331],[-30.7799,-79.6474],[-30.8615,-79.7259],[-30.8408,-79.7713],[-30.9851,-79.8185]],[[-33.9947,-79.2785],[-35.5347,-79.09],[-36.048,-79.1812],[-36.566,-79.2088],[-36.6008,-79.2827],[-34.05,-79.3571],[-33.9342,-79.3204],[-33.9947,-79.2785]],[[-2.738,-70.507],[-2.6827,-70.4622],[-2.7135,-70.3202],[-2.9499,-70.2797],[-3.2875,-70.344],[-3.4968,-70.4884],[-3.4419,-70.5354],[-2.738,-70.507]],[[-20.6003,-74.1969],[-20.6542,-74.105],[-20.6074,-73.8866],[-20.5207,-73.7979],[-20.5207,-73.7118],[-20.5802,-73.6192],[-20.867,-73.6767],[-21.0245,-73.8801],[-21.1264,-73.9398],[-21.2883,-73.9894],[-21.9304,-74.0566],[-22.0354,-74.1065],[-21.6099,-74.0918],[-21.1666,-74.1326],[-20.9768,-74.2251],[-20.8177,-74.4548],[-20.489,-74.4927],[-20.4167,-74.4434],[-20.4233,-74.3174],[-20.6003,-74.1969]],[[-16.3029,-72.478],[-16.4554,-72.4735],[-16.5166,-72.5309],[-16.5098,-72.5822],[-16.453,-72.6523],[-16.3176,-72.7021],[-16.1045,-72.6791],[-16.3029,-72.478]],[[-12.7889,-72.0065],[-12.8755,-72.0007],[-12.9633,-72.0645],[-12.8884,-72.1371],[-12.7202,-72.1877],[-12.5089,-72.1733],[-12.7889,-72.0065]],[[-31.9567,-79.6038],[-31.9334,-79.5679],[-32.3766,-79.5347],[-32.5833,-79.6583],[-32.3425,-79.6736],[-31.9567,-79.6038]],[[-45.78,-60.586],[-45.7092,-60.6454],[-45.398,-60.6497],[-45.1737,-60.733],[-45.211,-60.6481],[-45.3574,-60.6238],[-45.4997,-60.5465],[-45.9348,-60.5266],[-45.9563,-60.5684],[-45.9373,-60.6199],[-45.78,-60.586]],[[-54.122,-61.2018],[-54.1839,-61.2697],[-54.0707,-61.2991],[-54.0243,-61.1353],[-54.122,-61.2018]],[[-68.4223,-79.3332],[-68.5489,-79.4374],[-67.4343,-79.5012],[-67.2619,-79.4526],[-67.3049,-79.394],[-67.2395,-79.3276],[-67.0687,-79.2685],[-67.4745,-79.2229],[-68.0326,-79.2271],[-68.4223,-79.3332]],[[-55.387,-61.0727],[-55.4402,-61.1062],[-55.297,-61.2485],[-55.0576,-61.1687],[-54.671,-61.117],[-55.387,-61.0727]],[[-55.4663,-63.1996],[-55.5896,-63.1283],[-56.0422,-63.1571],[-56.3851,-63.2341],[-56.5053,-63.3343],[-56.4628,-63.4181],[-56.3785,-63.4373],[-55.8305,-63.2984],[-55.1568,-63.3531],[-55.0752,-63.3243],[-55.1562,-63.2048],[-55.4663,-63.1996]],[[-55.7618,-63.4221],[-56.2099,-63.4369],[-56.2352,-63.4688],[-55.9567,-63.58],[-55.7192,-63.4921],[-55.7618,-63.4221]],[[-57.4459,-64.4599],[-57.4334,-64.5402],[-57.2405,-64.5668],[-56.991,-64.468],[-56.8947,-64.333],[-57.4459,-64.4599]],[[-59.0638,-62.2391],[-59.2024,-62.2831],[-59.0594,-62.3478],[-58.8379,-62.3025],[-59.0638,-62.2391]],[[-58.562,-62.2439],[-58.5073,-62.2257],[-58.4667,-62.1372],[-58.3415,-62.1194],[-58.183,-62.17],[-58.1331,-62.1458],[-58.1722,-62.1178],[-58.1476,-62.0635],[-57.9627,-62.0775],[-57.8067,-62.0119],[-57.6365,-61.9982],[-57.738,-61.9212],[-58.3995,-61.9383],[-58.6836,-62.0082],[-59.0037,-62.2098],[-58.819,-62.1713],[-58.562,-62.2439]],[[-62.0208,-64.0273],[-62.0439,-64.0804],[-61.9524,-64.0771],[-61.7982,-63.9666],[-62.0208,-64.0273]],[[-61.9784,-69.3004],[-62.239,-69.1758],[-62.4421,-69.146],[-62.5677,-69.1805],[-62.4962,-69.2882],[-62.216,-69.4949],[-62.1719,-69.6366],[-62.0852,-69.7295],[-61.9976,-69.7219],[-61.9078,-69.5876],[-61.9113,-69.5334],[-61.8072,-69.5146],[-61.7837,-69.4419],[-61.816,-69.3762],[-61.9784,-69.3004]],[[-63.1772,-64.7388],[-63.4593,-64.7963],[-63.5583,-64.906],[-63.3162,-64.8611],[-63.1772,-64.7388]],[[-62.0938,-64.2346],[-62.0585,-64.1381],[-62.2687,-64.09],[-62.2676,-64.0399],[-62.3288,-64.0135],[-62.4514,-64.0124],[-62.6107,-64.1163],[-62.4797,-64.2106],[-62.504,-64.2534],[-62.7818,-64.479],[-62.5797,-64.5143],[-62.5081,-64.4541],[-62.3959,-64.4646],[-62.1857,-64.3688],[-62.1743,-64.296],[-62.0938,-64.2346]],[[-62.4115,-62.9716],[-62.3174,-62.8741],[-62.5271,-62.9238],[-62.6553,-63.0738],[-62.4115,-62.9716]],[[-59.5252,-62.4515],[-59.389,-62.4443],[-59.3534,-62.4129],[-59.3959,-62.3673],[-59.6607,-62.3543],[-59.5252,-62.4515]],[[-56.3541,-63.1688],[-56.259,-63.1731],[-56.06,-63.0785],[-56.0584,-63.0186],[-56.4886,-62.9822],[-56.6142,-63.0451],[-56.3541,-63.1688]],[[-60.7959,-62.6623],[-60.6969,-62.6207],[-60.378,-62.6165],[-60.3216,-62.7075],[-60.2209,-62.7454],[-59.8496,-62.6149],[-60.0027,-62.6185],[-60.1399,-62.5487],[-60.5763,-62.5727],[-60.7993,-62.4752],[-60.8377,-62.5337],[-60.9747,-62.5917],[-61.1524,-62.5891],[-61.1498,-62.6342],[-61.0633,-62.6789],[-60.7959,-62.6623]],[[-57.3438,-63.8785],[-57.104,-63.8412],[-57.4394,-63.7914],[-57.6833,-63.8127],[-57.6164,-63.8536],[-57.3438,-63.8785]],[[-61.3271,-69.8563],[-61.4043,-69.9325],[-61.3086,-69.9779],[-61.1079,-69.9553],[-61.1519,-69.8831],[-61.3271,-69.8563]],[[-60.6934,-68.795],[-60.6559,-68.7676],[-60.7048,-68.7221],[-60.8136,-68.6877],[-61.0149,-68.7098],[-60.6934,-68.795]],[[-60.5537,-70.5088],[-60.8839,-70.5176],[-60.9418,-70.5325],[-60.9755,-70.5991],[-60.8965,-70.6896],[-60.7406,-70.7105],[-60.4877,-70.6467],[-60.4525,-70.5442],[-60.5537,-70.5088]],[[-60.5163,-70.9995],[-60.6131,-70.9201],[-60.7828,-70.9141],[-60.9465,-70.9674],[-60.9063,-71.0074],[-60.6521,-71.0587],[-60.5522,-71.0529],[-60.5163,-70.9995]],[[-60.6374,-62.8952],[-60.7404,-62.9486],[-60.6217,-63.018],[-60.5637,-63.009],[-60.6197,-62.969],[-60.5049,-62.9674],[-60.6374,-62.8952]],[[-60.5624,-63.6959],[-60.7148,-63.6688],[-60.7967,-63.7167],[-60.8101,-63.8366],[-60.9722,-63.849],[-60.7777,-63.9021],[-60.6531,-63.8666],[-60.6889,-63.8079],[-60.5624,-63.6959]],[[-94.0042,-72.8197],[-94.1132,-72.8601],[-93.9655,-72.9202],[-93.7558,-72.9076],[-94.0042,-72.8197]],[[-90.7802,-72.7317],[-90.7633,-72.6811],[-90.8071,-72.6106],[-90.9474,-72.5563],[-91.3035,-72.5474],[-91.67,-72.6237],[-91.3569,-72.9095],[-91.4504,-72.9679],[-91.5108,-73.1955],[-91.1607,-73.1822],[-90.8931,-73.084],[-90.7756,-72.993],[-90.751,-72.9166],[-90.7762,-72.854],[-90.8954,-72.8236],[-90.7802,-72.7317]],[[-104.9724,-72.941],[-105.1318,-72.9915],[-105.0529,-73.126],[-104.881,-73.2006],[-104.6596,-73.2121],[-104.5379,-73.1663],[-104.9724,-72.941]],[[-94.5661,-72.4681],[-95.2156,-72.5994],[-95.2729,-72.6469],[-95.0271,-72.665],[-94.426,-72.6126],[-94.5661,-72.4681]],[[-71.5512,-70.4389],[-71.3403,-70.3175],[-71.4316,-70.2673],[-71.7953,-70.2884],[-71.6847,-70.4423],[-71.5512,-70.4389]],[[-72.2021,-69.7401],[-71.9854,-69.6984],[-72.3312,-69.4918],[-72.4643,-69.4519],[-72.7262,-69.4131],[-72.8573,-69.4331],[-72.9368,-69.4688],[-72.9573,-69.5291],[-72.7768,-69.645],[-72.2021,-69.7401]],[[-74.0487,-73.2202],[-74.1466,-73.3154],[-73.9748,-73.3761],[-73.7214,-73.2963],[-73.5424,-73.1238],[-73.8321,-73.1133],[-74.0487,-73.2202]],[[-66.0639,-65.8809],[-65.8453,-65.8425],[-65.8139,-65.6866],[-65.6697,-65.6529],[-65.6369,-65.5478],[-65.8336,-65.5272],[-65.9683,-65.571],[-66.0669,-65.6661],[-66.0496,-65.7447],[-66.1535,-65.7737],[-66.1814,-65.8264],[-66.1753,-65.8665],[-66.0639,-65.8809]],[[-66.867,-66.2748],[-66.8187,-66.3127],[-66.5953,-66.2007],[-66.6229,-66.1339],[-66.5752,-66.0824],[-66.779,-66.1108],[-66.7915,-66.2336],[-66.867,-66.2748]],[[-67.1494,-67.6502],[-67.2467,-67.5987],[-67.4177,-67.5906],[-67.7433,-67.6612],[-67.6897,-67.6877],[-67.6934,-67.7635],[-67.5445,-67.7853],[-67.3489,-67.7662],[-67.1494,-67.6502]],[[-67.257,-66.8409],[-67.3317,-66.7535],[-67.426,-66.7369],[-67.5108,-66.7562],[-67.4995,-66.8036],[-67.5933,-66.8756],[-67.4092,-66.902],[-67.257,-66.8409]],[[-180.0,-84.3516],[-178.3895,-84.3375],[-177.7304,-84.3952],[-176.289,-84.4184],[-175.8746,-84.5104],[-174.6632,-84.4627],[-171.7037,-84.5424],[-168.6678,-84.6836],[-168.0486,-84.7286],[-167.4922,-84.8337],[-162.9334,-84.9012],[-157.1275,-85.1856],[-156.4591,-85.186],[-156.6428,-85.0794],[-156.9883,-84.9822],[-157.4539,-84.9124],[-156.4896,-84.8893],[-156.621,-84.8396],[-163.5685,-84.5287],[-164.1142,-84.4454],[-165.1354,-84.4099],[-165.2404,-84.3812],[-163.8992,-84.3526],[-163.7576,-84.3055],[-164.6851,-84.1546],[-164.5025,-84.0716],[-164.0113,-84.0156],[-164.0829,-83.9461],[-164.9509,-83.8059],[-165.5363,-83.7566],[-165.9218,-83.7902],[-167.8012,-83.7908],[-169.1677,-83.4498],[-171.1878,-83.2564],[-174.066,-82.9001],[-174.2359,-82.7935],[-173.0711,-82.9158],[-171.8213,-82.8475],[-168.4177,-83.2288],[-165.6192,-83.2155],[-164.9156,-83.29],[-164.4456,-83.4677],[-163.1111,-83.3291],[-162.5742,-83.4106],[-162.1973,-83.5189],[-159.9235,-83.4947],[-159.4444,-83.5432],[-157.6993,-83.3812],[-157.0278,-83.2344],[-157.5892,-83.1874],[-157.6795,-83.1295],[-155.4594,-82.9808],[-155.1502,-82.8584],[-153.3986,-82.5862],[-153.0099,-82.4496],[-154.7174,-81.9407],[-154.1885,-81.8105],[-153.9566,-81.7002],[-154.4852,-81.5662],[-154.9078,-81.5104],[-157.0325,-81.3191],[-156.5282,-81.1623],[-155.9211,-81.1334],[-148.1228,-80.9008],[-148.0234,-80.8357],[-149.1472,-80.7187],[-149.2074,-80.6704],[-149.2141,-80.6042],[-150.1328,-80.5104],[-150.5161,-80.4095],[-150.5754,-80.3537],[-150.4354,-80.211],[-150.2207,-80.15],[-148.3171,-80.071],[-148.3398,-80.0027],[-148.4303,-79.9713],[-148.4335,-79.9295],[-148.1293,-79.9077],[-148.083,-79.8567],[-148.1765,-79.7759],[-148.4175,-79.7314],[-150.4906,-79.5456],[-151.0484,-79.4597],[-152.0914,-79.2416],[-152.0534,-79.1928],[-152.1377,-79.1159],[-153.5176,-79.1173],[-154.5177,-79.0466],[-155.2099,-78.9648],[-156.1146,-78.7446],[-156.4693,-78.6354],[-155.9198,-78.5104],[-154.7164,-78.3981],[-154.293,-78.2591],[-155.3415,-78.192],[-157.2668,-78.1998],[-157.848,-78.0739],[-158.2859,-77.9508],[-158.4069,-77.8878],[-158.5004,-77.7783],[-158.23,-77.4977],[-158.2136,-77.1571],[-157.842,-77.0792],[-157.4654,-77.2313],[-157.1393,-77.2421],[-156.6677,-77.213],[-156.2112,-77.1057],[-154.8149,-77.127],[-153.91,-77.227],[-153.6061,-77.3102],[-153.4606,-77.416],[-151.719,-77.4259],[-150.3056,-77.7314],[-149.7177,-77.7975],[-149.126,-77.6427],[-148.3399,-77.5512],[-148.1557,-77.4623],[-148.2598,-77.4126],[-148.7444,-77.3433],[-148.8436,-77.2837],[-148.839,-77.2023],[-148.7775,-77.125],[-148.5724,-77.1051],[-147.7302,-77.3098],[-147.4423,-77.3207],[-146.9276,-77.2599],[-146.3906,-77.4725],[-145.6771,-77.4881],[-145.6006,-77.4553],[-145.7138,-77.3384],[-145.7943,-77.33],[-145.808,-77.2732],[-145.5157,-77.1992],[-145.7531,-77.1033],[-145.967,-77.0687],[-145.9339,-77.029],[-145.6292,-76.9537],[-145.6857,-76.8845],[-145.6757,-76.7967],[-145.7505,-76.749],[-146.7767,-76.507],[-147.3404,-76.4384],[-148.6011,-76.4933],[-149.6542,-76.3653],[-148.8948,-76.2718],[-148.6318,-76.168],[-148.3203,-76.1045],[-147.8602,-76.1309],[-146.8173,-76.3181],[-145.8857,-76.4243],[-145.4421,-76.4092],[-146.383,-76.0997],[-146.3235,-76.0203],[-145.9877,-75.8888],[-145.1055,-75.8789],[-144.7213,-75.8321],[-143.5743,-75.5636],[-142.3298,-75.4909],[-141.5057,-75.6904],[-140.8743,-75.7459],[-141.2233,-75.5459],[-140.471,-75.4473],[-139.6912,-75.2128],[-139.1488,-75.1602],[-137.6182,-75.0756],[-137.0901,-75.1526],[-136.6499,-75.1617],[-136.5495,-75.1395],[-136.2278,-74.836],[-136.0301,-74.7653],[-135.3621,-74.6904],[-134.8404,-74.6941],[-133.7963,-74.8546],[-132.0494,-74.7657],[-130.1956,-74.8906],[-129.7908,-74.8914],[-127.8634,-74.7192],[-127.0202,-74.6979],[-126.384,-74.7426],[-125.3534,-74.7146],[-123.8895,-74.773],[-121.5439,-74.75],[-119.677,-74.6546],[-119.4222,-74.6216],[-118.6558,-74.3928],[-117.8062,-74.4029],[-117.0683,-74.4732],[-116.433,-74.4471],[-115.2226,-74.4874],[-115.1052,-74.4551],[-114.791,-73.9886],[-114.6237,-73.9029],[-113.5085,-74.0889],[-113.4894,-74.1584],[-113.7136,-74.2277],[-113.7533,-74.3667],[-113.6408,-74.4063],[-113.4542,-74.3942],[-113.333,-74.4542],[-113.9035,-74.6444],[-113.9848,-74.843],[-114.0972,-74.9091],[-114.1104,-74.9818],[-111.6962,-74.7922],[-111.5844,-74.7509],[-111.7387,-74.6534],[-111.7887,-74.5717],[-111.6959,-74.5041],[-111.7223,-74.3866],[-111.8063,-74.2697],[-111.63,-74.1814],[-111.1802,-74.1881],[-110.5339,-74.2889],[-110.3071,-74.3667],[-110.2298,-74.5363],[-110.3004,-74.7106],[-110.5319,-74.8363],[-111.4631,-75.1334],[-111.3588,-75.2199],[-109.2722,-75.1851],[-108.2545,-75.2525],[-107.8047,-75.3216],[-106.9321,-75.3094],[-106.6188,-75.3439],[-104.9019,-75.1151],[-104.6178,-75.1562],[-104.1597,-75.1207],[-103.9013,-75.1525],[-103.121,-75.0952],[-101.7081,-75.1273],[-101.6278,-75.2218],[-101.3037,-75.3658],[-101.0394,-75.4219],[-100.4634,-75.3534],[-100.0828,-75.3704],[-99.5313,-75.309],[-98.7523,-75.3171],[-98.6457,-75.2771],[-98.5579,-75.1897],[-99.2082,-75.0785],[-99.6519,-74.9488],[-100.1641,-74.9379],[-100.4733,-74.8724],[-100.2649,-74.8229],[-100.0127,-74.6621],[-100.1186,-74.515],[-100.2381,-74.4842],[-100.8818,-74.5411],[-101.2517,-74.4857],[-101.5867,-74.0964],[-101.7154,-74.0237],[-102.7665,-73.8838],[-102.8627,-73.7836],[-102.7995,-73.6457],[-102.0366,-73.6306],[-100.9854,-73.7572],[-100.7178,-73.7578],[-99.7811,-73.7201],[-99.541,-73.6451],[-98.8961,-73.6111],[-100.4364,-73.3531],[-102.675,-73.3209],[-102.9088,-73.2852],[-103.0762,-73.1846],[-103.3077,-72.9453],[-103.375,-72.8188],[-103.1101,-72.7212],[-102.4848,-72.7356],[-102.3629,-72.7602],[-102.272,-72.835],[-102.482,-72.9512],[-102.4093,-72.9874],[-101.6812,-73.0299],[-100.8205,-72.9812],[-100.2588,-73.0413],[-99.8107,-72.9999],[-98.0124,-73.0332],[-97.651,-73.1444],[-97.4765,-73.1263],[-96.3942,-73.3012],[-95.8806,-73.2938],[-95.2366,-73.2201],[-94.5865,-73.2495],[-94.2462,-73.313],[-93.706,-73.215],[-92.8284,-73.1646],[-92.241,-73.1784],[-90.9209,-73.3191],[-90.4309,-73.2433],[-90.2738,-73.1187],[-90.2954,-72.9779],[-90.0352,-72.9602],[-89.8177,-72.8626],[-89.3413,-72.8896],[-89.2294,-72.8258],[-89.1271,-72.6932],[-88.78,-72.683],[-88.5269,-72.7023],[-88.1941,-72.7875],[-88.1945,-72.8586],[-88.5607,-73.1207],[-88.4194,-73.229],[-87.9363,-73.2409],[-87.401,-73.192],[-87.0379,-73.3539],[-86.791,-73.3637],[-85.8014,-73.1921],[-84.9812,-73.5021],[-84.2142,-73.5728],[-83.5648,-73.706],[-82.8152,-73.7323],[-82.1835,-73.8568],[-81.3087,-73.7383],[-81.1632,-73.6324],[-81.2624,-73.3149],[-81.1764,-73.2488],[-81.0243,-73.2355],[-80.3364,-73.4142],[-80.4388,-73.225],[-80.6142,-73.0834],[-80.5877,-72.9776],[-80.4422,-72.9445],[-79.5217,-73.0896],[-78.9637,-73.3124],[-78.7862,-73.5067],[-78.4079,-73.5558],[-76.8505,-73.4604],[-76.7645,-73.5663],[-77.1349,-73.8177],[-77.0489,-73.8441],[-76.755,-73.7895],[-76.2912,-73.8054],[-75.2931,-73.6388],[-74.8555,-73.658],[-74.594,-73.7152],[-73.996,-73.6998],[-72.9292,-73.4479],[-72.3808,-73.4384],[-71.4527,-73.3545],[-71.0172,-73.2628],[-70.3227,-73.274],[-68.8209,-73.1055],[-67.6671,-72.8346],[-67.3067,-72.6111],[-66.8277,-72.0904],[-66.9517,-71.8973],[-67.4604,-71.5268],[-67.5299,-71.2846],[-67.5046,-71.0578],[-67.6922,-70.6861],[-67.8885,-70.4217],[-68.4033,-70.0197],[-68.4037,-69.8092],[-68.4698,-69.6438],[-68.708,-69.4322],[-68.1409,-69.3476],[-67.3718,-69.4123],[-67.3043,-69.3176],[-66.9749,-69.161],[-67.0212,-69.0287],[-67.3905,-68.8612],[-67.299,-68.7707],[-67.1337,-68.7707],[-67.0543,-68.6715],[-67.1169,-68.5748],[-67.041,-68.4531],[-66.7934,-68.2404],[-67.1499,-68.0246],[-66.9154,-67.6926],[-66.6772,-67.5603],[-66.705,-67.5271],[-67.1243,-67.4851],[-67.5445,-67.5347],[-67.5858,-67.4352],[-67.4934,-67.1128],[-67.299,-67.0708],[-67.1602,-66.9518],[-67.0345,-66.9451],[-66.9551,-66.9848],[-66.9286,-67.1436],[-66.8861,-67.18],[-66.9021,-67.256],[-66.836,-67.2824],[-66.61,-67.2086],[-66.4987,-67.2891],[-66.4722,-67.2428],[-66.5333,-66.9793],[-66.4647,-66.8752],[-66.5268,-66.7407],[-66.5036,-66.6898],[-66.3065,-66.592],[-65.9538,-66.6456],[-65.7664,-66.6249],[-65.718,-66.5732],[-65.6785,-66.4027],[-65.7758,-66.3426],[-65.7745,-66.288],[-65.6173,-66.1353],[-65.172,-66.1168],[-65.2675,-65.9942],[-64.9987,-65.9463],[-64.6135,-66.019],[-64.5143,-65.9596],[-64.5474,-65.9],[-64.6532,-65.8669],[-64.6466,-65.7479],[-64.4746,-65.781],[-64.39,-65.7085],[-64.4389,-65.6406],[-64.2135,-65.6329],[-64.1322,-65.5705],[-63.8181,-65.5315],[-63.7979,-65.4804],[-64.0513,-65.4172],[-64.0711,-65.2782],[-64.038,-65.179],[-63.7603,-65.0335],[-63.4821,-65.085],[-63.2642,-65.0731],[-63.0591,-65.1394],[-63.0326,-65.0798],[-63.1199,-64.9425],[-62.7747,-64.8417],[-62.5275,-64.8334],[-62.5762,-64.7557],[-62.5035,-64.6564],[-62.4042,-64.6433],[-62.3381,-64.7292],[-62.2433,-64.7469],[-61.8825,-64.6254],[-61.6318,-64.6047],[-61.5005,-64.5456],[-61.3959,-64.4271],[-61.0821,-64.3147],[-60.8866,-64.1497],[-60.9221,-64.1079],[-60.8642,-64.0734],[-60.2772,-63.9239],[-59.5102,-63.8207],[-59.0364,-63.6703],[-58.8721,-63.5519],[-58.2156,-63.4513],[-57.8681,-63.3188],[-57.3896,-63.2263],[-57.0767,-63.2625],[-56.9273,-63.5056],[-56.7818,-63.5717],[-56.8348,-63.6313],[-57.1192,-63.6378],[-57.1522,-63.5717],[-57.0977,-63.5235],[-57.1522,-63.4791],[-57.2839,-63.4906],[-57.5815,-63.5466],[-58.263,-63.7634],[-58.5319,-63.9154],[-58.839,-64.1868],[-59.0053,-64.1949],[-59.0473,-64.2345],[-58.7993,-64.2927],[-58.8191,-64.339],[-58.9051,-64.3521],[-58.8059,-64.4448],[-58.7861,-64.5242],[-58.8919,-64.5374],[-59.0507,-64.4514],[-59.2294,-64.4436],[-59.4607,-64.3456],[-59.5468,-64.3588],[-59.6122,-64.4401],[-59.5732,-64.5308],[-59.646,-64.5837],[-59.7344,-64.5589],[-59.765,-64.4514],[-59.9631,-64.4313],[-60.2425,-64.5469],[-60.3405,-64.5506],[-61.0599,-64.9813],[-61.3318,-65.0238],[-61.7031,-64.9872],[-61.7362,-65.0335],[-61.5774,-65.1856],[-61.6634,-65.2386],[-61.8556,-65.2354],[-61.9479,-65.1923],[-62.1453,-65.3317],[-62.0537,-65.4568],[-61.7957,-65.5229],[-61.756,-65.5692],[-61.9914,-65.5892],[-62.305,-65.8404],[-62.2933,-65.9164],[-62.1691,-66.0313],[-62.005,-66.1129],[-61.3591,-66.0588],[-61.2661,-65.98],[-61.0393,-65.992],[-60.9128,-65.9209],[-60.6183,-65.9331],[-60.5654,-65.9794],[-60.744,-66.1051],[-60.8564,-66.0653],[-61.0093,-66.1105],[-60.9027,-66.191],[-61.0284,-66.3365],[-61.1343,-66.2902],[-61.1498,-66.2117],[-61.4319,-66.1447],[-61.5261,-66.2257],[-61.6756,-66.2495],[-61.756,-66.4292],[-61.842,-66.4027],[-61.8754,-66.2961],[-62.1165,-66.209],[-62.682,-66.2373],[-62.7548,-66.3102],[-62.6503,-66.3637],[-62.6154,-66.4357],[-62.6551,-66.5561],[-62.5432,-66.621],[-62.5365,-66.707],[-62.6289,-66.7062],[-63.1795,-66.3525],[-63.2575,-66.2638],[-63.5866,-66.2417],[-63.7525,-66.2777],[-63.6544,-66.3829],[-63.7557,-66.409],[-64.0777,-66.6541],[-63.8088,-66.7609],[-63.7547,-66.8729],[-64.0426,-66.9272],[-64.6863,-66.8063],[-64.7934,-66.972],[-64.8781,-67.0245],[-64.8541,-67.1048],[-64.7855,-67.1237],[-65.0269,-67.2141],[-64.8583,-67.2428],[-64.8193,-67.3073],[-65.4431,-67.3262],[-65.5234,-67.4446],[-65.4181,-67.6596],[-65.574,-67.7884],[-65.6,-67.8757],[-65.4694,-68.0095],[-65.6395,-68.1306],[-65.218,-68.14],[-64.8847,-68.0563],[-64.8295,-68.1274],[-65.452,-68.3367],[-64.9965,-68.4078],[-65.2416,-68.5832],[-65.1583,-68.618],[-64.0785,-68.7712],[-64.1568,-68.6869],[-64.1692,-68.5825],[-63.9245,-68.4977],[-63.2166,-68.4188],[-62.9333,-68.4426],[-62.9797,-68.4863],[-63.3475,-68.4994],[-63.7734,-68.6318],[-63.747,-68.7046],[-63.3435,-68.8104],[-63.4782,-68.9512],[-63.456,-69.0419],[-62.9941,-69.3289],[-62.5868,-69.4772],[-62.4505,-69.5844],[-62.4071,-69.8272],[-62.2024,-70.0279],[-61.9611,-70.1201],[-61.9346,-70.1995],[-62.014,-70.2789],[-62.2179,-70.2332],[-62.3315,-70.2789],[-62.3778,-70.3648],[-62.0008,-70.4972],[-61.5047,-70.4905],[-61.4914,-70.5699],[-61.6965,-70.6758],[-61.9941,-70.7286],[-62.0404,-70.8014],[-61.9611,-70.9006],[-61.7021,-70.8567],[-61.3128,-70.8676],[-61.2517,-71.0022],[-60.9623,-71.2446],[-61.0031,-71.3193],[-61.1484,-71.3419],[-61.9588,-71.6578],[-61.5628,-71.6753],[-61.2136,-71.5641],[-61.0813,-71.5886],[-60.9953,-71.6613],[-60.949,-71.7473],[-61.0351,-71.82],[-61.9389,-71.9036],[-62.2566,-72.0176],[-61.894,-72.071],[-61.628,-72.0527],[-61.3103,-72.1127],[-60.9518,-72.0502],[-60.7194,-72.0727],[-60.6646,-72.3625],[-60.7303,-72.426],[-61.2798,-72.4683],[-61.2861,-72.6008],[-60.9392,-72.6997],[-60.7241,-72.6469],[-60.5323,-72.6733],[-60.5323,-72.8321],[-60.3847,-73.0073],[-60.2545,-73.0173],[-60.1487,-72.9379],[-60.0098,-72.9379],[-59.9568,-73.0306],[-60.0164,-73.1893],[-60.1222,-73.2753],[-60.5607,-73.2114],[-60.8959,-73.3204],[-61.0813,-73.3282],[-61.4284,-73.1914],[-62.0083,-73.1477],[-61.7876,-73.2549],[-61.637,-73.5002],[-61.4055,-73.4671],[-61.0798,-73.5387],[-60.8789,-73.612],[-60.7903,-73.7118],[-60.9027,-73.8706],[-61.2034,-73.9566],[-61.4041,-73.896],[-61.6917,-73.9238],[-61.7416,-73.9962],[-61.8382,-74.032],[-61.3194,-74.0359],[-61.1607,-74.0558],[-61.0416,-74.122],[-61.2269,-74.2079],[-61.5708,-74.1947],[-61.8428,-74.2896],[-61.3318,-74.3286],[-60.7837,-74.241],[-60.7043,-74.3071],[-61.0108,-74.4783],[-61.3702,-74.5118],[-62.2353,-74.4413],[-62.2257,-74.5056],[-61.8944,-74.7131],[-61.8552,-74.7768],[-61.928,-74.8628],[-62.1378,-74.9264],[-62.3725,-74.9521],[-62.5668,-74.8958],[-62.7085,-74.7371],[-62.8871,-74.6908],[-63.1781,-74.6842],[-63.1252,-74.8495],[-63.198,-74.9091],[-63.357,-74.8783],[-63.9247,-75.0045],[-63.3369,-75.0348],[-63.1732,-75.1147],[-63.2311,-75.1538],[-63.8575,-75.2062],[-64.2795,-75.2929],[-63.3038,-75.3522],[-63.2575,-75.3985],[-63.3634,-75.4515],[-66.3704,-76.0134],[-67.5182,-76.1098],[-69.3044,-76.3508],[-69.9153,-76.522],[-70.0955,-76.6545],[-70.2102,-76.6741],[-70.895,-76.7394],[-71.7987,-76.7527],[-72.7223,-76.6891],[-73.8798,-76.6968],[-75.2684,-76.5814],[-77.19,-76.6298],[-77.2871,-76.7017],[-77.168,-76.8339],[-76.2486,-77.2749],[-75.3869,-77.4742],[-74.5806,-77.478],[-72.852,-77.5902],[-72.8751,-77.6938],[-73.2516,-77.8942],[-74.0421,-78.1094],[-74.8121,-78.1778],[-75.3984,-78.1578],[-77.7421,-77.9403],[-79.679,-77.8426],[-80.6016,-77.752],[-81.1031,-77.8418],[-81.581,-77.8461],[-79.5097,-78.1543],[-77.8581,-78.351],[-77.4326,-78.4347],[-77.4524,-78.5604],[-77.545,-78.6596],[-77.8691,-78.7455],[-80.2923,-78.8228],[-81.9293,-78.5591],[-82.6084,-78.4124],[-83.779,-77.9836],[-83.6877,-78.148],[-83.2459,-78.357],[-83.227,-78.4016],[-83.5444,-78.3553],[-83.7059,-78.4041],[-83.7627,-78.4611],[-83.5952,-78.611],[-83.26,-78.7742],[-81.6609,-79.0998],[-81.2222,-79.2979],[-81.1632,-79.4004],[-80.892,-79.5019],[-80.5348,-79.5128],[-80.4788,-79.4262],[-80.4885,-79.321],[-80.1512,-79.2681],[-79.4557,-79.3044],[-76.4991,-79.3257],[-76.2177,-79.3872],[-76.1051,-79.4651],[-76.0316,-79.6271],[-76.3439,-79.8209],[-76.5579,-79.9035],[-77.2223,-79.9941],[-77.7019,-80.0096],[-79.6604,-79.9969],[-78.1761,-80.1668],[-77.1604,-80.1529],[-76.4073,-80.0949],[-75.709,-80.3827],[-75.4945,-80.6175],[-75.2365,-80.8026],[-75.0756,-80.8601],[-74.8066,-80.8865],[-73.9378,-80.8159],[-73.0295,-80.9173],[-72.1736,-80.7639],[-71.0177,-80.619],[-70.6879,-80.6263],[-70.5601,-80.6466],[-70.2391,-80.8566],[-69.7723,-80.9615],[-69.1816,-81.0049],[-68.5898,-80.968],[-68.3266,-81.0041],[-68.2846,-81.0738],[-68.1437,-81.1304],[-65.5737,-81.4605],[-64.7501,-81.5217],[-62.3537,-81.5767],[-62.1654,-81.6361],[-62.9459,-81.684],[-64.6961,-81.6523],[-65.6197,-81.7293],[-65.2638,-81.7856],[-64.1902,-81.7948],[-64.1371,-81.8693],[-65.9162,-81.9022],[-66.1338,-81.9534],[-65.8438,-81.9933],[-65.7866,-82.0455],[-65.9132,-82.1832],[-65.714,-82.2792],[-65.4244,-82.2804],[-64.9196,-82.3705],[-64.3966,-82.3744],[-63.7729,-82.3043],[-62.6453,-82.2631],[-61.9017,-82.2711],[-60.8591,-82.1867],[-60.5277,-82.1999],[-60.8172,-82.2758],[-62.0945,-82.4666],[-62.7356,-82.5273],[-62.4656,-82.7182],[-62.1286,-82.8224],[-61.917,-82.9767],[-61.7089,-83.01],[-61.3128,-82.9392],[-61.2184,-82.9918],[-61.2004,-83.0979],[-61.5898,-83.3412],[-61.4253,-83.3956],[-59.516,-83.4584],[-57.5571,-82.8902],[-56.3179,-82.6334],[-55.8007,-82.4784],[-55.2947,-82.4648],[-53.9861,-82.2006],[-53.3391,-82.1445],[-52.4149,-82.1349],[-50.653,-81.9755],[-48.3608,-81.8923],[-47.3603,-82.004],[-46.2581,-81.947],[-46.1191,-82.0396],[-46.0464,-82.1587],[-46.1985,-82.2711],[-46.4483,-82.3398],[-46.5167,-82.4546],[-46.1753,-82.5116],[-45.7886,-82.4949],[-43.6693,-82.2701],[-43.1804,-82.0172],[-42.5646,-81.7616],[-42.0463,-81.5979],[-41.4338,-81.2978],[-40.9146,-81.1724],[-40.4408,-81.1651],[-38.7717,-80.8823],[-37.2093,-81.0639],[-36.8124,-80.9747],[-35.9658,-80.8909],[-35.327,-80.6507],[-32.7062,-80.5139],[-32.2557,-80.4607],[-31.3121,-80.4501],[-31.0154,-80.3081],[-29.5315,-80.1818],[-24.2403,-80.0619],[-23.5745,-79.9648],[-23.4068,-79.859],[-24.5339,-79.7579],[-25.2586,-79.7625],[-29.9493,-79.599],[-30.0491,-79.5854],[-30.2112,-79.4853],[-30.1779,-79.3043],[-30.3159,-79.1631],[-30.9852,-79.1279],[-32.9942,-79.2288],[-35.516,-78.933],[-36.2392,-78.7742],[-36.2656,-78.6155],[-36.1809,-78.4684],[-35.5093,-78.0412],[-35.0876,-77.8371],[-34.8083,-77.8206],[-34.5515,-77.7285],[-34.2902,-77.5219],[-34.0758,-77.4254],[-32.6141,-77.1408],[-32.0634,-77.1599],[-31.6758,-77.0331],[-30.4892,-76.7623],[-30.222,-76.6604],[-28.9336,-76.3703],[-27.1345,-76.1573],[-26.0593,-75.9572],[-24.2696,-75.767],[-22.4655,-75.661],[-21.4338,-75.6831],[-20.7833,-75.5939],[-20.4875,-75.492],[-19.493,-75.5399],[-18.3046,-75.4313],[-18.5169,-75.3899],[-18.7492,-75.2421],[-18.5169,-75.052],[-18.2212,-74.9745],[-17.9228,-74.6992],[-17.4358,-74.3791],[-17.299,-74.3339],[-16.4295,-74.3239],[-15.6725,-74.4073],[-15.2897,-74.2809],[-14.5738,-73.9375],[-14.6114,-73.8518],[-15.7488,-73.9456],[-16.2201,-73.9157],[-16.2819,-73.867],[-16.0031,-73.8159],[-15.9356,-73.7576],[-16.5188,-73.644],[-16.4352,-73.4257],[-15.596,-73.0968],[-15.007,-73.0475],[-14.321,-73.123],[-14.1647,-73.1024],[-14.0001,-73.0006],[-14.1683,-72.8433],[-14.2982,-72.7846],[-14.2978,-72.733],[-13.6028,-72.7921],[-13.2086,-72.7851],[-12.7469,-72.6289],[-11.497,-72.4129],[-10.9581,-71.902],[-11.0092,-71.7579],[-11.3331,-71.7855],[-12.1482,-71.6137],[-12.3513,-71.3897],[-12.0737,-71.2969],[-11.9261,-71.2887],[-11.663,-71.3312],[-10.9698,-71.5601],[-10.8254,-71.5533],[-10.5201,-71.2955],[-10.0335,-71.1307],[-10.1223,-71.0609],[-10.331,-71.024],[-10.36,-70.9824],[-10.2706,-70.9357],[-10.0987,-70.9264],[-9.888,-71.0273],[-9.2307,-71.174],[-8.9659,-71.3613],[-8.6465,-71.6728],[-7.9158,-71.6354],[-7.7137,-71.5465],[-7.669,-71.3243],[-7.5901,-71.2237],[-7.618,-71.1215],[-7.8735,-70.9403],[-7.8549,-70.8846],[-7.7527,-70.8428],[-7.3881,-70.7869],[-6.8382,-70.8445],[-5.9363,-70.7127],[-5.6947,-70.7453],[-5.5879,-70.8567],[-5.7087,-70.9683],[-6.0803,-71.1541],[-6.1175,-71.326],[-4.4501,-71.3277],[-3.7132,-71.3746],[-2.6103,-71.3208],[-2.2613,-71.3571],[-2.0146,-71.4334],[-1.3542,-71.3868],[-1.2164,-71.2842],[-1.0678,-71.2656],[-0.8959,-71.3492],[-0.8401,-71.5397],[-0.7599,-71.6303],[-0.5432,-71.7127],[0.1542,-71.3979],[0.5385,-71.2742],[1.9087,-71.0036],[2.6095,-70.9001],[3.5069,-70.8444],[5.1131,-70.6557],[6.508,-70.5864],[7.4012,-70.4944],[7.6768,-70.3563],[8.523,-70.4738],[8.8175,-70.3908],[9.1416,-70.1837],[9.6135,-70.269],[10.2177,-70.5079],[10.9688,-70.6877],[11.7013,-70.7666],[12.068,-70.6165],[12.4616,-70.3701],[12.9294,-70.2134],[12.8646,-70.1623],[12.5951,-70.1174],[12.6263,-70.0656],[13.0656,-70.0536],[13.2979,-70.2296],[13.8227,-70.3432],[14.4918,-70.2996],[15.8069,-70.324],[16.0252,-70.1935],[16.3811,-70.1451],[16.5849,-70.2038],[16.7092,-70.3973],[18.1246,-70.5403],[18.232,-70.5183],[18.4326,-70.2899],[18.8772,-70.2014],[19.0094,-70.2121],[19.1964,-70.2932],[19.0266,-70.674],[19.2651,-70.9023],[19.4093,-70.917],[20.1281,-70.9176],[21.0708,-70.8435],[21.3373,-70.4951],[21.705,-70.2585],[21.9623,-70.3004],[22.366,-70.4751],[22.3965,-70.5613],[22.2337,-70.6427],[22.2778,-70.6956],[22.979,-70.8104],[23.4068,-70.7232],[23.6648,-70.575],[23.8036,-70.4046],[24.0241,-70.4134],[24.2357,-70.4486],[24.3857,-70.5369],[24.3857,-70.7044],[24.7567,-70.8921],[25.1874,-70.971],[25.9741,-71.0374],[26.4988,-71.0195],[27.2068,-70.9109],[27.6978,-70.7725],[28.9115,-70.5831],[29.4639,-70.4062],[30.0033,-70.3],[31.3788,-70.2258],[32.6213,-70.0006],[32.8098,-69.9094],[32.9894,-69.6242],[32.9031,-69.3787],[32.5676,-69.0742],[32.6416,-68.8689],[32.7762,-68.7831],[33.1215,-68.6892],[33.4656,-68.6707],[34.1929,-68.7024],[34.2193,-68.7906],[33.7721,-69.02],[33.8137,-69.0993],[34.5959,-69.0945],[34.7495,-69.1677],[35.1313,-69.4869],[35.2248,-69.6373],[35.357,-69.6813],[36.5859,-69.6379],[36.7188,-69.6522],[37.1148,-69.8104],[37.5598,-69.7184],[37.7871,-69.7257],[38.1443,-69.8242],[38.4994,-70.0562],[38.8855,-70.1719],[38.9117,-70.0979],[38.8593,-70.0061],[39.487,-69.608],[39.7051,-69.4256],[39.7623,-69.1733],[39.8639,-68.967],[40.2156,-68.8049],[40.4839,-68.7389],[40.8171,-68.7236],[41.3563,-68.5149],[42.4088,-68.3519],[42.8195,-68.1232],[42.9609,-68.0953],[44.3729,-67.9613],[44.6998,-67.9043],[44.9896,-67.7692],[45.197,-67.7312],[45.5693,-67.7364],[45.8877,-67.6598],[46.399,-67.6176],[46.4365,-67.5334],[46.3197,-67.4766],[46.3173,-67.402],[46.5597,-67.2682],[46.8839,-67.2748],[47.1544,-67.3572],[47.3516,-67.3619],[47.4029,-67.4092],[47.2313,-67.4683],[47.1172,-67.5727],[47.4898,-67.7279],[47.9586,-67.6601],[48.21,-67.6993],[48.3217,-67.7853],[48.3217,-67.9175],[48.3745,-67.9881],[48.551,-67.9264],[48.648,-67.794],[48.6304,-67.5206],[49.0529,-67.3524],[49.2193,-67.2269],[48.7137,-67.2169],[48.5984,-67.1713],[48.4652,-67.0435],[48.8303,-66.9383],[49.2471,-66.9416],[50.0062,-67.1752],[50.553,-67.1943],[50.606,-67.1502],[50.5089,-66.9386],[50.5209,-66.82],[50.3061,-66.7533],[50.2443,-66.6034],[50.3324,-66.4446],[50.5883,-66.3564],[50.9369,-66.3154],[51.8846,-66.02],[53.6718,-65.8587],[55.2904,-65.9542],[55.7104,-66.08],[56.3615,-66.3728],[56.8594,-66.4234],[57.0003,-66.4748],[57.1854,-66.6133],[56.9865,-66.7044],[56.8236,-66.7127],[56.2945,-66.6034],[56.1459,-66.6261],[56.4532,-66.7798],[56.4797,-66.8592],[56.3914,-66.9738],[55.8027,-67.1993],[56.1549,-67.2646],[56.7601,-67.0733],[57.6274,-67.0141],[58.7374,-67.2296],[59.2508,-67.485],[59.6502,-67.4586],[59.8676,-67.4031],[60.482,-67.3852],[61.3091,-67.5402],[62.1739,-67.5755],[62.6879,-67.6476],[63.2376,-67.5269],[63.699,-67.5083],[65.7075,-67.7164],[67.1748,-67.768],[68.3279,-67.8896],[68.8995,-67.8621],[69.4164,-67.743],[69.5592,-67.7632],[69.656,-67.8646],[69.603,-68.041],[69.9822,-68.4643],[69.9279,-68.5354],[69.5342,-68.7369],[69.5469,-68.8566],[69.6456,-68.9322],[69.5308,-69.024],[69.6295,-69.2316],[69.5494,-69.2938],[69.3719,-69.3314],[68.9062,-69.3728],[68.8798,-69.4697],[68.9592,-69.5402],[69.1355,-69.5779],[69.1885,-69.6549],[69.162,-69.7696],[69.0826,-69.8666],[68.7438,-69.9214],[68.4152,-69.9021],[68.1781,-69.8373],[67.5754,-70.0879],[67.268,-70.2731],[67.659,-70.326],[67.9408,-70.4229],[68.5594,-70.4125],[69.0209,-70.3252],[69.162,-70.334],[69.2502,-70.4311],[69.1884,-70.7046],[68.8728,-71.0352],[68.6237,-71.1814],[68.0374,-71.391],[67.4322,-72.0029],[67.1134,-72.6411],[66.8921,-72.9486],[66.4977,-73.1255],[66.5691,-73.2092],[67.0031,-73.2364],[67.3221,-73.3003],[67.9714,-73.0856],[68.0155,-72.9182],[67.9714,-72.7506],[68.1068,-72.6507],[68.4198,-72.515],[69.5547,-72.3745],[69.9621,-72.1329],[70.2943,-72.0554],[70.5729,-71.931],[70.6162,-71.8421],[71.0788,-71.7367],[71.2768,-71.6239],[71.3492,-71.5139],[71.3788,-71.3092],[71.4648,-71.1546],[71.7714,-70.8013],[71.9049,-70.7066],[72.418,-70.5986],[72.7604,-70.3957],[72.7443,-70.2392],[72.8221,-70.0959],[73.3248,-69.8489],[73.6761,-69.8258],[73.9422,-69.7432],[74.5711,-69.8796],[75.1479,-69.8555],[75.4238,-69.8931],[75.6355,-69.8489],[75.8207,-69.7255],[75.8912,-69.5756],[76.1117,-69.4874],[76.3598,-69.4902],[77.192,-69.206],[77.5409,-69.1744],[77.8175,-69.0689],[78.0151,-68.8919],[78.489,-68.6258],[78.5635,-68.3937],[78.7263,-68.2778],[79.0352,-68.1754],[82.017,-67.69],[82.2732,-67.6917],[82.607,-67.6131],[83.3043,-67.603],[83.4937,-67.4412],[84.4852,-67.1145],[85.7107,-67.1613],[86.1184,-67.055],[86.7502,-67.0371],[87.0849,-66.9401],[87.9803,-66.7885],[89.6984,-66.823],[90.5473,-66.7343],[91.0217,-66.6028],[92.0734,-66.5079],[92.592,-66.6145],[93.0749,-66.5711],[94.0888,-66.6889],[94.8398,-66.5014],[95.541,-66.631],[96.4237,-66.5996],[97.1006,-66.4994],[97.3885,-66.5786],[97.7198,-66.6073],[98.2576,-66.4675],[98.7201,-66.5531],[98.8589,-66.6708],[99.3701,-66.6482],[100.8891,-66.358],[101.3271,-66.1005],[101.3209,-66.0209],[101.3813,-65.973],[102.1741,-65.9542],[102.6742,-65.8651],[103.6388,-65.9989],[103.9512,-65.9881],[106.3869,-66.4106],[107.1709,-66.4704],[107.6673,-66.5804],[107.7851,-66.6641],[108.1579,-66.6391],[108.3762,-66.7658],[108.9101,-66.8619],[109.4628,-66.9087],[109.8237,-66.8337],[110.6223,-66.524],[110.587,-66.3123],[110.9067,-66.0767],[111.4531,-65.9609],[113.0994,-65.7999],[113.7098,-65.9296],[113.9545,-66.0604],[114.3369,-66.3602],[114.6186,-66.468],[115.0824,-66.493],[115.3104,-66.5608],[115.6354,-66.7712],[115.4419,-66.958],[115.2737,-67.0279],[113.9912,-67.2119],[113.9125,-67.3677],[114.0266,-67.4412],[114.9258,-67.3565],[115.3842,-67.2381],[115.8853,-67.202],[116.7135,-67.0472],[116.9236,-67.0555],[117.1319,-67.1144],[117.7447,-67.1285],[118.1387,-67.0824],[118.7139,-67.1717],[119.768,-66.9915],[120.3748,-66.9838],[119.2807,-67.1992],[118.9217,-67.3197],[119.133,-67.3707],[121.4876,-67.0907],[122.1828,-66.8595],[123.2217,-66.7451],[123.9693,-66.6081],[124.1962,-66.6008],[124.5979,-66.7082],[124.8216,-66.6945],[125.0951,-66.6411],[125.3979,-66.4244],[125.8656,-66.3645],[126.6647,-66.4976],[126.8736,-66.7594],[127.5412,-67.0511],[127.9681,-67.0279],[128.4306,-67.1191],[128.9824,-67.0982],[129.2369,-67.0416],[129.7412,-66.4686],[130.1205,-66.2915],[130.5785,-66.2086],[130.9518,-66.1914],[131.8309,-66.2358],[132.3203,-66.1654],[132.8743,-66.178],[133.1482,-66.0948],[133.4445,-66.0814],[133.8428,-66.1536],[134.1789,-66.2771],[134.2895,-66.4768],[134.3981,-66.4799],[134.7697,-66.3533],[134.9715,-66.3302],[135.352,-66.1271],[136.1939,-66.2922],[136.5533,-66.439],[136.8892,-66.3396],[137.3362,-66.3465],[137.7538,-66.4064],[138.271,-66.5645],[138.3765,-66.5404],[139.2416,-66.574],[139.9001,-66.7151],[140.9016,-66.752],[141.2859,-66.8318],[141.5172,-66.794],[141.9729,-66.8067],[142.3267,-66.9483],[142.6875,-67.0128],[143.4482,-66.8768],[143.7304,-66.8768],[143.8627,-66.9386],[143.9111,-67.0907],[144.1177,-67.0877],[144.3479,-67.018],[144.5506,-67.0355],[144.6212,-67.1414],[144.5153,-67.2825],[144.2597,-67.4787],[144.1537,-67.6441],[143.942,-67.794],[143.9773,-67.8646],[144.1891,-67.8998],[144.4043,-67.7942],[144.8791,-67.7209],[145.1279,-67.626],[145.5564,-67.5909],[145.9752,-67.6242],[146.8278,-67.9646],[146.8966,-68.1203],[146.7977,-68.2736],[147.0937,-68.3687],[147.5686,-68.3751],[148.4563,-68.467],[148.8806,-68.4312],[150.3422,-68.4357],[150.9359,-68.3585],[151.0683,-68.385],[151.1389,-68.7642],[151.2888,-68.8171],[151.5621,-68.6937],[152.5455,-68.7296],[153.0818,-68.8568],[153.7053,-68.7289],[153.767,-68.6406],[153.7847,-68.3496],[153.908,-68.3231],[154.1997,-68.4179],[154.9875,-68.8413],[155.5203,-69.0244],[156.0109,-69.0778],[156.4887,-69.183],[157.0464,-69.1763],[157.4813,-69.3087],[157.9325,-69.1808],[158.4326,-69.2994],[159.784,-69.5219],[160.1258,-69.7343],[160.1258,-69.8401],[160.2097,-69.9749],[160.6519,-70.0806],[161.037,-70.3172],[161.4245,-70.8268],[161.6251,-70.9161],[161.9161,-70.9073],[162.1895,-71.0396],[162.2777,-71.0219],[162.2865,-70.969],[162.0396,-70.625],[162.022,-70.4398],[162.216,-70.334],[162.6748,-70.3046],[163.0265,-70.5014],[163.3487,-70.6209],[163.9984,-70.6365],[164.4032,-70.5104],[165.8539,-70.6453],[166.627,-70.6643],[167.5694,-70.8103],[167.7988,-70.9249],[167.9663,-71.0925],[168.1727,-71.1832],[168.7979,-71.2748],[170.1623,-71.6305],[170.2505,-71.5687],[170.2769,-71.4439],[170.4357,-71.4188],[170.7797,-71.7451],[170.8591,-71.8686],[170.6754,-71.9686],[170.224,-71.9479],[170.0301,-72.1155],[169.9535,-72.4028],[170.2594,-72.3713],[170.2858,-72.4771],[170.2064,-72.5653],[170.0478,-72.6006],[169.4403,-72.4868],[169.0724,-72.4688],[168.7188,-72.3845],[168.4284,-72.3834],[168.82,-72.5524],[169.8286,-72.7288],[169.8448,-72.7946],[169.545,-73.0504],[169.0334,-73.2004],[168.7359,-73.0912],[168.3813,-73.0659],[168.2045,-73.1298],[167.1557,-73.1473],[166.8828,-73.0112],[166.4528,-72.936],[166.467,-72.9975],[166.834,-73.2243],[167.6158,-73.3368],[167.7091,-73.3942],[167.5342,-73.4473],[167.2965,-73.44],[166.9961,-73.5443],[166.1594,-73.5338],[165.8602,-73.5927],[166.1061,-73.7352],[165.7337,-73.8667],[165.5489,-73.8461],[165.347,-73.8794],[165.2499,-73.7824],[165.2445,-73.5712],[165.1295,-73.3826],[164.813,-73.3968],[164.7496,-73.5588],[164.8877,-73.8377],[164.9799,-73.9259],[164.906,-74.0029],[164.7757,-74.0285],[165.0372,-74.2635],[165.3998,-74.4792],[165.4086,-74.5586],[165.3028,-74.5938],[164.174,-74.5232],[163.7353,-74.5638],[163.5565,-74.4174],[163.3979,-74.3821],[163.2655,-74.4263],[163.1674,-74.602],[162.7521,-74.7361],[162.6041,-74.8231],[162.5336,-75.1671],[162.4101,-75.2376],[162.0878,-75.2616],[161.6796,-75.2178],[160.9107,-75.3347],[161.0329,-75.3959],[161.9035,-75.4042],[162.1896,-75.4669],[162.2391,-75.6217],[162.352,-75.6865],[162.754,-75.7933],[162.8157,-75.8462],[162.6482,-76.049],[162.4365,-76.1549],[162.4982,-76.2077],[162.7275,-76.2254],[162.8246,-76.4636],[162.6746,-76.5693],[162.7628,-76.7457],[162.4895,-76.8692],[162.4503,-76.9557],[163.0869,-77.0323],[163.6076,-77.3878],[163.6191,-77.5823],[163.7662,-77.6999],[164.0452,-77.7746],[164.0364,-77.853],[164.4209,-77.8835],[164.4915,-77.954],[164.4297,-78.0422],[163.9776,-78.2238],[164.2974,-78.2362],[164.6281,-78.3156],[165.0506,-78.2261],[165.4176,-78.0422],[165.524,-78.0636],[165.5342,-78.1538],[165.663,-78.3057],[166.2086,-78.4517],[167.058,-78.5185],[167.1303,-78.6062],[167.049,-78.686],[166.5246,-78.6949],[166.1168,-78.5711],[164.6348,-78.6032],[162.6395,-78.8978],[161.9745,-78.6942],[161.7574,-78.5449],[161.6692,-78.5361],[161.5104,-78.5714],[161.5018,-78.6772],[161.9515,-78.9683],[161.9515,-79.03],[161.7373,-79.06],[161.1905,-78.9787],[160.8735,-79.0497],[160.4827,-79.2015],[160.6702,-79.3589],[160.6461,-79.4269],[159.9759,-79.5856],[160.0836,-79.6325],[160.3228,-79.6355],[160.3463,-79.6915],[160.2648,-79.7366],[159.8719,-79.7898],[159.8965,-79.859],[160.3873,-79.8795],[160.558,-79.9296],[160.5588,-80.0105],[158.7675,-80.2934],[158.5604,-80.3489],[158.5736,-80.4234],[160.6373,-80.4499],[160.5213,-80.5834],[160.6014,-80.6365],[160.8232,-80.674],[160.8303,-80.7299],[160.2602,-80.7867],[160.2758,-80.8468],[160.7168,-80.9074],[160.7167,-81.1996],[160.4786,-81.2701],[160.4698,-81.3406],[160.9078,-81.3902],[161.5821,-81.6098],[161.9961,-81.653],[162.5767,-81.832],[162.8212,-81.8662],[162.8544,-81.9207],[163.6023,-82.1206],[163.6801,-82.1873],[161.1665,-82.4078],[161.2832,-82.4899],[162.6438,-82.4815],[163.0118,-82.535],[163.1747,-82.5189],[163.2686,-82.4633],[164.7472,-82.3544],[166.4459,-82.7222],[167.1163,-82.8013],[167.2713,-82.8794],[167.2326,-82.9523],[167.2975,-82.9858],[167.602,-83.0475],[168.0918,-82.9747],[168.6073,-83.0653],[168.2402,-83.2299],[167.6744,-83.2314],[167.6576,-83.2722],[168.1101,-83.362],[169.8379,-83.399],[170.332,-83.4788],[171.0357,-83.4484],[171.2207,-83.475],[171.2893,-83.5555],[171.9172,-83.644],[172.8739,-83.6731],[173.3973,-83.7588],[173.6618,-83.7609],[173.8224,-83.8102],[175.011,-83.8391],[175.3229,-83.94],[175.6058,-83.9676],[179.403,-84.2062],[180.0,-84.3516]]]}},{"type":"Feature","properties":{"name":"Sint Maarten","aliases":["Sint Maarten","Sint Maarten (Dutch part)"],"kind":"country"},"geometry":{"type":"MultiLineString","coordinates":[[[-63.1226,18.0699],[-63.023,18.0192],[-63.0111,18.0699]]]}},{"type":"Feature","properties":{"name":"Tuvalu","aliases":["Tuvalu"],"kind":"country"},"geometry":{"type":"MultiLineString","coordinates":[[[179.2006,-8.535],[179.2166,-8.5148],[179.203,-8.4663],[179.1957,-8.5348],[179.2006,-8.535]]]}},{"type":"Feature","properties":{"name":"British Columbia","aliases":["British Columbia"],"kind":"region"},"geometry":{"type":"MultiLineString","coordinates":[[[-128.7665,52.5984],[-128.7309,52.3565],[-128.679,52.2896],[-128.5099,52.5186],[-128.5524,52.9397],[-128.6327,53.1125],[-129.0333,53.2799],[-129.1759,52.9649],[-129.0229,52.756],[-128.8998,52.6738],[-128.8312,52.6788],[-128.7463,52.7634],[-128.7665,52.5984]],[[-132.3473,53.1892],[-132.0113,53.2652],[-131.9574,53.3087],[-131.8892,53.714],[-131.7025,53.9864],[-131.6676,54.1414],[-131.9408,54.042],[-132.1344,54.0343],[-132.114,53.8602],[-132.187,53.6848],[-132.5347,53.6517],[-132.5649,53.6876],[-132.2145,53.8147],[-132.1551,53.8752],[-132.1661,53.9552],[-132.2616,54.0763],[-132.3444,54.1061],[-132.5641,54.0687],[-132.6555,54.1275],[-133.0484,54.1589],[-133.0979,54.0056],[-133.0795,53.837],[-132.898,53.5627],[-132.845,53.5077],[-132.425,53.337],[-132.6926,53.3679],[-132.7475,53.3105],[-132.5205,53.194],[-132.3473,53.1892]],[[-131.1162,52.2191],[-131.1426,52.2911],[-131.3199,52.3031],[-131.2597,52.4159],[-131.43,52.4221],[-131.5906,52.5782],[-131.4552,52.7017],[-131.7273,52.7564],[-131.9718,52.8798],[-131.6347,52.9222],[-131.6523,53.103],[-131.7537,53.1956],[-131.8931,53.2314],[-132.1539,53.1605],[-132.5468,53.1375],[-132.4687,53.0719],[-132.1438,52.9993],[-132.1449,52.9575],[-132.2581,52.9339],[-132.1651,52.7833],[-131.5621,52.4],[-131.4219,52.238],[-131.2215,52.1536],[-131.1162,52.2191]],[[-123.4155,48.6982],[-123.497,48.5821],[-123.82,49.0835],[-123.9958,49.224],[-124.6429,49.4287],[-124.8306,49.5301],[-124.9307,49.6432],[-124.9046,49.6854],[-124.9347,49.7316],[-125.5343,50.3425],[-126.7009,50.5155],[-127.9181,50.8605],[-128.2416,50.8282],[-128.346,50.7442],[-128.3499,50.6966],[-128.2674,50.6093],[-128.0583,50.4985],[-127.7312,50.5357],[-127.7515,50.6074],[-127.4659,50.5831],[-127.529,50.5368],[-127.4865,50.4046],[-127.6414,50.4791],[-127.9059,50.4452],[-127.9629,50.346],[-127.8392,50.2932],[-127.8639,50.1277],[-127.4671,50.1634],[-127.3494,50.052],[-127.2498,50.138],[-127.1796,50.0731],[-127.1959,49.9492],[-127.1143,49.8797],[-126.9771,49.8828],[-126.9033,49.9441],[-126.6831,49.8765],[-126.5252,49.7196],[-126.3476,49.6608],[-126.1341,49.6723],[-126.5419,49.5905],[-126.5485,49.4189],[-126.4999,49.4],[-126.4186,49.449],[-126.3045,49.382],[-126.2436,49.4427],[-126.0999,49.4213],[-126.0203,49.368],[-125.9354,49.4015],[-125.9838,49.2879],[-125.9517,49.248],[-125.8354,49.2767],[-125.6442,49.1858],[-125.8285,49.0918],[-125.5431,48.9528],[-125.4603,48.9411],[-125.3627,48.9982],[-124.9273,49.0142],[-124.8126,49.2126],[-124.8002,49.1416],[-124.8497,49.0283],[-125.1357,48.8224],[-125.1207,48.7608],[-125.0172,48.7115],[-124.1152,48.4364],[-123.5731,48.3228],[-123.4459,48.4272],[-123.3345,48.4065],[-123.2838,48.4552],[-123.4155,48.6982]],[[-126.1153,49.365],[-126.2085,49.3798],[-126.2296,49.2957],[-126.064,49.2636],[-126.1153,49.365]],[[-124.4939,49.6675],[-124.3623,49.5882],[-124.1398,49.5104],[-124.4215,49.7278],[-124.6499,49.7584],[-124.4939,49.6675]],[[-123.3848,48.8752],[-123.3779,48.9083],[-123.6893,49.0951],[-123.541,48.9459],[-123.3848,48.8752]],[[-123.4679,48.8674],[-123.5823,48.9258],[-123.5175,48.7501],[-123.4772,48.7288],[-123.4068,48.7561],[-123.4875,48.8457],[-123.4679,48.8674]],[[-124.9777,50.0296],[-124.9075,50.084],[-124.9908,50.2171],[-125.026,50.1341],[-125.0016,50.0208],[-124.9777,50.0296]],[[-126.7381,49.8437],[-126.8261,49.8724],[-126.9258,49.8377],[-126.8969,49.7829],[-126.9513,49.7357],[-126.8142,49.6421],[-126.6412,49.6058],[-126.6499,49.7458],[-126.7381,49.8437]],[[-125.1265,50.3203],[-125.2609,50.4178],[-125.3012,50.4141],[-125.3584,50.3115],[-125.1951,50.0443],[-125.074,50.2207],[-125.1265,50.3203]],[[-129.215,52.8039],[-129.2635,52.8008],[-129.2505,52.7222],[-128.9687,52.4643],[-128.9403,52.6007],[-129.215,52.8039]],[[-130.9218,54.6149],[-130.9503,54.4778],[-130.7534,54.5997],[-130.9068,54.6318],[-130.9218,54.6149]],[[-131.1071,52.1366],[-131.1034,52.0139],[-131.0293,51.9616],[-131.0106,52.0953],[-131.1071,52.1366]],[[-130.3159,54.0469],[-130.3973,54.0857],[-130.4946,54.0742],[-130.6957,53.9513],[-130.7032,53.8922],[-130.6437,53.8445],[-130.6418,53.9211],[-130.5898,53.9403],[-130.3842,53.8439],[-130.2363,53.9585],[-130.3159,54.0469]],[[-130.0354,53.4811],[-130.452,53.6312],[-130.5176,53.5442],[-130.1514,53.3457],[-129.9344,53.1767],[-129.8486,53.1679],[-129.7689,53.2173],[-129.7548,53.2448],[-129.9447,53.4364],[-130.0354,53.4811]],[[-127.9325,51.6055],[-128.0317,51.7084],[-128.1488,51.6267],[-128.0918,51.5111],[-127.9813,51.4572],[-127.9247,51.4739],[-127.9325,51.6055]],[[-128.2981,52.5482],[-128.2473,52.7844],[-128.3649,52.7819],[-128.4398,52.6964],[-128.4125,52.4729],[-128.4454,52.3875],[-128.3436,52.4261],[-128.2981,52.5482]],[[-129.4714,53.183],[-129.5147,53.1794],[-129.4778,53.0978],[-129.37,52.9976],[-129.3137,52.9922],[-129.4714,53.183]],[[-129.1677,53.1179],[-129.177,53.2591],[-129.2382,53.3301],[-129.3239,53.1421],[-129.1677,53.1179]],[[-130.5762,54.7701],[-130.5355,54.7487],[-130.3494,54.8146],[-130.2039,54.947],[-130.2185,55.0603],[-130.0366,55.2979],[-130.1465,55.6545],[-130.112,55.7798],[-130.0251,55.8882],[-130.0947,55.6948],[-130.08,55.5629],[-129.9852,55.3588],[-129.9958,55.2641],[-130.0918,55.1078],[-130.0485,55.0573],[-129.8377,55.3191],[-129.7952,55.5596],[-129.7013,55.4386],[-129.5606,55.4625],[-129.8901,55.1646],[-130.2189,54.7303],[-130.3505,54.6553],[-130.4303,54.421],[-130.2903,54.2704],[-130.0842,54.1814],[-129.8984,54.2264],[-129.626,54.2303],[-129.7908,54.1658],[-130.0433,54.1335],[-130.0859,53.9758],[-130.2329,53.8674],[-130.3353,53.7239],[-130.2633,53.6542],[-130.0744,53.5756],[-129.9119,53.5514],[-129.8218,53.4127],[-129.5637,53.2515],[-129.4624,53.3466],[-129.2579,53.418],[-129.2081,53.6416],[-128.9594,53.8415],[-128.8902,53.8298],[-128.7048,53.9186],[-128.5321,53.8581],[-128.7147,53.81],[-128.7637,53.7469],[-128.6755,53.5546],[-128.5118,53.4766],[-128.2072,53.4832],[-127.95,53.3298],[-127.9278,53.2747],[-128.1327,53.4178],[-128.3581,53.4598],[-128.5421,53.4207],[-128.9056,53.5593],[-128.8546,53.7045],[-129.0214,53.6921],[-129.1145,53.6411],[-129.1716,53.5336],[-129.0809,53.3673],[-128.6523,53.2438],[-128.5247,53.1407],[-128.452,52.8766],[-128.365,52.8258],[-128.0533,52.9107],[-128.1324,52.8058],[-128.2751,52.4355],[-128.2715,52.363],[-128.0382,52.5312],[-127.9402,52.5452],[-128.0516,52.4533],[-128.0375,52.3182],[-128.3576,52.1589],[-128.1936,51.9983],[-128.1022,51.7884],[-127.8343,52.251],[-127.5192,52.3593],[-127.0662,52.6527],[-127.0132,52.72],[-127.0193,52.8425],[-126.9513,52.7212],[-127.1871,52.5377],[-127.194,52.4577],[-127.1271,52.3709],[-126.9382,52.3086],[-126.714,52.0607],[-127.008,52.2907],[-127.1757,52.3148],[-127.2422,52.3951],[-127.4379,52.3562],[-127.7954,52.191],[-127.8588,51.9903],[-127.7276,51.9932],[-127.8691,51.7752],[-127.8189,51.6039],[-127.7141,51.4902],[-127.6449,51.4785],[-127.4427,51.679],[-127.3387,51.7074],[-126.6915,51.7034],[-127.2807,51.6541],[-127.4197,51.6081],[-127.6892,51.3435],[-127.7081,51.1512],[-127.3569,50.9456],[-127.0576,50.8675],[-126.6318,50.9151],[-126.5173,51.0568],[-126.4846,50.9605],[-126.5218,50.8661],[-126.3746,50.8374],[-126.5173,50.7245],[-126.5144,50.6794],[-125.9041,50.7049],[-126.4475,50.5877],[-126.4045,50.5299],[-126.0943,50.4976],[-125.7724,50.5082],[-125.6413,50.4662],[-125.5394,50.649],[-125.526,50.5341],[-125.4763,50.4972],[-125.2099,50.4763],[-125.0588,50.5139],[-124.9425,50.6657],[-124.9336,50.8106],[-124.8599,50.8724],[-124.8626,50.6373],[-125.0567,50.4187],[-125.0436,50.3638],[-124.9334,50.2979],[-124.7824,50.0201],[-124.4833,49.8082],[-124.2812,49.7721],[-124.1416,49.7927],[-123.9849,49.8756],[-123.9574,49.9928],[-123.8657,50.0721],[-123.9459,50.1839],[-123.8254,50.1442],[-123.7847,50.088],[-123.9042,49.9812],[-123.8744,49.7368],[-123.7627,49.6585],[-123.5825,49.6812],[-123.8172,49.5866],[-123.9228,49.7175],[-123.9926,49.7362],[-124.0538,49.6617],[-124.0286,49.6029],[-123.8918,49.4947],[-123.5306,49.3973],[-123.3356,49.4592],[-123.325,49.5777],[-123.1875,49.6803],[-123.2768,49.3439],[-123.0155,49.3222],[-122.8791,49.3989],[-122.9477,49.2933],[-123.2294,49.2605],[-123.1819,49.1295],[-123.0795,49.1306],[-123.1176,49.0563],[-123.0857,48.992]],[[-123.0501,48.992],[-123.0023,49.0609],[-122.9242,49.0747],[-122.7883,48.992]]]}},{"type":"Feature","properties":{"name":"Alaska","aliases":["Alaska"],"kind":"region"},"geometry":{"type":"MultiLineString","coordinates":[[[-168.996,63.3473],[-169.5545,63.3735],[-169.6241,63.4306],[-170.0174,63.4917],[-170.1218,63.6175],[-170.4304,63.6988],[-171.0349,63.5855],[-171.4479,63.6157],[-171.6465,63.727],[-171.7464,63.7031],[-171.8179,63.5298],[-171.791,63.4247],[-171.5191,63.332],[-170.9541,63.4529],[-170.5271,63.3793],[-170.2727,63.2843],[-170.1896,63.1963],[-169.8186,63.1224],[-169.6764,62.9561],[-169.5713,62.9968],[-169.5593,63.0582],[-169.3647,63.1711],[-168.8524,63.1712],[-168.7613,63.2138],[-168.716,63.3106],[-168.996,63.3473]],[[-165.6306,60.0284],[-165.7124,60.0693],[-165.6894,60.2241],[-165.7297,60.3142],[-166.0437,60.3339],[-166.185,60.3968],[-166.4757,60.3828],[-166.731,60.3163],[-166.8363,60.217],[-167.4364,60.2066],[-167.1389,60.0085],[-166.1487,59.7641],[-166.1067,59.7754],[-166.1312,59.8198],[-166.0999,59.8496],[-165.5918,59.9131],[-165.6306,60.0284]],[[-163.2745,54.7656],[-163.379,54.8155],[-163.476,54.9807],[-163.553,55.0378],[-163.8071,55.0491],[-164.2737,54.9],[-164.4786,54.9068],[-164.7062,54.692],[-164.8876,54.6078],[-164.904,54.5448],[-164.8234,54.4191],[-164.5908,54.4043],[-164.4035,54.4479],[-164.2346,54.5713],[-164.0733,54.621],[-163.583,54.6257],[-163.3581,54.7357],[-163.0833,54.669],[-163.1351,54.7233],[-163.2745,54.7656]],[[-152.4115,57.6461],[-152.4826,57.7033],[-152.4191,57.7823],[-152.4288,57.8257],[-152.616,57.8489],[-152.8908,57.769],[-152.8504,57.8968],[-153.1604,57.972],[-153.2259,57.9576],[-153.1688,57.9106],[-153.2175,57.7958],[-153.3904,57.7984],[-153.4879,57.731],[-153.6956,57.8712],[-153.8058,57.8751],[-153.9044,57.8199],[-153.8794,57.7572],[-153.6932,57.6634],[-153.8381,57.6358],[-153.7978,57.4433],[-153.6877,57.3051],[-153.8054,57.3582],[-154.0079,57.5562],[-154.0298,57.6307],[-154.1162,57.6512],[-154.5353,57.5594],[-154.6732,57.4461],[-154.7122,57.3663],[-154.5693,57.2059],[-154.4988,57.0366],[-154.339,56.9209],[-154.2609,56.9118],[-154.1843,57.0053],[-154.2392,57.0869],[-154.3811,57.0965],[-154.2438,57.143],[-154.0351,57.1218],[-154.103,57.0212],[-153.9994,57.05],[-153.7932,56.9895],[-154.0709,56.8207],[-153.9727,56.7742],[-153.7572,56.8584],[-153.6433,56.9607],[-153.6465,57.0296],[-153.7326,57.0523],[-153.5883,57.0777],[-153.2744,57.2264],[-153.0516,57.2376],[-152.8791,57.3208],[-152.6791,57.3451],[-152.7813,57.4534],[-152.9975,57.4689],[-152.9408,57.4981],[-152.4122,57.4548],[-152.2162,57.577],[-152.2365,57.6149],[-152.4115,57.6461]],[[-152.1655,58.1783],[-152.0689,58.1779],[-151.9825,58.2443],[-151.9744,58.3099],[-152.0785,58.3124],[-152.1252,58.3743],[-152.1979,58.3631],[-152.3163,58.4135],[-152.3808,58.3521],[-152.6747,58.4506],[-152.8411,58.4164],[-152.7687,58.3456],[-152.7719,58.2786],[-152.9761,58.297],[-153.3813,58.0872],[-152.9284,57.9937],[-152.6831,58.0633],[-152.5982,58.1626],[-152.5376,58.101],[-152.3092,58.1339],[-152.3344,58.2081],[-152.2684,58.2517],[-152.1655,58.1783]],[[-130.9978,55.7276],[-131.2692,55.9554],[-131.625,55.8317],[-131.6476,55.5855],[-131.8461,55.4163],[-131.811,55.2231],[-131.7625,55.1658],[-131.6413,55.2989],[-131.4476,55.4088],[-131.4207,55.2759],[-131.1879,55.2063],[-131.0828,55.2668],[-130.9792,55.4892],[-130.966,55.6695],[-130.9978,55.7276]],[[-132.4687,54.9379],[-132.3413,54.9072],[-132.1893,54.7349],[-132.0217,54.7263],[-131.9809,54.8048],[-131.9764,55.2086],[-132.2067,55.2244],[-132.1603,55.323],[-132.4179,55.4829],[-132.6313,55.4732],[-132.5113,55.5939],[-132.1727,55.4806],[-132.4302,55.687],[-132.5976,55.895],[-132.7576,55.995],[-133.0966,56.09],[-133.0817,56.1942],[-133.203,56.3198],[-133.5986,56.3163],[-133.5944,56.2164],[-133.5309,56.1457],[-133.7552,55.9995],[-133.7425,55.9648],[-133.6842,55.9428],[-133.3712,56.0359],[-133.2892,56.0187],[-133.2415,55.9208],[-133.4117,55.7983],[-133.5841,55.8365],[-133.6802,55.7852],[-133.5533,55.6912],[-133.369,55.689],[-133.2982,55.6069],[-133.0334,55.5897],[-133.0825,55.5041],[-132.9589,55.3956],[-133.1186,55.3276],[-132.7823,55.0485],[-132.7041,55.0301],[-132.7018,55.1305],[-132.6222,55.1359],[-132.5938,54.9958],[-132.4687,54.9379]],[[-133.9794,57.0096],[-133.681,56.7975],[-133.6493,56.5168],[-133.6028,56.4641],[-133.2126,56.4646],[-133.1582,56.4952],[-133.1566,56.6111],[-133.329,56.8301],[-133.0349,56.6208],[-132.9592,56.6771],[-132.9541,56.8803],[-133.0708,56.9743],[-133.2635,57.005],[-133.2997,56.9722],[-133.7077,57.0628],[-133.866,57.0687],[-133.9794,57.0096]],[[-134.8849,57.2417],[-135.0652,57.4167],[-135.3463,57.5331],[-135.4487,57.5344],[-135.6245,57.3544],[-135.8228,57.2804],[-135.7677,57.1004],[-135.8123,57.0095],[-135.6619,57.0337],[-135.502,57.2438],[-135.4549,57.2494],[-135.3753,57.1884],[-135.3414,57.0816],[-135.1996,57.0273],[-135.3151,56.9318],[-135.3306,56.8219],[-135.1631,56.8241],[-135.159,56.7254],[-135.0178,56.6602],[-134.8834,56.6791],[-134.9666,56.5961],[-134.9806,56.5189],[-134.8064,56.2812],[-134.6819,56.2162],[-134.63,56.3024],[-134.6571,56.5232],[-134.6105,56.6034],[-134.6207,56.7183],[-134.8849,57.2417]],[[-134.1,57.3001],[-133.9111,57.3525],[-133.9737,57.4514],[-133.9209,57.492],[-133.937,57.5816],[-134.2671,57.8845],[-134.3069,58.0344],[-134.1803,58.0111],[-133.925,57.6708],[-133.8269,57.6176],[-133.9655,57.8738],[-134.2401,58.144],[-134.6803,58.1617],[-134.837,58.3202],[-134.9235,58.3546],[-134.9077,58.2628],[-134.7815,58.0778],[-134.6599,57.6381],[-134.4868,57.482],[-134.6195,57.1955],[-134.5915,57.092],[-134.516,57.0426],[-134.4353,57.057],[-134.2602,57.1468],[-134.1,57.3001]],[[-135.6919,57.4199],[-135.6178,57.4804],[-135.6085,57.6507],[-135.5642,57.6664],[-134.9315,57.4812],[-134.8731,57.5892],[-134.9789,57.7244],[-135.3385,57.7687],[-135.2312,57.8158],[-134.9707,57.8172],[-134.928,57.9528],[-134.9547,58.0153],[-135.3466,58.1241],[-135.6132,57.9918],[-135.6931,58.0385],[-135.6154,58.0575],[-135.5875,58.1468],[-135.7871,58.2685],[-135.9474,58.2058],[-136.0944,58.1981],[-136.1438,58.0985],[-136.322,58.2189],[-136.3695,58.1431],[-136.5123,58.096],[-136.5686,57.9722],[-136.4599,57.8731],[-136.0766,57.6746],[-135.9108,57.4466],[-135.6919,57.4199]],[[-172.3875,60.3985],[-172.5261,60.3917],[-172.7422,60.4574],[-172.8602,60.5057],[-172.9239,60.6068],[-173.0477,60.5683],[-173.074,60.4932],[-172.6357,60.3289],[-172.2321,60.2991],[-172.3875,60.3985]],[[-170.3866,57.203],[-170.358,57.1542],[-170.264,57.1368],[-170.1162,57.2418],[-170.3866,57.203]],[[-160.4929,55.3523],[-160.5175,55.3338],[-160.3433,55.2588],[-160.3293,55.3377],[-160.4929,55.3523]],[[-160.5832,55.3076],[-160.5528,55.3808],[-160.6697,55.3143],[-160.6957,55.3983],[-160.7892,55.3831],[-160.8465,55.3113],[-160.8255,55.174],[-160.7951,55.1452],[-160.4875,55.1849],[-160.5832,55.3076]],[[-162.4339,54.9315],[-162.3219,54.8424],[-162.2337,54.932],[-162.2646,54.9835],[-162.4339,54.9315]],[[-162.8206,54.4945],[-162.8117,54.4444],[-162.7331,54.4023],[-162.5544,54.4014],[-162.6454,54.4621],[-162.8206,54.4945]],[[-159.4619,55.0588],[-159.4213,54.9781],[-159.362,54.9724],[-159.3904,55.0409],[-159.4619,55.0588]],[[-159.8982,55.2213],[-159.8874,55.273],[-160.1721,55.123],[-160.1536,55.0383],[-160.2271,54.9227],[-159.8541,55.1447],[-159.8394,55.1824],[-159.8982,55.2213]],[[-159.5151,55.1519],[-159.5451,55.226],[-159.5748,55.2177],[-159.6485,55.0746],[-159.535,55.0596],[-159.5151,55.1519]],[[-169.9826,52.851],[-169.9806,52.806],[-169.7228,52.7923],[-169.6919,52.8474],[-169.7549,52.8836],[-169.9826,52.851]],[[-170.6821,52.6976],[-170.8271,52.6007],[-170.8161,52.5615],[-170.6493,52.5931],[-170.5866,52.6424],[-170.6081,52.6851],[-170.6821,52.6976]],[[-165.7645,54.1521],[-165.9664,54.211],[-166.1058,54.1448],[-166.0566,54.0543],[-165.9099,54.0492],[-165.6929,54.0999],[-165.7645,54.1521]],[[-165.4417,54.208],[-165.5506,54.2845],[-165.6541,54.2533],[-165.6048,54.1292],[-165.4079,54.1968],[-165.4417,54.208]],[[-167.8047,53.485],[-167.9857,53.5582],[-168.2877,53.5001],[-168.3964,53.4088],[-168.3804,53.2834],[-168.6898,53.2272],[-168.7778,53.1488],[-168.7959,53.0449],[-169.0889,52.832],[-168.5056,53.0432],[-168.2707,53.238],[-167.8651,53.3873],[-167.8047,53.485]],[[-166.522,53.6097],[-166.3095,53.6975],[-166.5492,53.701],[-166.4888,53.7855],[-166.2309,53.9326],[-166.3723,53.999],[-166.5722,53.8535],[-166.6274,53.9957],[-166.9781,53.9629],[-167.0905,53.9057],[-167.1056,53.8134],[-166.7413,53.7129],[-166.809,53.6461],[-166.8941,53.6971],[-167.0157,53.6984],[-167.0923,53.6359],[-167.1361,53.5265],[-167.8088,53.3238],[-167.6694,53.26],[-167.5225,53.2762],[-167.1537,53.4079],[-166.7704,53.476],[-166.522,53.6097]],[[-166.2344,53.7842],[-166.2494,53.7452],[-166.2098,53.7233],[-166.1027,53.8328],[-166.2344,53.7842]],[[-172.4704,52.388],[-172.5822,52.3256],[-172.6198,52.2729],[-172.5391,52.2575],[-172.3136,52.3296],[-172.4704,52.388]],[[-173.3572,52.0957],[-173.6568,52.1437],[-173.7941,52.1043],[-173.9925,52.1233],[-173.8358,52.0482],[-173.0229,52.0791],[-173.3572,52.0957]],[[-174.1689,52.4202],[-174.4355,52.3172],[-174.2588,52.269],[-174.3062,52.2162],[-175.2956,52.0222],[-175.2139,51.9939],[-174.6774,52.035],[-174.1207,52.1352],[-174.1794,52.2003],[-174.0549,52.246],[-174.0184,52.3318],[-174.1689,52.4202]],[[-176.1937,51.8863],[-176.2044,51.8348],[-176.0934,51.7905],[-176.009,51.8124],[-176.1937,51.8863]],[[-176.2867,51.792],[-176.3786,51.8611],[-176.4137,51.8406],[-176.3961,51.7599],[-176.3497,51.7333],[-176.2867,51.792]],[[-176.5879,51.8332],[-176.5499,51.944],[-176.6983,51.986],[-176.7364,51.8399],[-176.8744,51.7905],[-176.9616,51.6037],[-176.8371,51.6759],[-176.7709,51.6299],[-176.4374,51.7543],[-176.4375,51.8201],[-176.5879,51.8332]],[[-176.0451,51.973],[-175.9881,52.0495],[-176.1557,52.0994],[-176.1775,52.0298],[-176.0451,51.973]],[[-177.2098,51.8413],[-177.3347,51.7762],[-177.6702,51.7011],[-177.177,51.7037],[-177.063,51.9019],[-177.1315,51.9298],[-177.2098,51.8413]],[[-177.6445,51.8263],[-177.7996,51.84],[-177.9538,51.9185],[-178.1945,51.8822],[-177.9864,51.7643],[-178.0,51.7175],[-178.0785,51.6913],[-177.9253,51.6174],[-177.7707,51.7779],[-177.6445,51.8263]],[[-161.0846,58.6713],[-161.1315,58.6682],[-161.0703,58.5691],[-160.919,58.5771],[-160.7151,58.7952],[-160.9862,58.7364],[-161.0846,58.6713]],[[-153.1568,57.0939],[-152.9334,57.1292],[-152.9084,57.1524],[-153.2852,57.1851],[-153.3543,57.1319],[-153.3746,57.0519],[-153.2954,57.0004],[-153.1568,57.0939]],[[-151.9597,60.5038],[-152.0045,60.4074],[-152.069,60.3581],[-151.9869,60.374],[-151.8873,60.4727],[-151.9597,60.5038]],[[-152.5155,58.4786],[-152.3928,58.5409],[-152.3679,58.6111],[-152.4632,58.6185],[-152.6366,58.5417],[-152.5155,58.4786]],[[-153.2406,57.8501],[-153.347,57.9328],[-153.5201,57.9558],[-153.295,57.8295],[-153.2406,57.8501]],[[-155.7374,55.8298],[-155.6049,55.7896],[-155.566,55.8212],[-155.5732,55.9211],[-155.7374,55.8298]],[[-154.5175,56.6005],[-154.7293,56.5021],[-154.7739,56.4203],[-154.4449,56.5732],[-154.5175,56.6005]],[[-154.2167,56.6087],[-154.3222,56.5706],[-154.3321,56.539],[-154.2086,56.5149],[-154.1072,56.5578],[-154.1104,56.6029],[-154.2167,56.6087]],[[-146.3717,60.4222],[-146.5603,60.4806],[-146.7029,60.3956],[-146.5953,60.2685],[-146.1022,60.4112],[-146.3717,60.4222]],[[-145.2843,60.3368],[-145.1505,60.3126],[-145.1024,60.3882],[-145.1281,60.4011],[-145.2843,60.3368]],[[-144.5416,59.8782],[-144.6136,59.8126],[-144.2357,60.0152],[-144.354,59.9962],[-144.5416,59.8782]],[[-147.0199,60.3322],[-147.1809,60.3583],[-147.3365,60.1854],[-147.7681,59.9438],[-147.8725,59.8284],[-147.8463,59.7988],[-147.7359,59.8132],[-147.4993,59.8902],[-147.3185,60.0753],[-146.9867,60.2543],[-146.9579,60.2889],[-147.0199,60.3322]],[[-147.9142,60.0923],[-148.0796,60.1517],[-148.2307,60.1135],[-148.2719,60.0533],[-148.0742,60.0347],[-147.9142,60.0923]],[[-147.8417,60.3513],[-147.8915,60.2994],[-147.8713,60.2298],[-147.8053,60.2307],[-147.7878,60.1779],[-147.66,60.3525],[-147.69,60.3989],[-147.6583,60.4505],[-147.6886,60.4914],[-147.7602,60.4388],[-147.7945,60.4599],[-147.8417,60.3513]],[[-147.9307,60.8262],[-147.9644,60.9001],[-148.0377,60.9241],[-148.1017,60.9161],[-148.1238,60.8443],[-147.9307,60.8262]],[[-132.6767,54.7262],[-132.6172,54.8924],[-132.7723,54.9261],[-132.8377,54.881],[-133.0974,55.2137],[-133.2966,55.3257],[-133.4291,55.3038],[-133.4538,55.2604],[-133.418,55.2107],[-133.2512,55.1751],[-133.1227,54.9698],[-132.8896,54.7626],[-132.7058,54.6842],[-132.6767,54.7262]],[[-133.8553,56.5822],[-133.7673,56.6001],[-133.7384,56.6504],[-133.7781,56.7289],[-133.8309,56.7813],[-133.9248,56.7757],[-134.0518,56.8983],[-134.1433,56.9323],[-134.2744,56.9182],[-134.3737,56.8387],[-134.3844,56.724],[-134.2784,56.6171],[-134.2902,56.58],[-134.0844,56.4563],[-134.1955,56.4135],[-134.2451,56.2033],[-134.1896,56.077],[-134.1224,56.0774],[-134.0675,56.133],[-133.994,56.1011],[-133.9497,56.1277],[-133.8846,56.2921],[-133.8553,56.5822]],[[-133.6342,55.5393],[-133.7371,55.4969],[-133.635,55.4133],[-133.6502,55.2693],[-133.2817,55.4979],[-133.3456,55.5591],[-133.4548,55.5223],[-133.6342,55.5393]],[[-131.4313,54.9965],[-131.4457,54.9093],[-131.232,54.9038],[-131.4046,55.2133],[-131.5654,55.2641],[-131.5922,55.0257],[-131.54,55.0485],[-131.4313,54.9965]],[[-132.9065,56.6374],[-132.948,56.5672],[-132.8847,56.5125],[-132.7576,56.511],[-132.568,56.5758],[-132.6559,56.6847],[-132.8425,56.7948],[-132.9065,56.6374]],[[-132.3798,56.4988],[-132.5987,56.2416],[-132.699,56.1982],[-132.6914,56.1301],[-132.6599,56.0782],[-132.4512,56.0563],[-132.3686,55.9397],[-132.133,55.9433],[-132.0669,56.2442],[-132.3165,56.4875],[-132.3798,56.4988]],[[-132.9355,56.4418],[-133.035,56.3409],[-132.8915,56.2594],[-132.7799,56.2473],[-132.6466,56.3132],[-132.6434,56.4352],[-132.9355,56.4418]],[[-134.3127,58.2289],[-134.52,58.3325],[-134.6616,58.2909],[-134.4563,58.2065],[-134.3127,58.2289]],[[-141.0011,69.6507],[-141.4079,69.6534],[-141.6992,69.7704],[-142.297,69.8699],[-142.7079,70.0338],[-143.2183,70.1163],[-144.4169,70.039],[-144.6192,69.9821],[-145.1974,70.0087],[-145.8231,70.1601],[-147.0629,70.1704],[-147.7054,70.2172],[-147.8695,70.3033],[-148.1427,70.3555],[-148.4792,70.3179],[-148.6884,70.4163],[-149.2694,70.5008],[-149.8701,70.5097],[-150.2736,70.4343],[-150.6626,70.5099],[-151.2248,70.4188],[-151.9447,70.4521],[-151.769,70.5602],[-152.1729,70.5566],[-152.2534,70.5683],[-152.2697,70.6147],[-152.4706,70.6536],[-152.4373,70.7333],[-152.2329,70.8104],[-152.3004,70.8468],[-153.2329,70.9326],[-153.9182,70.8773],[-154.1952,70.8011],[-154.7852,70.8943],[-154.6737,70.9871],[-154.9438,71.0831],[-155.1668,71.0992],[-155.5794,70.8943],[-155.9735,70.842],[-156.1466,70.9278],[-155.8043,70.9954],[-155.6346,71.0616],[-155.5794,71.1211],[-155.6456,71.1828],[-156.47,71.2916],[-156.5672,71.3416],[-156.3953,71.3967],[-156.4702,71.4077],[-156.7833,71.3189],[-157.3248,71.0396],[-157.9094,70.8601],[-158.9963,70.8016],[-159.2512,70.7484],[-159.3398,70.7812],[-159.1832,70.8319],[-159.1917,70.8597],[-159.3145,70.8785],[-159.6809,70.7868],[-160.0816,70.6349],[-159.9618,70.6341],[-159.7462,70.5305],[-159.3868,70.5245],[-159.6833,70.4771],[-159.815,70.4971],[-159.8657,70.2789],[-159.9076,70.3314],[-160.0951,70.3333],[-160.0056,70.4476],[-160.1064,70.4726],[-159.9631,70.5682],[-160.1171,70.5912],[-160.9963,70.3046],[-162.0739,70.162],[-161.7611,70.2577],[-161.881,70.3317],[-162.9521,69.7581],[-163.0936,69.6107],[-163.1615,69.3879],[-163.2052,69.3925],[-163.5357,69.1701],[-163.8679,69.0367],[-164.3023,68.9365],[-165.5095,68.8676],[-166.2091,68.8854],[-166.182,68.7972],[-166.3805,68.4251],[-166.5704,68.3611],[-166.6479,68.3738],[-166.5459,68.4244],[-166.7863,68.3596],[-166.2359,68.2779],[-165.9596,68.1559],[-165.386,68.0456],[-164.1252,67.6067],[-163.9427,67.4776],[-163.7206,67.1956],[-163.5318,67.1026],[-163.0017,67.0273],[-162.5831,67.0185],[-162.4094,67.104],[-162.3916,67.0199],[-161.9654,67.0496],[-161.7199,67.0206],[-161.6222,66.9793],[-161.8788,66.804],[-161.8567,66.7003],[-161.398,66.5519],[-160.864,66.6709],[-160.6438,66.605],[-160.3609,66.6125],[-160.2625,66.5725],[-160.2317,66.4203],[-160.6505,66.3731],[-161.1558,66.4953],[-161.591,66.4595],[-161.9096,66.5596],[-162.0507,66.6673],[-162.0176,66.7841],[-162.1314,66.8014],[-162.2536,66.9187],[-162.3616,66.9473],[-162.6074,66.8944],[-162.4674,66.7356],[-162.1912,66.6931],[-161.8876,66.4931],[-161.9169,66.4118],[-161.8282,66.3709],[-161.5444,66.407],[-161.1203,66.3343],[-161.0343,66.1888],[-161.1092,66.2395],[-161.2011,66.2194],[-161.4554,66.2814],[-161.5568,66.2505],[-161.8163,66.0537],[-161.9337,66.0429],[-162.5869,66.0508],[-162.8865,66.0992],[-163.6954,66.0838],[-164.0337,66.2155],[-163.8939,66.2869],[-163.9029,66.3784],[-163.7755,66.5311],[-163.8939,66.5759],[-163.6382,66.5747],[-163.7277,66.6165],[-164.4605,66.5884],[-165.064,66.4378],[-165.4494,66.4099],[-165.8119,66.2885],[-165.8402,66.2451],[-165.5602,66.1671],[-165.6299,66.1312],[-166.0089,66.1213],[-166.2146,66.1703],[-166.3987,66.1444],[-166.7477,66.0519],[-167.0742,65.8771],[-167.4053,65.8593],[-167.58,65.7583],[-167.9144,65.6812],[-167.9306,65.7481],[-168.0884,65.6578],[-167.9873,65.5678],[-167.404,65.4221],[-166.157,65.2858],[-166.1215,65.2607],[-166.4517,65.2473],[-166.531,65.1547],[-166.9284,65.1571],[-166.5509,64.953],[-166.4152,64.9265],[-166.4087,64.827],[-166.4781,64.7976],[-166.4814,64.7281],[-166.3251,64.6257],[-166.1428,64.5828],[-164.9788,64.4537],[-164.7649,64.5296],[-164.6918,64.5074],[-164.304,64.5839],[-163.7131,64.5882],[-163.4862,64.5498],[-163.1443,64.4238],[-163.0518,64.5197],[-163.1741,64.533],[-163.3028,64.6059],[-163.2039,64.652],[-162.8764,64.5164],[-162.807,64.3742],[-162.7111,64.3775],[-162.3346,64.6128],[-161.8683,64.7427],[-161.7594,64.8163],[-161.4664,64.7949],[-161.1302,64.9254],[-160.887,64.7956],[-160.836,64.6819],[-160.9319,64.5791],[-161.1931,64.5164],[-161.4146,64.5264],[-161.4907,64.4338],[-161.2201,64.3966],[-160.9875,64.2513],[-160.7786,63.8189],[-160.8265,63.7293],[-160.9267,63.6605],[-161.266,63.497],[-161.5054,63.4682],[-161.974,63.4529],[-162.0563,63.4713],[-162.1125,63.5342],[-162.2828,63.5292],[-162.6215,63.2658],[-162.9477,63.115],[-163.2878,63.0464],[-163.5043,63.1059],[-163.7378,63.0164],[-163.6163,63.1251],[-163.9429,63.2472],[-164.1076,63.2617],[-164.409,63.215],[-164.5252,63.1276],[-164.3842,63.0305],[-164.6774,63.0205],[-164.7997,62.9181],[-164.8454,62.801],[-164.7927,62.6232],[-164.5895,62.7094],[-164.688,62.6083],[-164.8444,62.5811],[-164.7579,62.4967],[-164.9997,62.5338],[-165.1945,62.4735],[-165.7073,62.1004],[-165.7439,62.0117],[-165.7252,61.9594],[-165.6128,61.8693],[-166.0788,61.8031],[-166.0199,61.7483],[-165.8089,61.6961],[-166.1681,61.6508],[-166.1527,61.5459],[-166.094,61.5067],[-165.9613,61.5509],[-165.8453,61.5362],[-165.7971,61.4912],[-165.9063,61.4038],[-165.864,61.3357],[-165.6914,61.2999],[-165.5659,61.1023],[-165.3808,61.1063],[-165.392,61.2123],[-165.2736,61.2749],[-165.2439,61.2687],[-165.3449,61.1977],[-165.2038,61.1528],[-165.1278,61.1924],[-165.1377,61.1301],[-165.0771,61.0942],[-164.869,61.1118],[-165.1755,60.9657],[-165.1148,60.9328],[-163.9946,60.8647],[-163.749,60.9697],[-163.5869,60.903],[-163.9065,60.8538],[-163.4209,60.7574],[-163.5287,60.6646],[-163.73,60.59],[-163.8949,60.7452],[-163.9996,60.7661],[-164.3724,60.5918],[-164.2657,60.7247],[-164.3185,60.7713],[-164.8052,60.892],[-164.8998,60.8731],[-165.016,60.74],[-165.3538,60.5412],[-165.0265,60.5006],[-165.0611,60.4125],[-164.8,60.3072],[-164.6623,60.3038],[-164.4705,60.1493],[-164.1315,59.9942],[-164.1428,59.8968],[-163.9069,59.8068],[-163.2194,59.8456],[-162.8778,59.9228],[-162.7326,59.9937],[-162.5708,59.9897],[-162.5005,60.1266],[-162.527,60.1991],[-162.685,60.2689],[-162.4687,60.3947],[-162.138,60.6855],[-161.9466,60.6848],[-162.1389,60.6144],[-162.4213,60.284],[-162.2425,60.1783],[-162.1381,59.98],[-161.8287,59.5886],[-161.8722,59.4283],[-162.0233,59.284],[-161.9811,59.1461],[-161.8908,59.0761],[-161.6444,59.1097],[-161.7887,59.0164],[-161.7805,58.8974],[-161.7244,58.7943],[-161.8565,58.7171],[-162.1449,58.6442],[-161.7555,58.612],[-161.3613,58.6695],[-161.2468,58.7995],[-160.8171,58.8717],[-160.3631,59.0512],[-160.1526,58.9059],[-159.9202,58.8199],[-159.6703,58.9111],[-159.4542,58.7929],[-159.0827,58.4698],[-158.9507,58.4045],[-158.7886,58.441],[-158.7721,58.5203],[-158.8614,58.7188],[-158.7755,58.9025],[-158.8095,58.9739],[-158.6783,58.9294],[-158.5144,59.0729],[-158.4228,59.0898],[-158.0805,58.9774],[-158.4256,58.9993],[-158.5032,58.8503],[-158.3026,58.6418],[-158.1909,58.6143],[-157.142,58.8776],[-156.8089,59.1343],[-157.0405,58.7726],[-156.9747,58.7363],[-157.2289,58.6409],[-157.4609,58.503],[-157.5236,58.4213],[-157.4884,58.2537],[-157.1937,58.1942],[-157.555,58.1399],[-157.6109,58.0508],[-157.6212,57.8952],[-157.6972,57.6794],[-157.5716,57.5407],[-157.4619,57.5062],[-157.5353,57.4834],[-157.7372,57.5481],[-157.8458,57.5281],[-158.3209,57.2979],[-158.6608,57.0394],[-158.6751,56.7949],[-158.8949,56.8164],[-158.918,56.8822],[-159.2831,56.6886],[-159.7851,56.5616],[-160.3021,56.3141],[-160.5391,56.0063],[-160.4799,55.9354],[-160.3085,55.8645],[-160.2701,55.8322],[-160.2917,55.8051],[-160.7063,55.8705],[-160.7584,55.8546],[-160.7455,55.7715],[-160.8028,55.7544],[-161.0054,55.8872],[-160.9024,55.9413],[-160.8986,55.9937],[-161.1925,55.9543],[-161.2226,55.9774],[-161.1786,56.0145],[-161.2156,56.0214],[-161.6973,55.9072],[-162.1571,55.7194],[-162.9066,55.1956],[-163.1145,55.1939],[-163.2788,55.1218],[-163.3353,54.8392],[-163.1311,54.9166],[-163.1002,54.9736],[-163.1196,55.0647],[-162.9959,55.0465],[-162.865,54.9545],[-162.6744,54.9966],[-162.6189,55.0384],[-162.6304,55.2467],[-162.4953,55.2084],[-162.4125,55.1069],[-162.4575,55.0777],[-162.3864,55.0523],[-162.1666,55.1437],[-162.074,55.1393],[-161.7416,55.3912],[-161.6543,55.5634],[-161.5169,55.6184],[-161.3575,55.6122],[-161.2021,55.5436],[-161.4133,55.5361],[-161.4767,55.4649],[-161.4639,55.3825],[-161.178,55.3889],[-160.8967,55.5136],[-160.7708,55.4835],[-160.6252,55.5524],[-160.4993,55.5373],[-160.3732,55.6351],[-159.7714,55.8411],[-159.6785,55.8247],[-159.6597,55.6259],[-159.5676,55.6952],[-159.5232,55.81],[-158.7898,55.9869],[-158.5912,56.1845],[-158.5427,56.1668],[-158.5233,56.0725],[-158.4761,56.0755],[-158.2756,56.1962],[-158.3861,56.3016],[-158.5521,56.3127],[-158.4144,56.4358],[-157.93,56.5205],[-158.0783,56.5521],[-157.8691,56.6452],[-157.5784,56.6345],[-157.4406,56.7903],[-157.1392,56.8266],[-156.7799,57.0056],[-156.629,57.01],[-156.592,57.0651],[-156.4751,57.1052],[-156.4005,57.2048],[-156.4784,57.3279],[-156.4359,57.36],[-156.2422,57.4492],[-156.0554,57.4476],[-156.0002,57.545],[-155.778,57.5682],[-155.5902,57.7336],[-155.1474,57.8818],[-155.0069,58.0161],[-154.5849,58.0557],[-154.5706,58.1181],[-154.247,58.1594],[-154.2081,58.2888],[-154.289,58.3043],[-154.0859,58.3658],[-154.0199,58.493],[-153.862,58.5878],[-153.6173,58.6547],[-153.4376,58.7548],[-153.3271,58.8843],[-153.4183,58.96],[-154.1783,59.1556],[-154.0675,59.3364],[-154.0883,59.3633],[-153.7526,59.5099],[-153.6094,59.615],[-153.6525,59.647],[-153.4144,59.7401],[-153.3665,59.7298],[-153.364,59.6599],[-153.0936,59.7091],[-153.0246,59.794],[-153.2112,59.8427],[-152.7595,59.9209],[-152.6601,59.9972],[-152.6286,60.0411],[-152.6647,60.1253],[-153.025,60.2957],[-152.654,60.2384],[-152.3688,60.3363],[-152.2603,60.4094],[-152.3051,60.453],[-152.2707,60.5281],[-151.9962,60.6822],[-151.7505,60.7549],[-151.7844,60.8332],[-151.734,60.9107],[-151.5935,60.9796],[-151.1501,61.0858],[-150.9455,61.1982],[-150.5672,61.3068],[-150.4718,61.26],[-149.9757,61.2793],[-149.8237,61.4134],[-149.6953,61.4707],[-149.4335,61.5008],[-149.3291,61.4974],[-149.7369,61.3633],[-149.8953,61.2317],[-150.0533,61.1711],[-149.5925,60.9938],[-149.1422,60.9357],[-149.0751,60.8764],[-149.6325,60.952],[-150.113,60.9328],[-150.4413,61.0236],[-151.3218,60.7429],[-151.355,60.6599],[-151.3127,60.4665],[-151.396,60.2745],[-151.7345,59.9883],[-151.8532,59.7821],[-151.7638,59.7],[-151.4501,59.6504],[-151.0895,59.7894],[-151.0465,59.7718],[-151.3996,59.5163],[-151.85,59.4063],[-151.9317,59.3427],[-151.9495,59.2651],[-151.7382,59.1885],[-151.3664,59.2456],[-151.1707,59.2369],[-151.1828,59.3008],[-150.9345,59.2491],[-150.8528,59.3418],[-150.6774,59.427],[-150.6074,59.5634],[-150.4854,59.5353],[-150.3381,59.5813],[-150.198,59.5666],[-149.9665,59.69],[-150.0053,59.7844],[-149.7825,59.7503],[-149.7948,59.8558],[-149.7139,59.9196],[-149.598,59.7705],[-149.3953,60.1058],[-149.2666,59.9983],[-149.1216,60.0335],[-149.0042,59.98],[-148.7509,59.9478],[-148.4307,59.9891],[-148.3331,60.122],[-148.1976,60.1678],[-148.2159,60.3231],[-148.1817,60.3931],[-147.9641,60.4849],[-148.0507,60.5672],[-148.1192,60.5751],[-148.6401,60.4895],[-148.5096,60.5652],[-148.305,60.5834],[-148.2567,60.6753],[-148.5562,60.827],[-148.3444,60.8536],[-148.2087,61.0299],[-148.4107,61.0115],[-148.3419,61.0604],[-148.0494,61.0827],[-147.7519,61.2189],[-147.9712,61.019],[-147.9908,60.9483],[-147.8076,60.8854],[-147.6557,60.9095],[-147.5673,60.9949],[-147.3614,60.9145],[-147.195,60.9968],[-146.874,61.0049],[-146.5827,61.1278],[-146.2849,61.1126],[-146.5991,61.0535],[-146.6384,60.8973],[-146.392,60.8108],[-146.5705,60.7291],[-146.503,60.7008],[-146.251,60.7491],[-146.1823,60.7348],[-146.149,60.6607],[-145.6749,60.6511],[-145.8989,60.4782],[-145.2483,60.3801],[-144.6911,60.6691],[-144.8244,60.5336],[-144.9013,60.3352],[-144.643,60.2247],[-144.1855,60.1507],[-144.0885,60.0843],[-144.1609,60.0458],[-144.1472,60.0164],[-143.8051,60.0129],[-142.9457,60.097],[-142.5486,60.086],[-141.6702,59.9699],[-141.4471,60.0194],[-141.4097,60.0423],[-141.4087,60.1177],[-141.3295,60.0828],[-141.2899,60.0042],[-141.4083,59.9028],[-140.8432,59.7489],[-140.4198,59.7107],[-139.9169,59.8057],[-139.5189,60.0171],[-139.4314,60.0123],[-139.2425,59.8928],[-138.9881,59.835],[-139.2208,59.8199],[-139.2867,59.6109],[-139.331,59.877],[-139.4469,59.9568],[-139.5123,59.9536],[-139.5822,59.8483],[-139.513,59.6981],[-139.6116,59.6103],[-139.7991,59.5462],[-138.8843,59.2369],[-138.5149,59.1659],[-138.5603,59.1292],[-138.3525,59.0873],[-138.0269,58.9415],[-137.8637,58.7855],[-137.5646,58.6259],[-137.544,58.5812],[-136.6074,58.244],[-136.4624,58.328],[-136.0813,58.3642],[-136.0615,58.4527],[-136.2246,58.6022],[-136.4837,58.6177],[-136.4101,58.7006],[-136.6139,58.8093],[-136.8791,58.8815],[-137.059,58.8737],[-136.948,58.9349],[-136.989,59.0345],[-136.5662,58.9409],[-136.4512,58.8463],[-136.2258,58.7655],[-136.1242,58.8196],[-136.15,59.0481],[-136.0166,58.874],[-135.8264,58.8979],[-136.0431,58.8216],[-135.8617,58.5771],[-135.8976,58.4002],[-135.5718,58.4121],[-135.45,58.3761],[-135.3025,58.2559],[-135.0902,58.2458],[-135.062,58.3409],[-135.3861,59.0875],[-135.5023,59.2023],[-135.4001,59.2079],[-135.4841,59.3087],[-135.4127,59.3185],[-135.3637,59.4194],[-135.3303,59.2391],[-135.2174,59.0766],[-135.1318,58.8429],[-134.9861,58.7656],[-134.9425,58.6463],[-134.7761,58.4539],[-134.2088,58.233],[-133.9438,58.4983],[-133.8768,58.5182],[-134.0453,58.2893],[-134.0311,58.0722],[-133.7223,57.8442],[-133.6573,57.841],[-133.5594,57.9245],[-133.1943,57.8777],[-133.5111,57.8801],[-133.5352,57.833],[-133.5155,57.7751],[-133.117,57.5662],[-133.5542,57.6951],[-133.6487,57.6423],[-133.539,57.5541],[-133.4367,57.3369],[-133.4659,57.1722],[-132.8246,57.0558],[-132.8388,56.9602],[-132.8022,56.8952],[-132.6395,56.7964],[-132.4871,56.7664],[-132.4759,56.6497],[-132.3577,56.6259],[-132.305,56.5199],[-132.182,56.4207],[-132.0219,56.3801],[-131.8879,56.2416],[-131.5514,56.2068],[-131.8438,56.1601],[-132.0057,55.9301],[-132.2075,55.7534],[-132.2234,55.721],[-132.119,55.5698],[-131.945,55.5541],[-131.8033,55.766],[-131.8262,55.8354],[-131.7842,55.8766],[-131.0328,56.0881],[-131.1404,55.9975],[-131.1277,55.9602],[-130.9186,55.736],[-130.856,55.3551],[-130.7482,55.318],[-130.9839,55.2439],[-131.0479,55.1577],[-130.8496,54.8076],[-130.5744,54.7692]],[[-130.2139,55.0247],[-130.1718,55.137],[-130.0366,55.2979],[-130.1465,55.6545],[-130.112,55.7798],[-130.0245,55.8873]],[[-169.6239,56.6151],[-169.7552,56.6351],[-169.7662,56.608],[-169.5869,56.5424],[-169.4743,56.594],[-169.6239,56.6151]],[[-165.8222,66.3281],[-166.0325,66.2777],[-166.1486,66.2218],[-165.9423,66.2782],[-165.8222,66.3281]]]}},{"type":"Feature","properties":{"name":"California","aliases":["California"],"kind":"region"},"geometry":{"type":"MultiLineString","coordinates":[[[-120.3533,34.0606],[-120.3677,34.0733],[-120.4416,34.0329],[-120.3066,34.0249],[-120.3533,34.0606]],[[-119.5251,33.282],[-119.5752,33.2783],[-119.5437,33.2246],[-119.438,33.2172],[-119.5251,33.282]],[[-118.5075,32.9599],[-118.5571,33.0327],[-118.5902,33.0112],[-118.4732,32.8389],[-118.3504,32.8276],[-118.5075,32.9599]],[[-120.2519,34.0139],[-120.1139,33.9049],[-119.9839,33.9733],[-120.0718,34.0265],[-120.2519,34.0139]],[[-119.6789,34.0285],[-119.8824,34.0797],[-119.9181,34.0678],[-119.8855,33.9949],[-119.8096,33.9678],[-119.5493,34.0282],[-119.6789,34.0285]],[[-118.4693,33.3571],[-118.4463,33.3171],[-118.2975,33.3121],[-118.3917,33.4151],[-118.5548,33.4771],[-118.5633,33.4371],[-118.5073,33.427],[-118.4693,33.3571]],[[-124.2291,42.0015],[-124.2087,41.8886],[-124.2446,41.7879],[-124.1177,41.6217],[-124.0685,41.3842],[-124.14,41.1559],[-124.1331,40.9698],[-124.2192,40.7907],[-124.1902,40.7717],[-124.22,40.6965],[-124.2539,40.7403],[-124.2837,40.7105],[-124.3717,40.4912],[-124.3565,40.3711],[-124.324,40.252],[-124.1085,40.0945],[-123.8329,39.7755],[-123.7778,39.5149],[-123.8203,39.3684],[-123.7195,39.111],[-123.7011,38.9073],[-123.2897,38.5358],[-123.1211,38.4493],[-123.0462,38.3051],[-122.9082,38.1966],[-122.8768,38.1233],[-122.9776,38.2273],[-122.9988,37.9886],[-122.932,38.0555],[-122.5213,37.8264],[-122.4669,37.8382],[-122.4839,38.1088],[-122.3934,38.1448],[-122.1538,38.0655],[-122.0315,38.1235],[-121.8808,38.075],[-121.5253,38.0559],[-122.0867,38.0496],[-122.3143,38.0073],[-122.3854,37.9606],[-122.0705,37.4783],[-122.2976,37.5918],[-122.3697,37.6559],[-122.3841,37.7885],[-122.4456,37.798],[-122.5142,37.772],[-122.4992,37.5426],[-122.4084,37.3731],[-122.3949,37.2075],[-122.1642,36.991],[-121.8807,36.9389],[-121.8074,36.8512],[-121.79,36.7323],[-121.9187,36.5724],[-121.8774,36.3311],[-121.6644,36.1541],[-121.3438,35.7922],[-121.2838,35.6763],[-120.8996,35.4251],[-120.8603,35.3654],[-120.8849,35.275],[-120.8574,35.2097],[-120.6591,35.1224],[-120.6249,34.812],[-120.6447,34.58],[-120.4812,34.4716],[-119.6061,34.418],[-119.2677,34.2574],[-119.2358,34.1641],[-119.1437,34.112],[-118.832,34.0245],[-118.5062,34.0174],[-118.393,33.8583],[-118.4104,33.7439],[-118.0805,33.7222],[-117.4674,33.2955],[-117.3188,33.1],[-117.263,32.9389],[-117.2435,32.664],[-117.1837,32.6879],[-117.1374,32.6492],[-117.1279,32.5324]]]}},{"type":"Feature","properties":{"name":"Hawaii","aliases":["Hawaii"],"kind":"region"},"geometry":{"type":"MultiLineString","coordinates":[[[-154.9526,19.6446],[-154.989,19.732],[-155.0659,19.7482],[-155.0861,19.8756],[-155.1988,19.9944],[-155.8316,20.2758],[-155.8743,20.2598],[-155.8928,20.1674],[-155.8203,20.0142],[-156.0487,19.75],[-155.8907,19.3825],[-155.8813,19.0705],[-155.6256,18.9639],[-155.5353,19.1091],[-155.3096,19.2602],[-155.0535,19.3192],[-154.8503,19.4541],[-154.8042,19.5245],[-154.9526,19.6446]],[[-156.9172,21.1773],[-157.25,21.2298],[-157.2903,21.1126],[-156.8599,21.0563],[-156.7122,21.1551],[-156.9172,21.1773]],[[-156.1035,20.8403],[-156.2775,20.9513],[-156.4608,20.9147],[-156.5854,21.0343],[-156.6569,21.0245],[-156.6978,20.9491],[-156.6154,20.8218],[-156.4801,20.8012],[-156.4088,20.6052],[-156.1071,20.6448],[-156.0136,20.7148],[-155.9898,20.7571],[-156.1035,20.8403]],[[-160.2209,21.8973],[-160.2435,21.8431],[-160.2002,21.7969],[-160.1534,21.8788],[-160.08,21.9074],[-160.0487,22.0046],[-160.1006,22.0152],[-160.2209,21.8973]],[[-157.8296,21.4714],[-157.9625,21.7014],[-158.1231,21.6002],[-158.2731,21.5853],[-158.1104,21.3186],[-157.981,21.3161],[-158.0173,21.3677],[-157.9784,21.3785],[-157.9584,21.3269],[-157.9018,21.3406],[-157.7988,21.2686],[-157.6354,21.3076],[-157.7055,21.3781],[-157.7209,21.4577],[-157.8296,21.4714]],[[-159.5792,22.2231],[-159.7266,22.1402],[-159.7892,22.0418],[-159.6088,21.9095],[-159.4607,21.8761],[-159.3438,21.9736],[-159.3048,22.1541],[-159.3521,22.2196],[-159.5792,22.2231]],[[-156.9418,20.93],[-157.0506,20.9125],[-156.9734,20.7575],[-156.9089,20.7445],[-156.8094,20.8312],[-156.9418,20.93]],[[-177.3541,28.217],[-177.3707,28.2212],[-177.3905,28.1964],[-177.3715,28.2005],[-177.3541,28.217]]]}},{"type":"Feature","properties":{"name":"Oregon","aliases":["Oregon"],"kind":"region"},"geometry":{"type":"MultiLineString","coordinates":[[[-123.2225,46.1544],[-123.4023,46.155],[-123.5216,46.2227],[-123.6736,46.1826],[-123.9117,46.1822],[-123.9893,46.2194],[-123.9471,46.1406],[-123.9293,45.577],[-124.0592,44.7777],[-124.0475,44.4255],[-124.0992,44.3338],[-124.1487,43.6917],[-124.288,43.4097],[-124.1969,43.4233],[-124.3466,43.3417],[-124.5396,42.8129],[-124.4062,42.5837],[-124.4205,42.381],[-124.3553,42.1229],[-124.2274,41.9998]]]}},{"type":"Feature","properties":{"name":"Washington","aliases":["Washington"],"kind":"region"},"geometry":{"type":"MultiLineString","coordinates":[[[-122.8531,47.2047],[-122.8768,47.1861],[-122.9119,47.2543],[-122.8851,47.2747],[-122.8531,47.2047]],[[-122.5068,47.4217],[-122.5099,47.358],[-122.4686,47.3902],[-122.457,47.3593],[-122.3987,47.3725],[-122.4686,47.49],[-122.5068,47.4217]],[[-122.5172,47.6906],[-122.5601,47.6978],[-122.5759,47.6195],[-122.5026,47.5754],[-122.5172,47.6906]],[[-122.918,48.707],[-123.0028,48.6522],[-122.9856,48.6267],[-122.8925,48.5945],[-122.903,48.6647],[-122.8376,48.6266],[-122.7688,48.651],[-122.918,48.707]],[[-122.8689,48.5486],[-122.9323,48.4848],[-122.8366,48.4215],[-122.8146,48.4523],[-122.8689,48.5486]],[[-123.1142,48.6133],[-123.1696,48.5867],[-123.1399,48.508],[-122.9868,48.468],[-123.1142,48.6133]],[[-122.5028,48.0801],[-122.5238,48.0254],[-122.5976,48.2004],[-122.697,48.2287],[-122.5424,48.294],[-122.6286,48.3842],[-122.7415,48.2253],[-122.6227,48.1514],[-122.5575,47.9925],[-122.3832,47.9232],[-122.3667,47.9854],[-122.5028,48.0801]],[[-123.0869,48.9939],[-123.0488,48.9939]],[[-122.7895,48.9937],[-122.6859,48.7943],[-122.653,48.7639],[-122.562,48.778],[-122.5127,48.6694],[-122.4968,48.5056],[-122.669,48.4652],[-122.4085,48.2939],[-122.5203,48.2291],[-122.517,48.1597],[-122.3948,48.0841],[-122.4158,48.1839],[-122.242,48.0107],[-122.4018,47.7843],[-122.3538,47.3716],[-122.5422,47.2756],[-122.6042,47.167],[-122.702,47.1109],[-122.812,47.146],[-123.0276,47.1389],[-122.9195,47.2896],[-122.8285,47.3366],[-122.7678,47.2184],[-122.7077,47.3164],[-122.5779,47.2932],[-122.5574,47.4632],[-122.6755,47.6124],[-122.6136,47.6156],[-122.6302,47.6928],[-122.5239,47.7693],[-122.5328,47.9197],[-122.5857,47.9279],[-122.6082,47.8355],[-122.9825,47.5594],[-123.0602,47.4537],[-123.0668,47.3997],[-122.9222,47.4077],[-123.1042,47.3484],[-123.1391,47.3861],[-123.0506,47.552],[-122.8214,47.7932],[-122.7784,47.7384],[-122.6566,47.8812],[-122.7786,48.1376],[-122.9739,48.0733],[-123.1619,48.1545],[-123.2944,48.1195],[-123.9758,48.1685],[-124.71,48.3804],[-124.6631,47.9741],[-124.376,47.6586],[-124.1393,46.9547],[-124.1117,47.0352],[-123.8429,46.9632],[-124.1125,46.8627],[-124.0717,46.7448],[-123.8892,46.66],[-123.9461,46.4326],[-124.0443,46.6051],[-124.0728,46.2794],[-123.6884,46.2999],[-123.6503,46.2677],[-123.4648,46.2711],[-123.2226,46.1534]]]}}]}
